customer_id,signup_date,gender,age,city,country,acquisition_channel,customer_segment
CUST100233,2023-02-08,Male,40,Toronto,Canada,Social Media,Budget
CUST100101,2023-01-17,Female,47,Dallas,Usa,Email,Premium
CUST103616,2024-07-10,Female,41,Houston,Usa,Direct,Premium
CUST100177,2023-01-30,Male,18,New York,Usa,Social Media,Mainstream
CUST104851,2025-01-25,Male,43,New York,Usa,Paid Search,Mainstream
CUST101623,2023-09-06,Female,33,Seattle,Usa,Paid Search,Budget
CUST103861,2024-08-14,Male,29,Calgary,Canada,Social Media,Mainstream
CUST101768,2023-09-28,Male,45,Chicago,Usa,Direct,Mainstream
CUST100592,2023-04-06,Male,50,Denver,Usa,Social Media,Mainstream
CUST105123,2025-03-11,Male,34,Montreal,Canada,Direct,Premium
CUST101436,2023-08-05,Female,56,Denver,Usa,Paid Search,Mainstream
CUST101084,2023-06-15,Male,35,San Diego,Usa,Organic Search,Premium
CUST106872,2025-12-12,Female,35,San Diego,Usa,Affiliate,Mainstream
CUST101181,2023-06-29,Female,44,Minneapolis,Usa,Social Media,Mainstream
CUST102407,2024-01-01,Male,32,Boston,Usa,Email,Mainstream
CUST105316,2025-04-08,Male,31,San Diego,Usa,Social Media,Budget
CUST102488,2024-01-12,Male,26,Dallas,Usa,Social Media,Budget
CUST104943,2025-02-11,Female,24,Dallas,Usa,Email,Mainstream
CUST103563,2024-07-03,Female,50,Chicago,Usa,Paid Search,Mainstream
CUST103855,2024-08-13,Female,48,Montreal,Canada,Paid Search,Premium
CUST104080,2024-09-16,Female,48,Houston,Usa,Email,Budget
CUST105770,2025-06-18,Female,44,Vancouver,Canada,Organic Search,Premium
CUST101223,2023-07-05,Male,46,Boston,Usa,Email,Mainstream
CUST105080,2025-03-04,Male,32,Atlanta,Usa,Referral,Mainstream
CUST105909,2025-07-09,Male,22,Montreal,Canada,Organic Search,Budget
CUST102572,2024-01-29,Female,42,San Diego,Usa,Paid Search,Premium
CUST102571,2024-01-29,Female,54,Minneapolis,Usa,Organic Search,Budget
CUST100263,2023-02-12,Female,37,Calgary,Canada,Paid Search,Budget
CUST104608,2024-12-14,Male,44,Portland,Usa,Social Media,Budget
CUST102464,2024-01-09,Male,23,Nashville,Usa,Direct,Budget
CUST101042,2023-06-10,Other/Undisclosed,48,Vancouver,Canada,Paid Search,Mainstream
CUST100733,2023-04-25,Male,43,Portland,Usa,Organic Search,Budget
CUST100585,2023-04-05,Male,52,Atlanta,Usa,Social Media,Premium
CUST103904,2024-08-20,Female,46,Minneapolis,Usa,Organic Search,Budget
CUST103197,2024-05-07,Female,19,Chicago,Usa,Social Media,Mainstream
CUST100245,2023-02-09,Male,28,New York,Usa,Affiliate,Mainstream
CUST106757,2025-11-22,Female,43,Minneapolis,Usa,Paid Search,Budget
CUST105849,2025-06-30,Female,41,Toronto,Canada,Paid Search,Budget
CUST106256,2025-09-04,Male,38,Austin,Usa,Organic Search,Mainstream
CUST101978,2023-11-01,Male,30,San Diego,Usa,Email,Budget
CUST102210,2023-12-04,Male,21,Atlanta,Usa,Direct,Mainstream
CUST100932,2023-05-24,Male,40,Boston,Usa,Paid Search,Budget
CUST103548,2024-06-30,Female,33,Vancouver,Canada,Email,Premium
CUST102291,2023-12-16,Male,32,Atlanta,Usa,Organic Search,Mainstream
CUST104739,2025-01-05,Female,35,Portland,Usa,Email,Mainstream
CUST105994,2025-07-21,Female,29,Nashville,Usa,Email,Budget
CUST104402,2024-11-07,Male,51,Phoenix,Usa,Referral,Premium
CUST101385,2023-07-30,Male,26,Dallas,Usa,Affiliate,Mainstream
CUST102173,2023-11-28,Female,26,New York,Usa,Referral,Mainstream
CUST100239,2023-02-09,Female,32,Nashville,Usa,Organic Search,Budget
CUST104740,2025-01-06,Female,22,Seattle,Usa,Direct,Budget
CUST100937,2023-05-25,Female,31,San Diego,Usa,Direct,Premium
CUST105746,2025-06-13,Female,35,Minneapolis,Usa,Social Media,Mainstream
CUST106123,2025-08-11,Male,44,Dallas,Usa,Paid Search,Mainstream
CUST101608,2023-09-04,Female,33,Calgary,Canada,Social Media,Premium
CUST101783,2023-10-01,Female,29,Unknown,Usa,Paid Search,Mainstream
CUST103558,2024-07-02,Male,25,Miami,Usa,Social Media,Premium
CUST104872,2025-01-28,Female,31,Nashville,Usa,Social Media,Mainstream
CUST100696,2023-04-20,Female,48,San Diego,Usa,Paid Search,Budget
CUST103256,2024-05-15,Male,36,Portland,Usa,Paid Search,Premium
CUST100927,2023-05-24,Female,32,Phoenix,Usa,Direct,Mainstream
CUST104338,2024-10-30,Male,27,Portland,Usa,Organic Search,Budget
CUST100842,2023-05-11,Male,52,Nashville,Usa,Social Media,Premium
CUST104871,2025-01-28,Female,40,Boston,Usa,Organic Search,Mainstream
CUST102266,2023-12-13,Female,36,Los Angeles,Usa,Social Media,Budget
CUST105244,2025-03-29,Male,46,Unknown,Usa,Social Media,Premium
CUST102316,2023-12-19,Female,22,Los Angeles,Usa,Paid Search,Budget
CUST100468,2023-03-16,Female,31,Seattle,Usa,Referral,Mainstream
CUST100037,2023-01-06,Male,37,Toronto,Canada,Organic Search,Premium
CUST101057,2023-06-12,Male,21,Houston,Usa,Referral,Premium
CUST104043,2024-09-10,Other/Undisclosed,26,Atlanta,Usa,Social Media,Budget
CUST102929,2024-03-28,Female,37,Miami,Usa,Paid Search,Premium
CUST103352,2024-05-29,Male,38,Houston,Usa,Affiliate,Mainstream
CUST102833,2024-03-12,Female,41,Houston,Usa,Organic Search,Mainstream
CUST101055,2023-06-12,Male,29,Chicago,Usa,Referral,Premium
CUST102972,2024-04-02,Other/Undisclosed,33,Los Angeles,Usa,Paid Search,Premium
CUST105700,2025-06-04,Female,39,Minneapolis,Usa,Organic Search,Mainstream
CUST103050,2024-04-17,Male,33,Vancouver,Canada,Paid Search,Budget
CUST106731,2025-11-18,Male,18,Chicago,Usa,Organic Search,Mainstream
CUST101535,2023-08-21,Female,32,Miami,Usa,Paid Search,Mainstream
CUST100496,2023-03-20,Female,22,Boston,Usa,Direct,Mainstream
CUST106460,2025-10-09,Female,43,Austin,Usa,Organic Search,Mainstream
CUST104290,2024-10-22,Male,38,Seattle,Usa,Referral,Premium
CUST102887,2024-03-22,Female,25,Denver,Usa,Email,Premium
CUST101862,2023-10-13,Female,39,New York,Usa,Referral,Premium
CUST106956,2025-12-23,Female,43,Denver,Usa,Email,Budget
CUST105093,2025-03-07,Female,41,Austin,Usa,Direct,Budget
CUST100332,2023-02-23,Female,36,Los Angeles,Usa,Social Media,Budget
CUST106442,2025-10-07,Male,35,Houston,Usa,Direct,Mainstream
CUST103936,2024-08-26,Female,36,Denver,Usa,Social Media,Mainstream
CUST104520,2024-11-29,Female,46,San Diego,Usa,Referral,Mainstream
CUST102107,2023-11-20,Male,37,New York,Usa,Direct,Premium
CUST104650,2024-12-20,Female,20,Calgary,Canada,Referral,Mainstream
CUST101803,2023-10-05,Female,36,Vancouver,Canada,Affiliate,Budget
CUST101046,2023-06-10,Other/Undisclosed,18,San Diego,Usa,Direct,Mainstream
CUST104458,2024-11-17,Female,36,Seattle,Usa,Organic Search,Premium
CUST105469,2025-04-30,Female,18,Seattle,Usa,Direct,Mainstream
CUST101775,2023-09-29,Male,41,Minneapolis,Usa,Social Media,Mainstream
CUST102063,2023-11-13,Female,32,Phoenix,Usa,Paid Search,Premium
CUST100050,2023-01-08,Male,31,Portland,Usa,Paid Search,Mainstream
CUST103091,2024-04-23,Male,27,Toronto,Canada,Social Media,Mainstream
CUST100576,2023-04-04,Male,31,Houston,Usa,Paid Search,Budget
CUST106099,2025-08-06,Female,31,Seattle,Usa,Organic Search,Mainstream
CUST100230,2023-02-08,Male,48,Toronto,Canada,Organic Search,Mainstream
CUST101992,2023-11-04,Female,27,Phoenix,Usa,Affiliate,Budget
CUST105719,2025-06-08,Female,30,Austin,Usa,Paid Search,Budget
CUST101801,2023-10-04,Male,30,Atlanta,Usa,Social Media,Mainstream
CUST106344,2025-09-22,Female,23,Chicago,Usa,Paid Search,Budget
CUST106177,2025-08-20,Male,27,San Diego,Usa,Email,Premium
CUST101221,2023-07-05,Female,37,Montreal,Canada,Email,Mainstream
CUST100319,2023-02-21,Male,50,San Diego,Usa,Social Media,Mainstream
CUST100764,2023-04-29,Male,36,Montreal,Canada,Paid Search,Premium
CUST104401,2024-11-07,Male,18,Dallas,Usa,Email,Mainstream
CUST102941,2024-03-29,Male,42,Denver,Usa,Social Media,Mainstream
CUST102716,2024-02-21,Female,18,Denver,Usa,Organic Search,Mainstream
CUST100132,2023-01-24,Male,44,Houston,Usa,Referral,Mainstream
CUST105391,2025-04-17,Male,33,Minneapolis,Usa,Social Media,Premium
CUST101005,2023-06-03,Female,38,San Diego,Usa,Social Media,Premium
CUST100734,2023-04-25,Female,55,Seattle,Usa,Organic Search,Budget
CUST105314,2025-04-08,Male,34,Montreal,Canada,Organic Search,Mainstream
CUST106129,2025-08-12,Male,40,Chicago,Usa,Organic Search,Budget
CUST106440,2025-10-06,Male,36,Miami,Usa,Organic Search,Budget
CUST100538,2023-03-27,Female,22,Portland,Usa,Social Media,Mainstream
CUST103771,2024-08-02,Male,23,Seattle,Usa,Organic Search,Mainstream
CUST104634,2024-12-18,Female,37,Calgary,Canada,Referral,Mainstream
CUST103664,2024-07-19,Male,51,Nashville,Usa,Paid Search,Mainstream
CUST104392,2024-11-06,Female,38,Atlanta,Usa,Referral,Mainstream
CUST104314,2024-10-26,Female,40,Los Angeles,Usa,Direct,Mainstream
CUST104898,2025-02-03,Other/Undisclosed,45,Nashville,Usa,Email,Mainstream
CUST102726,2024-02-24,Female,33,Montreal,Canada,Organic Search,Budget
CUST103994,2024-09-03,Male,52,Montreal,Canada,Direct,Mainstream
CUST100642,2023-04-13,Female,27,Vancouver,Canada,Paid Search,Premium
CUST103450,2024-06-12,Male,39,Calgary,Canada,Email,Budget
CUST104506,2024-11-26,Female,43,Atlanta,Usa,Email,Premium
CUST106976,2025-12-27,Female,45,Boston,Usa,Email,Budget
CUST101153,2023-06-25,Female,35,Boston,Usa,Email,Mainstream
CUST100534,2023-03-27,Female,18,Nashville,Usa,Social Media,Mainstream
CUST102687,2024-02-17,Female,28,Los Angeles,Usa,Organic Search,Mainstream
CUST106667,2025-11-08,Male,36,Toronto,Canada,Social Media,Mainstream
CUST102476,2024-01-11,Male,18,Nashville,Usa,Paid Search,Mainstream
CUST103123,2024-04-27,Female,38,Chicago,Usa,Social Media,Mainstream
CUST105773,2025-06-18,Male,47,New York,Usa,Social Media,Mainstream
CUST106240,2025-08-31,Female,37,Denver,Usa,Email,Premium
CUST105886,2025-07-06,Male,31,Nashville,Usa,Organic Search,Mainstream
CUST104317,2024-10-27,Male,47,Los Angeles,Usa,Organic Search,Premium
CUST104001,2024-09-04,Male,53,New York,Usa,Direct,Mainstream
CUST100472,2023-03-16,Female,23,Denver,Usa,Paid Search,Mainstream
CUST105803,2025-06-23,Male,18,Chicago,Usa,Paid Search,Budget
CUST105046,2025-02-27,Male,42,Atlanta,Usa,Social Media,Premium
CUST102498,2024-01-14,Male,29,Chicago,Usa,Affiliate,Premium
CUST101954,2023-10-28,Male,29,Austin,Usa,Direct,Mainstream
CUST101657,2023-09-13,Male,38,Houston,Usa,Paid Search,Premium
CUST105103,2025-03-08,Other/Undisclosed,46,Denver,Usa,Email,Mainstream
CUST105255,2025-03-30,Female,28,Phoenix,Usa,Social Media,Premium
CUST106633,2025-11-01,Male,46,Seattle,Usa,Organic Search,Mainstream
CUST103621,2024-07-10,Female,42,Miami,Usa,Referral,Budget
CUST100079,2023-01-13,Female,28,Calgary,Canada,Email,Budget
CUST100217,2023-02-05,Male,30,Dallas,Usa,Affiliate,Mainstream
CUST105633,2025-05-26,Male,40,Portland,Usa,Social Media,Budget
CUST101079,2023-06-15,Female,25,Nashville,Usa,Direct,Premium
CUST101467,2023-08-09,Female,36,Houston,Usa,Organic Search,Mainstream
CUST105540,2025-05-11,Female,25,Miami,Usa,Referral,Budget
CUST101918,2023-10-23,Female,38,Miami,Usa,Affiliate,Mainstream
CUST101451,2023-08-07,Male,42,Atlanta,Usa,Organic Search,Budget
CUST102688,2024-02-17,Male,18,Houston,Usa,Paid Search,Budget
CUST104077,2024-09-16,Female,18,Vancouver,Canada,Paid Search,Mainstream
CUST100500,2023-03-20,Male,47,Houston,Usa,Organic Search,Mainstream
CUST105050,2025-02-28,Male,23,New York,Usa,Social Media,Mainstream
CUST100833,2023-05-10,Female,31,Minneapolis,Usa,Paid Search,Mainstream
CUST106519,2025-10-16,Male,39,Seattle,Usa,Direct,Budget
CUST106774,2025-11-26,Female,34,Atlanta,Usa,Social Media,Mainstream
CUST101582,2023-08-31,Female,32,Austin,Usa,Email,Budget
CUST100393,2023-03-05,Female,18,Calgary,Canada,Referral,Budget
CUST102273,2023-12-14,Female,51,Boston,Usa,Social Media,Budget
CUST106649,2025-11-04,Male,18,Calgary,Canada,Paid Search,Premium
CUST104584,2024-12-11,Female,36,Calgary,Canada,Referral,Budget
CUST105837,2025-06-28,Female,35,Austin,Usa,Affiliate,Mainstream
CUST106618,2025-10-30,Female,30,Dallas,Usa,Paid Search,Budget
CUST100381,2023-03-03,Male,36,Minneapolis,Usa,Organic Search,Premium
CUST100457,2023-03-15,Male,42,Dallas,Usa,Social Media,Premium
CUST106183,2025-08-20,Female,40,Dallas,Usa,Social Media,Mainstream
CUST102952,2024-03-30,Female,26,Portland,Usa,Paid Search,Mainstream
CUST103316,2024-05-25,Male,20,Toronto,Canada,Social Media,Budget
CUST103774,2024-08-03,Male,32,Atlanta,Usa,Organic Search,Mainstream
CUST101669,2023-09-15,Female,34,Dallas,Usa,Paid Search,Budget
CUST100469,2023-03-16,Female,38,Portland,Usa,Direct,Mainstream
CUST102592,2024-02-01,Male,48,Miami,Usa,Direct,Budget
CUST105070,2025-03-03,Male,47,Toronto,Canada,Referral,Budget
CUST106438,2025-10-06,Male,60,Dallas,Usa,Organic Search,Budget
CUST105640,2025-05-27,Female,27,Montreal,Canada,Organic Search,Budget
CUST104056,2024-09-12,Female,33,Boston,Usa,Paid Search,Mainstream
CUST103768,2024-08-02,Male,28,Denver,Usa,Social Media,Budget
CUST100408,2023-03-07,Female,36,Denver,Usa,Organic Search,Premium
CUST101859,2023-10-12,Male,18,Austin,Usa,Social Media,Mainstream
CUST103689,2024-07-23,Male,32,Austin,Usa,Email,Budget
CUST102206,2023-12-04,Male,65,New York,Usa,Paid Search,Mainstream
CUST103320,2024-05-26,Male,39,Toronto,Canada,Organic Search,Mainstream
CUST103475,2024-06-19,Female,18,Seattle,Usa,Organic Search,Premium
CUST101320,2023-07-20,Male,31,Portland,Usa,Social Media,Budget
CUST103142,2024-05-01,Female,25,Denver,Usa,Social Media,Mainstream
CUST103844,2024-08-12,Female,40,Atlanta,Usa,Organic Search,Budget
CUST100435,2023-03-11,Female,43,New York,Usa,Social Media,Mainstream
CUST102138,2023-11-24,Female,26,Houston,Usa,Referral,Budget
CUST103276,2024-05-19,Female,64,Portland,Usa,Affiliate,Premium
CUST105091,2025-03-06,Female,23,Vancouver,Canada,Social Media,Budget
CUST103574,2024-07-05,Male,33,Los Angeles,Usa,Email,Mainstream
CUST104053,2024-09-12,Female,33,Austin,Usa,Email,Mainstream
CUST106182,2025-08-20,Male,33,Atlanta,Usa,Affiliate,Premium
CUST103692,2024-07-24,Female,34,Minneapolis,Usa,Paid Search,Budget
CUST100321,2023-02-21,Male,34,Denver,Usa,Social Media,Budget
CUST104015,2024-09-07,Female,20,New York,Usa,Paid Search,Budget
CUST106003,2025-07-22,Female,35,Houston,Usa,Paid Search,Mainstream
CUST106688,2025-11-11,Female,41,Seattle,Usa,Email,Premium
CUST106570,2025-10-22,Female,22,Boston,Usa,Email,Budget
CUST105488,2025-05-03,Female,49,Houston,Usa,Social Media,Mainstream
CUST100676,2023-04-17,Male,19,Chicago,Usa,Organic Search,Premium
CUST101550,2023-08-24,Female,19,Seattle,Usa,Email,Budget
CUST101009,2023-06-04,Female,18,Unknown,Usa,Social Media,Premium
CUST102470,2024-01-10,Female,35,Denver,Usa,Organic Search,Mainstream
CUST102298,2023-12-17,Male,48,Boston,Usa,Organic Search,Mainstream
CUST102191,2023-12-01,Female,38,Nashville,Usa,Direct,Budget
CUST105130,2025-03-13,Female,51,Atlanta,Usa,Paid Search,Mainstream
CUST105678,2025-06-01,Male,34,Atlanta,Usa,Organic Search,Mainstream
CUST102549,2024-01-22,Female,29,San Diego,Usa,Paid Search,Mainstream
CUST101965,2023-10-30,Male,37,Minneapolis,Usa,Paid Search,Mainstream
CUST105819,2025-06-25,Female,31,Toronto,Canada,Paid Search,Premium
CUST103852,2024-08-13,Male,30,Portland,Usa,Affiliate,Budget
CUST103425,2024-06-08,Female,18,Denver,Usa,Paid Search,Premium
CUST104639,2024-12-19,Female,39,Miami,Usa,Social Media,Budget
CUST103570,2024-07-04,Male,46,Minneapolis,Usa,Paid Search,Budget
CUST101421,2023-08-04,Female,26,Nashville,Usa,Organic Search,Budget
CUST106375,2025-09-27,Female,22,Seattle,Usa,Direct,Budget
CUST104391,2024-11-06,Male,44,Seattle,Usa,Affiliate,Budget
CUST106499,2025-10-14,Female,43,San Diego,Usa,Referral,Mainstream
CUST102575,2024-01-29,Female,27,Minneapolis,Usa,Direct,Premium
CUST105804,2025-06-24,Female,45,Dallas,Usa,Organic Search,Premium
CUST105775,2025-06-19,Female,40,Miami,Usa,Paid Search,Mainstream
CUST104477,2024-11-22,Male,54,Calgary,Canada,Paid Search,Mainstream
CUST105934,2025-07-13,Male,36,Montreal,Canada,Organic Search,Budget
CUST105589,2025-05-20,Female,21,Nashville,Usa,Paid Search,Mainstream
CUST100706,2023-04-21,Female,53,Denver,Usa,Paid Search,Premium
CUST100185,2023-01-31,Female,18,Los Angeles,Usa,Email,Premium
CUST104578,2024-12-10,Other/Undisclosed,51,Dallas,Usa,Organic Search,Mainstream
CUST102112,2023-11-21,Female,44,Dallas,Usa,Social Media,Budget
CUST104376,2024-11-04,Male,40,Denver,Usa,Email,Premium
CUST102022,2023-11-08,Female,56,Atlanta,Usa,Social Media,Budget
CUST101703,2023-09-20,Female,29,New York,Usa,Social Media,Mainstream
CUST106443,2025-10-07,Male,36,San Diego,Usa,Organic Search,Budget
CUST101600,2023-09-03,Male,37,New York,Usa,Organic Search,Mainstream
CUST102117,2023-11-21,Male,25,Atlanta,Usa,Paid Search,Mainstream
CUST103891,2024-08-19,Female,18,Calgary,Canada,Paid Search,Budget
CUST101425,2023-08-04,Female,22,Boston,Usa,Paid Search,Mainstream
CUST104649,2024-12-20,Female,55,Los Angeles,Usa,Referral,Mainstream
CUST105432,2025-04-24,Female,48,Atlanta,Usa,Paid Search,Budget
CUST106367,2025-09-26,Male,27,Denver,Usa,Organic Search,Budget
CUST104166,2024-10-02,Male,35,Austin,Usa,Social Media,Premium
CUST101261,2023-07-11,Female,35,Calgary,Canada,Email,Mainstream
CUST104102,2024-09-20,Female,59,Montreal,Canada,Organic Search,Budget
CUST101586,2023-09-01,Male,51,Atlanta,Usa,Organic Search,Premium
CUST103297,2024-05-22,Female,58,Atlanta,Usa,Email,Premium
CUST102939,2024-03-29,Male,18,Seattle,Usa,Paid Search,Mainstream
CUST106526,2025-10-17,Male,30,Nashville,Usa,Direct,Budget
CUST104072,2024-09-14,Female,34,Miami,Usa,Email,Premium
CUST106957,2025-12-23,Female,37,Dallas,Usa,Paid Search,Mainstream
CUST103803,2024-08-06,Female,36,Nashville,Usa,Paid Search,Mainstream
CUST103328,2024-05-26,Male,19,Austin,Usa,Social Media,Mainstream
CUST103715,2024-07-26,Female,40,Los Angeles,Usa,Paid Search,Mainstream
CUST101020,2023-06-06,Female,44,Atlanta,Usa,Referral,Premium
CUST103098,2024-04-24,Female,25,Denver,Usa,Direct,Premium
CUST104823,2025-01-19,Male,26,San Diego,Usa,Paid Search,Premium
CUST103442,2024-06-12,Female,25,Nashville,Usa,Social Media,Budget
CUST101499,2023-08-15,Male,40,Toronto,Canada,Paid Search,Budget
CUST101420,2023-08-03,Female,37,Dallas,Usa,Organic Search,Mainstream
CUST102168,2023-11-27,Male,37,Miami,Usa,Direct,Mainstream
CUST100712,2023-04-22,Female,57,Denver,Usa,Social Media,Mainstream
CUST101672,2023-09-15,Male,25,Phoenix,Usa,Social Media,Budget
CUST102441,2024-01-06,Male,18,Atlanta,Usa,Social Media,Mainstream
CUST103306,2024-05-23,Female,35,Seattle,Usa,Referral,Mainstream
CUST102515,2024-01-17,Female,58,Toronto,Canada,Organic Search,Mainstream
CUST102317,2023-12-20,Female,33,Nashville,Usa,Referral,Budget
CUST101729,2023-09-24,Female,39,Atlanta,Usa,Paid Search,Budget
CUST101061,2023-06-12,Female,32,Vancouver,Canada,Email,Budget
CUST103044,2024-04-17,Female,27,San Diego,Usa,Social Media,Mainstream
CUST101562,2023-08-26,Female,40,Nashville,Usa,Direct,Mainstream
CUST104034,2024-09-09,Female,21,Los Angeles,Usa,Paid Search,Mainstream
CUST102029,2023-11-09,Male,28,Minneapolis,Usa,Email,Mainstream
CUST105816,2025-06-25,Male,50,Phoenix,Usa,Organic Search,Mainstream
CUST103532,2024-06-28,Female,25,Montreal,Canada,Organic Search,Premium
CUST100169,2023-01-28,Male,35,Houston,Usa,Organic Search,Mainstream
CUST101372,2023-07-27,Male,18,Toronto,Canada,Organic Search,Budget
CUST103979,2024-09-01,Male,26,Minneapolis,Usa,Social Media,Premium
CUST105690,2025-06-03,Female,33,Boston,Usa,Email,Mainstream
CUST100429,2023-03-10,Male,19,San Diego,Usa,Affiliate,Budget
CUST106901,2025-12-16,Female,30,Los Angeles,Usa,Organic Search,Mainstream
CUST104522,2024-11-29,Male,29,Dallas,Usa,Social Media,Premium
CUST106221,2025-08-28,Other/Undisclosed,64,Phoenix,Usa,Direct,Mainstream
CUST105846,2025-06-30,Female,25,Minneapolis,Usa,Paid Search,Premium
CUST101022,2023-06-06,Male,50,San Diego,Usa,Organic Search,Mainstream
CUST102415,2024-01-02,Male,39,Dallas,Usa,Social Media,Budget
CUST101720,2023-09-22,Female,44,Austin,Usa,Social Media,Mainstream
CUST105162,2025-03-17,Other/Undisclosed,48,Minneapolis,Usa,Email,Budget
CUST104228,2024-10-12,Male,25,Toronto,Canada,Direct,Premium
CUST101617,2023-09-05,Male,45,Unknown,Usa,Organic Search,Mainstream
CUST104664,2024-12-22,Female,33,Los Angeles,Usa,Direct,Budget
CUST100179,2023-01-30,Female,27,Montreal,Canada,Email,Budget
CUST101047,2023-06-10,Female,22,Dallas,Usa,Organic Search,Budget
CUST105641,2025-05-27,Male,36,Phoenix,Usa,Organic Search,Mainstream
CUST102605,2024-02-04,Other/Undisclosed,18,Nashville,Usa,Direct,Premium
CUST100503,2023-03-20,Female,42,New York,Usa,Affiliate,Mainstream
CUST104836,2025-01-22,Male,22,Nashville,Usa,Referral,Budget
CUST100511,2023-03-22,Female,43,Dallas,Usa,Organic Search,Mainstream
CUST103414,2024-06-07,Male,41,Miami,Usa,Social Media,Mainstream
CUST105100,2025-03-08,Female,29,Montreal,Canada,Email,Mainstream
CUST104046,2024-09-10,Female,18,New York,Usa,Affiliate,Mainstream
CUST101477,2023-08-10,Female,50,Los Angeles,Usa,Email,Mainstream
CUST104733,2025-01-05,Male,47,Austin,Usa,Direct,Mainstream
CUST104060,2024-09-13,Male,50,Dallas,Usa,Email,Premium
CUST100168,2023-01-28,Female,24,Minneapolis,Usa,Direct,Budget
CUST104438,2024-11-13,Female,27,Portland,Usa,Direct,Mainstream
CUST103214,2024-05-09,Male,31,San Diego,Usa,Paid Search,Premium
CUST106461,2025-10-09,Female,52,Calgary,Canada,Paid Search,Mainstream
CUST106482,2025-10-12,Other/Undisclosed,49,Dallas,Usa,Email,Mainstream
CUST102981,2024-04-03,Female,53,Toronto,Canada,Organic Search,Mainstream
CUST100752,2023-04-27,Female,39,Phoenix,Usa,Organic Search,Mainstream
CUST102473,2024-01-10,Other/Undisclosed,32,Houston,Usa,Organic Search,Budget
CUST105777,2025-06-19,Female,32,Boston,Usa,Social Media,Premium
CUST101595,2023-09-02,Female,26,New York,Usa,Referral,Premium
CUST102447,2024-01-07,Male,26,New York,Usa,Organic Search,Mainstream
CUST106021,2025-07-24,Male,18,New York,Usa,Email,Premium
CUST103285,2024-05-20,Female,18,Minneapolis,Usa,Organic Search,Budget
CUST106275,2025-09-07,Female,33,Dallas,Usa,Paid Search,Mainstream
CUST105976,2025-07-20,Female,32,Austin,Usa,Organic Search,Mainstream
CUST103469,2024-06-18,Male,56,Miami,Usa,Paid Search,Budget
CUST105598,2025-05-21,Female,39,Unknown,Usa,Referral,Premium
CUST104998,2025-02-19,Female,38,New York,Usa,Organic Search,Mainstream
CUST106925,2025-12-20,Female,26,Austin,Usa,Paid Search,Mainstream
CUST106947,2025-12-22,Female,40,Miami,Usa,Direct,Premium
CUST102677,2024-02-15,Female,36,Toronto,Canada,Paid Search,Budget
CUST103646,2024-07-17,Female,18,San Diego,Usa,Direct,Mainstream
CUST106850,2025-12-08,Female,25,Nashville,Usa,Social Media,Mainstream
CUST105722,2025-06-09,Female,34,Boston,Usa,Direct,Budget
CUST106248,2025-09-02,Male,22,Nashville,Usa,Organic Search,Premium
CUST104997,2025-02-19,Male,36,Denver,Usa,Paid Search,Mainstream
CUST101643,2023-09-10,Male,47,Phoenix,Usa,Direct,Premium
CUST105736,2025-06-12,Female,49,Nashville,Usa,Social Media,Mainstream
CUST104129,2024-09-26,Male,48,Portland,Usa,Organic Search,Budget
CUST102283,2023-12-15,Male,40,New York,Usa,Referral,Mainstream
CUST104112,2024-09-22,Male,23,Dallas,Usa,Referral,Budget
CUST101201,2023-07-01,Female,42,Minneapolis,Usa,Affiliate,Mainstream
CUST105081,2025-03-05,Female,18,New York,Usa,Organic Search,Mainstream
CUST106262,2025-09-04,Male,49,Toronto,Canada,Organic Search,Mainstream
CUST105571,2025-05-17,Female,36,Houston,Usa,Organic Search,Budget
CUST105372,2025-04-15,Female,45,Chicago,Usa,Social Media,Mainstream
CUST103815,2024-08-07,Female,29,Minneapolis,Usa,Affiliate,Mainstream
CUST104884,2025-01-30,Female,36,Denver,Usa,Referral,Mainstream
CUST103927,2024-08-24,Female,28,San Diego,Usa,Direct,Mainstream
CUST103685,2024-07-22,Female,23,Vancouver,Canada,Affiliate,Mainstream
CUST101871,2023-10-15,Other/Undisclosed,36,Seattle,Usa,Referral,Premium
CUST100080,2023-01-13,Male,40,Seattle,Usa,Email,Premium
CUST106718,2025-11-16,Female,27,Chicago,Usa,Paid Search,Budget
CUST106243,2025-09-01,Male,34,Atlanta,Usa,Referral,Premium
CUST105009,2025-02-21,Male,35,Nashville,Usa,Social Media,Budget
CUST105466,2025-04-30,Female,32,New York,Usa,Paid Search,Premium
CUST100095,2023-01-16,Other/Undisclosed,18,Atlanta,Usa,Email,Budget
CUST104815,2025-01-17,Female,47,Nashville,Usa,Direct,Budget
CUST104857,2025-01-26,Female,43,Boston,Usa,Organic Search,Mainstream
CUST106630,2025-11-01,Male,37,Los Angeles,Usa,Referral,Budget
CUST102543,2024-01-21,Other/Undisclosed,52,Nashville,Usa,Paid Search,Mainstream
CUST104447,2024-11-16,Female,33,Minneapolis,Usa,Organic Search,Mainstream
CUST104054,2024-09-12,Male,22,Vancouver,Canada,Affiliate,Mainstream
CUST104789,2025-01-13,Female,29,Montreal,Canada,Paid Search,Mainstream
CUST104348,2024-10-31,Female,28,Toronto,Canada,Affiliate,Mainstream
CUST101281,2023-07-14,Other/Undisclosed,26,Unknown,Usa,Paid Search,Budget
CUST105848,2025-06-30,Male,53,Denver,Usa,Social Media,Budget
CUST106211,2025-08-25,Female,50,San Diego,Usa,Paid Search,Premium
CUST106322,2025-09-16,Female,54,Denver,Usa,Affiliate,Mainstream
CUST105014,2025-02-22,Female,35,Vancouver,Canada,Paid Search,Budget
CUST102499,2024-01-14,Male,51,Phoenix,Usa,Social Media,Budget
CUST103133,2024-04-29,Male,34,Austin,Usa,Organic Search,Mainstream
CUST102984,2024-04-04,Other/Undisclosed,21,Nashville,Usa,Organic Search,Budget
CUST104563,2024-12-06,Male,19,Minneapolis,Usa,Organic Search,Mainstream
CUST105987,2025-07-20,Female,36,New York,Usa,Affiliate,Budget
CUST100437,2023-03-12,Male,35,Toronto,Canada,Organic Search,Mainstream
CUST101335,2023-07-23,Male,41,Phoenix,Usa,Direct,Premium
CUST101807,2023-10-05,Female,25,Houston,Usa,Affiliate,Budget
CUST100756,2023-04-27,Female,29,Minneapolis,Usa,Organic Search,Budget
CUST104292,2024-10-22,Female,57,Seattle,Usa,Paid Search,Mainstream
CUST104559,2024-12-05,Male,40,San Diego,Usa,Organic Search,Premium
CUST103071,2024-04-20,Female,32,Minneapolis,Usa,Social Media,Mainstream
CUST106246,2025-09-01,Male,34,Portland,Usa,Social Media,Premium
CUST106781,2025-11-27,Male,33,Phoenix,Usa,Social Media,Budget
CUST106851,2025-12-08,Female,52,Dallas,Usa,Affiliate,Mainstream
CUST103551,2024-06-30,Female,33,Portland,Usa,Organic Search,Premium
CUST102550,2024-01-22,Female,50,Houston,Usa,Paid Search,Budget
CUST106522,2025-10-16,Female,37,Minneapolis,Usa,Referral,Mainstream
CUST106600,2025-10-26,Other/Undisclosed,51,Austin,Usa,Email,Mainstream
CUST103893,2024-08-19,Male,39,Minneapolis,Usa,Referral,Budget
CUST101569,2023-08-28,Female,49,Houston,Usa,Paid Search,Mainstream
CUST105996,2025-07-21,Female,38,Chicago,Usa,Paid Search,Premium
CUST106542,2025-10-18,Male,37,Minneapolis,Usa,Social Media,Mainstream
CUST106707,2025-11-15,Female,27,New York,Usa,Organic Search,Budget
CUST100543,2023-03-28,Male,36,Phoenix,Usa,Referral,Mainstream
CUST103497,2024-06-23,Female,36,Austin,Usa,Email,Budget
CUST103639,2024-07-15,Female,35,Portland,Usa,Email,Premium
CUST101097,2023-06-17,Female,23,Calgary,Canada,Organic Search,Mainstream
CUST106403,2025-10-02,Female,38,Atlanta,Usa,Organic Search,Mainstream
CUST101315,2023-07-19,Female,25,Vancouver,Canada,Organic Search,Budget
CUST106115,2025-08-09,Female,35,Houston,Usa,Paid Search,Mainstream
CUST102245,2023-12-10,Female,47,Portland,Usa,Affiliate,Budget
CUST101670,2023-09-15,Male,32,Montreal,Canada,Email,Mainstream
CUST102868,2024-03-17,Female,37,Denver,Usa,Direct,Mainstream
CUST106362,2025-09-25,Female,41,Miami,Usa,Paid Search,Premium
CUST104625,2024-12-16,Female,45,New York,Usa,Organic Search,Budget
CUST106041,2025-07-28,Male,31,Los Angeles,Usa,Referral,Premium
CUST105694,2025-06-03,Female,54,Austin,Usa,Affiliate,Mainstream
CUST103003,2024-04-08,Male,23,Denver,Usa,Organic Search,Mainstream
CUST103922,2024-08-23,Female,41,Atlanta,Usa,Organic Search,Mainstream
CUST102164,2023-11-27,Female,35,Chicago,Usa,Social Media,Mainstream
CUST102846,2024-03-15,Male,36,Boston,Usa,Paid Search,Mainstream
CUST101732,2023-09-24,Female,32,Vancouver,Canada,Affiliate,Premium
CUST102705,2024-02-20,Male,39,Nashville,Usa,Organic Search,Premium
CUST104446,2024-11-16,Male,35,Phoenix,Usa,Social Media,Budget
CUST104041,2024-09-10,Female,34,Calgary,Canada,Social Media,Budget
CUST100544,2023-03-28,Female,29,Denver,Usa,Organic Search,Mainstream
CUST100473,2023-03-16,Female,18,Miami,Usa,Referral,Budget
CUST100061,2023-01-09,Female,43,Toronto,Canada,Paid Search,Mainstream
CUST105266,2025-04-01,Male,36,Atlanta,Usa,Social Media,Budget
CUST105903,2025-07-08,Female,36,Denver,Usa,Social Media,Mainstream
CUST101683,2023-09-17,Male,36,Austin,Usa,Direct,Budget
CUST106477,2025-10-11,Male,26,Atlanta,Usa,Paid Search,Premium
CUST102748,2024-02-28,Male,47,Chicago,Usa,Paid Search,Mainstream
CUST102522,2024-01-18,Female,48,Montreal,Canada,Social Media,Mainstream
CUST102623,2024-02-07,Female,32,Toronto,Canada,Affiliate,Premium
CUST105607,2025-05-22,Female,39,Miami,Usa,Paid Search,Mainstream
CUST105012,2025-02-21,Female,31,Nashville,Usa,Referral,Mainstream
CUST101193,2023-07-01,Male,58,San Diego,Usa,Organic Search,Premium
CUST106501,2025-10-14,Male,61,Los Angeles,Usa,Organic Search,Budget
CUST105570,2025-05-17,Female,36,Los Angeles,Usa,Direct,Mainstream
CUST105793,2025-06-22,Female,33,Denver,Usa,Email,Budget
CUST101295,2023-07-16,Female,32,Nashville,Usa,Social Media,Budget
CUST103889,2024-08-18,Female,37,New York,Usa,Organic Search,Budget
CUST100019,2023-01-04,Male,55,Vancouver,Canada,Organic Search,Mainstream
CUST104888,2025-02-01,Female,35,Atlanta,Usa,Organic Search,Budget
CUST105543,2025-05-12,Male,29,Houston,Usa,Organic Search,Mainstream
CUST104229,2024-10-12,Female,35,Austin,Usa,Organic Search,Mainstream
CUST104619,2024-12-15,Male,27,Atlanta,Usa,Organic Search,Budget
CUST100852,2023-05-12,Male,49,San Diego,Usa,Organic Search,Budget
CUST104176,2024-10-04,Female,27,Seattle,Usa,Paid Search,Budget
CUST103613,2024-07-09,Female,31,Minneapolis,Usa,Social Media,Budget
CUST104368,2024-11-03,Male,46,Austin,Usa,Email,Budget
CUST104516,2024-11-28,Male,24,Austin,Usa,Organic Search,Budget
CUST106064,2025-07-31,Male,38,Los Angeles,Usa,Social Media,Premium
CUST101321,2023-07-20,Female,36,Dallas,Usa,Organic Search,Mainstream
CUST104374,2024-11-04,Female,41,San Diego,Usa,Paid Search,Budget
CUST105771,2025-06-18,Male,53,Seattle,Usa,Organic Search,Mainstream
CUST104329,2024-10-29,Female,30,Chicago,Usa,Direct,Mainstream
CUST104416,2024-11-09,Male,52,Los Angeles,Usa,Affiliate,Premium
CUST101882,2023-10-16,Male,18,Miami,Usa,Paid Search,Budget
CUST103027,2024-04-13,Female,35,Calgary,Canada,Direct,Mainstream
CUST105723,2025-06-09,Male,39,Atlanta,Usa,Organic Search,Mainstream
CUST102031,2023-11-09,Male,32,Austin,Usa,Affiliate,Mainstream
CUST103077,2024-04-21,Male,55,San Diego,Usa,Paid Search,Mainstream
CUST101941,2023-10-27,Male,36,Portland,Usa,Organic Search,Budget
CUST104756,2025-01-08,Male,18,Denver,Usa,Referral,Mainstream
CUST102306,2023-12-18,Male,36,Atlanta,Usa,Referral,Budget
CUST103799,2024-08-06,Male,54,Atlanta,Usa,Direct,Mainstream
CUST100247,2023-02-09,Male,43,Portland,Usa,Affiliate,Premium
CUST106126,2025-08-12,Female,40,Chicago,Usa,Paid Search,Budget
CUST106715,2025-11-16,Male,57,Seattle,Usa,Social Media,Premium
CUST103593,2024-07-07,Male,23,Boston,Usa,Direct,Premium
CUST103412,2024-06-07,Male,24,Los Angeles,Usa,Paid Search,Mainstream
CUST103377,2024-06-02,Female,30,Minneapolis,Usa,Paid Search,Mainstream
CUST103016,2024-04-10,Male,63,Atlanta,Usa,Paid Search,Budget
CUST104905,2025-02-04,Male,50,Seattle,Usa,Organic Search,Mainstream
CUST102432,2024-01-05,Female,26,Unknown,Usa,Organic Search,Mainstream
CUST101718,2023-09-22,Female,27,Los Angeles,Usa,Email,Budget
CUST102189,2023-12-01,Male,27,Phoenix,Usa,Organic Search,Mainstream
CUST103100,2024-04-24,Female,22,Houston,Usa,Direct,Mainstream
CUST101795,2023-10-02,Male,64,Atlanta,Usa,Organic Search,Budget
CUST106531,2025-10-17,Male,40,Dallas,Usa,Organic Search,Budget
CUST102804,2024-03-07,Male,43,Atlanta,Usa,Social Media,Mainstream
CUST104154,2024-09-30,Female,49,Seattle,Usa,Organic Search,Budget
CUST100228,2023-02-07,Male,55,Boston,Usa,Social Media,Premium
CUST103956,2024-08-29,Male,35,Houston,Usa,Organic Search,Mainstream
CUST104610,2024-12-14,Female,55,Seattle,Usa,Social Media,Premium
CUST102127,2023-11-23,Male,31,Boston,Usa,Affiliate,Mainstream
CUST100017,2023-01-04,Female,32,Boston,Usa,Affiliate,Mainstream
CUST101618,2023-09-06,Female,52,Boston,Usa,Referral,Premium
CUST103499,2024-06-23,Male,40,Toronto,Canada,Organic Search,Budget
CUST103305,2024-05-23,Male,40,Montreal,Canada,Paid Search,Mainstream
CUST102925,2024-03-27,Female,28,Portland,Usa,Social Media,Premium
CUST104902,2025-02-03,Male,39,Boston,Usa,Direct,Budget
CUST104990,2025-02-17,Female,45,Austin,Usa,Paid Search,Budget
CUST104487,2024-11-23,Male,55,Dallas,Usa,Paid Search,Mainstream
CUST102387,2023-12-29,Female,29,Portland,Usa,Organic Search,Mainstream
CUST102944,2024-03-30,Female,36,Phoenix,Usa,Organic Search,Budget
CUST102404,2024-01-01,Female,37,Houston,Usa,Paid Search,Premium
CUST100683,2023-04-18,Female,18,Phoenix,Usa,Paid Search,Mainstream
CUST102505,2024-01-15,Female,32,Dallas,Usa,Affiliate,Mainstream
CUST105875,2025-07-04,Female,20,Miami,Usa,Organic Search,Budget
CUST102154,2023-11-26,Female,28,Austin,Usa,Organic Search,Mainstream
CUST101168,2023-06-27,Male,41,Austin,Usa,Direct,Mainstream
CUST101880,2023-10-16,Female,42,Phoenix,Usa,Paid Search,Mainstream
CUST102153,2023-11-26,Female,49,Vancouver,Canada,Direct,Mainstream
CUST104074,2024-09-15,Female,43,Dallas,Usa,Organic Search,Mainstream
CUST102345,2023-12-24,Male,42,Seattle,Usa,Organic Search,Mainstream
CUST100031,2023-01-06,Female,32,New York,Usa,Email,Premium
CUST100625,2023-04-10,Female,43,Denver,Usa,Organic Search,Mainstream
CUST104839,2025-01-22,Male,35,San Diego,Usa,Paid Search,Budget
CUST102650,2024-02-11,Male,43,Minneapolis,Usa,Paid Search,Budget
CUST101087,2023-06-16,Male,40,Chicago,Usa,Social Media,Premium
CUST105307,2025-04-06,Male,20,Minneapolis,Usa,Email,Mainstream
CUST102771,2024-03-03,Female,31,New York,Usa,Email,Budget
CUST100535,2023-03-27,Female,36,Miami,Usa,Paid Search,Mainstream
CUST103095,2024-04-23,Female,23,Los Angeles,Usa,Organic Search,Budget
CUST102183,2023-11-30,Male,20,Dallas,Usa,Paid Search,Premium
CUST100096,2023-01-16,Male,30,Boston,Usa,Social Media,Premium
CUST103559,2024-07-02,Female,23,Dallas,Usa,Direct,Budget
CUST102348,2023-12-24,Female,37,Denver,Usa,Affiliate,Budget
CUST105193,2025-03-21,Female,38,Atlanta,Usa,Social Media,Budget
CUST100156,2023-01-27,Female,49,Atlanta,Usa,Organic Search,Mainstream
CUST103668,2024-07-20,Female,41,Los Angeles,Usa,Affiliate,Budget
CUST103129,2024-04-28,Male,29,Chicago,Usa,Email,Premium
CUST102746,2024-02-28,Male,29,New York,Usa,Organic Search,Budget
CUST101108,2023-06-18,Female,33,Minneapolis,Usa,Direct,Mainstream
CUST100425,2023-03-09,Male,36,San Diego,Usa,Paid Search,Mainstream
CUST101373,2023-07-27,Male,28,Minneapolis,Usa,Paid Search,Budget
CUST102618,2024-02-06,Male,25,Chicago,Usa,Social Media,Budget
CUST101839,2023-10-09,Female,27,Portland,Usa,Direct,Budget
CUST100447,2023-03-13,Female,48,Los Angeles,Usa,Paid Search,Budget
CUST101078,2023-06-15,Female,18,Seattle,Usa,Direct,Premium
CUST105238,2025-03-28,Male,35,Los Angeles,Usa,Paid Search,Mainstream
CUST101090,2023-06-16,Female,32,Montreal,Canada,Organic Search,Mainstream
CUST102227,2023-12-07,Female,22,Atlanta,Usa,Paid Search,Mainstream
CUST103961,2024-08-30,Male,38,Atlanta,Usa,Email,Mainstream
CUST102462,2024-01-09,Female,30,Nashville,Usa,Organic Search,Premium
CUST100811,2023-05-07,Male,59,Miami,Usa,Organic Search,Mainstream
CUST104094,2024-09-18,Male,35,Miami,Usa,Paid Search,Mainstream
CUST100742,2023-04-26,Female,43,Phoenix,Usa,Email,Budget
CUST106048,2025-07-30,Female,31,Denver,Usa,Paid Search,Budget
CUST102864,2024-03-17,Male,40,Miami,Usa,Social Media,Mainstream
CUST102083,2023-11-16,Male,27,Chicago,Usa,Organic Search,Budget
CUST103181,2024-05-05,Male,39,Austin,Usa,Email,Mainstream
CUST103235,2024-05-12,Other/Undisclosed,41,Seattle,Usa,Affiliate,Premium
CUST105735,2025-06-12,Female,26,Phoenix,Usa,Social Media,Budget
CUST101297,2023-07-16,Female,28,Unknown,Usa,Social Media,Mainstream
CUST102251,2023-12-11,Female,33,Seattle,Usa,Paid Search,Budget
CUST100093,2023-01-16,Female,27,Austin,Usa,Organic Search,Mainstream
CUST104019,2024-09-08,Female,36,Austin,Usa,Affiliate,Budget
CUST103817,2024-08-07,Other/Undisclosed,25,Portland,Usa,Paid Search,Mainstream
CUST105749,2025-06-14,Male,40,Phoenix,Usa,Organic Search,Mainstream
CUST104593,2024-12-12,Other/Undisclosed,35,Portland,Usa,Social Media,Premium
CUST101728,2023-09-24,Female,33,Seattle,Usa,Social Media,Mainstream
CUST102344,2023-12-24,Female,20,Houston,Usa,Paid Search,Premium
CUST102465,2024-01-09,Female,54,Minneapolis,Usa,Direct,Mainstream
CUST102077,2023-11-15,Male,44,San Diego,Usa,Email,Premium
CUST100476,2023-03-17,Female,35,Chicago,Usa,Social Media,Mainstream
CUST105624,2025-05-25,Male,38,Austin,Usa,Email,Budget
CUST106599,2025-10-26,Female,33,Atlanta,Usa,Organic Search,Premium
CUST104237,2024-10-13,Female,53,Phoenix,Usa,Organic Search,Mainstream
CUST105958,2025-07-17,Male,31,Miami,Usa,Referral,Budget
CUST104881,2025-01-30,Male,27,Houston,Usa,Email,Premium
CUST104602,2024-12-13,Male,34,Nashville,Usa,Organic Search,Mainstream
CUST106631,2025-11-01,Female,40,Phoenix,Usa,Email,Mainstream
CUST102957,2024-03-31,Male,53,Boston,Usa,Social Media,Budget
CUST102357,2023-12-26,Female,45,Miami,Usa,Direct,Mainstream
CUST106720,2025-11-17,Male,35,Phoenix,Usa,Organic Search,Budget
CUST101539,2023-08-23,Male,50,New York,Usa,Email,Budget
CUST102588,2024-01-31,Female,34,Seattle,Usa,Paid Search,Mainstream
CUST104352,2024-11-01,Male,36,Atlanta,Usa,Email,Premium
CUST100487,2023-03-18,Female,32,Nashville,Usa,Social Media,Mainstream
CUST106561,2025-10-22,Female,36,Phoenix,Usa,Paid Search,Premium
CUST103422,2024-06-08,Female,34,Atlanta,Usa,Organic Search,Budget
CUST101144,2023-06-24,Female,47,Dallas,Usa,Direct,Budget
CUST105897,2025-07-07,Male,54,Minneapolis,Usa,Social Media,Mainstream
CUST100561,2023-04-01,Male,47,New York,Usa,Organic Search,Premium
CUST105975,2025-07-20,Other/Undisclosed,33,Los Angeles,Usa,Direct,Mainstream
CUST101782,2023-09-30,Other/Undisclosed,38,Houston,Usa,Direct,Premium
CUST106512,2025-10-15,Female,18,Houston,Usa,Organic Search,Budget
CUST100334,2023-02-24,Female,41,Toronto,Canada,Referral,Budget
CUST106841,2025-12-06,Other/Undisclosed,45,Seattle,Usa,Email,Mainstream
CUST105220,2025-03-26,Male,36,Miami,Usa,Organic Search,Budget
CUST101902,2023-10-19,Female,44,Seattle,Usa,Social Media,Budget
CUST100023,2023-01-05,Female,32,Chicago,Usa,Email,Budget
CUST104855,2025-01-25,Male,39,Phoenix,Usa,Paid Search,Premium
CUST101406,2023-08-02,Male,58,Houston,Usa,Affiliate,Premium
CUST106050,2025-07-30,Male,50,Los Angeles,Usa,Email,Premium
CUST105866,2025-07-03,Male,18,Denver,Usa,Social Media,Budget
CUST104436,2024-11-13,Female,56,Boston,Usa,Email,Mainstream
CUST101606,2023-09-04,Female,45,Chicago,Usa,Social Media,Premium
CUST105908,2025-07-09,Male,33,Atlanta,Usa,Organic Search,Mainstream
CUST101174,2023-06-28,Male,39,Phoenix,Usa,Paid Search,Mainstream
CUST102155,2023-11-26,Female,24,Minneapolis,Usa,Referral,Mainstream
CUST105374,2025-04-15,Female,22,Seattle,Usa,Direct,Budget
CUST102418,2024-01-03,Male,29,Portland,Usa,Paid Search,Budget
CUST103992,2024-09-03,Male,18,Phoenix,Usa,Organic Search,Mainstream
CUST102697,2024-02-19,Female,27,Minneapolis,Usa,Direct,Premium
CUST106144,2025-08-15,Male,19,Atlanta,Usa,Direct,Mainstream
CUST106176,2025-08-20,Male,40,Minneapolis,Usa,Paid Search,Budget
CUST101002,2023-06-03,Male,49,Los Angeles,Usa,Referral,Mainstream
CUST106565,2025-10-22,Male,48,Austin,Usa,Organic Search,Mainstream
CUST106249,2025-09-02,Female,25,Austin,Usa,Email,Budget
CUST104189,2024-10-06,Female,26,Boston,Usa,Organic Search,Mainstream
CUST101498,2023-08-15,Female,35,Portland,Usa,Referral,Budget
CUST100994,2023-06-02,Female,48,Boston,Usa,Paid Search,Mainstream
CUST105955,2025-07-16,Female,53,Miami,Usa,Referral,Budget
CUST103886,2024-08-18,Female,34,Boston,Usa,Paid Search,Mainstream
CUST104707,2024-12-31,Female,34,Boston,Usa,Referral,Budget
CUST101075,2023-06-14,Female,45,San Diego,Usa,Organic Search,Mainstream
CUST102328,2023-12-21,Female,61,Austin,Usa,Social Media,Budget
CUST104319,2024-10-27,Female,39,Seattle,Usa,Referral,Premium
CUST100800,2023-05-05,Female,44,Vancouver,Canada,Organic Search,Budget
CUST106072,2025-08-01,Female,46,New York,Usa,Referral,Budget
CUST101860,2023-10-12,Male,32,Seattle,Usa,Direct,Budget
CUST106861,2025-12-10,Female,29,Vancouver,Canada,Paid Search,Premium
CUST106662,2025-11-06,Female,44,Los Angeles,Usa,Organic Search,Premium
CUST102095,2023-11-18,Male,22,Boston,Usa,Paid Search,Budget
CUST100378,2023-03-03,Female,27,Miami,Usa,Direct,Premium
CUST106919,2025-12-19,Male,37,Atlanta,Usa,Social Media,Budget
CUST105057,2025-03-01,Male,37,Miami,Usa,Paid Search,Budget
CUST100199,2023-02-03,Female,46,Portland,Usa,Direct,Budget
CUST103869,2024-08-15,Male,35,Dallas,Usa,Social Media,Mainstream
CUST102722,2024-02-23,Male,24,Vancouver,Canada,Paid Search,Mainstream
CUST104847,2025-01-24,Female,26,Boston,Usa,Organic Search,Mainstream
CUST103653,2024-07-18,Male,41,Unknown,Usa,Organic Search,Premium
CUST104096,2024-09-18,Female,30,Phoenix,Usa,Referral,Mainstream
CUST102260,2023-12-12,Female,41,Los Angeles,Usa,Organic Search,Premium
CUST101730,2023-09-24,Male,21,Chicago,Usa,Referral,Premium
CUST103543,2024-06-29,Female,18,Houston,Usa,Paid Search,Budget
CUST101912,2023-10-22,Female,34,Minneapolis,Usa,Direct,Mainstream
CUST101244,2023-07-09,Female,41,San Diego,Usa,Affiliate,Budget
CUST103269,2024-05-18,Female,35,Denver,Usa,Organic Search,Mainstream
CUST101744,2023-09-26,Female,36,New York,Usa,Email,Mainstream
CUST102829,2024-03-11,Female,27,Calgary,Canada,Social Media,Budget
CUST100736,2023-04-25,Female,41,Montreal,Canada,Email,Mainstream
CUST101741,2023-09-25,Female,25,Chicago,Usa,Direct,Premium
CUST106219,2025-08-28,Female,47,Vancouver,Canada,Organic Search,Mainstream
CUST106882,2025-12-14,Female,37,Atlanta,Usa,Organic Search,Budget
CUST104666,2024-12-22,Male,49,Dallas,Usa,Direct,Mainstream
CUST104678,2024-12-24,Female,33,Calgary,Canada,Referral,Mainstream
CUST106108,2025-08-07,Other/Undisclosed,35,Minneapolis,Usa,Paid Search,Premium
CUST102718,2024-02-22,Female,49,Unknown,Usa,Organic Search,Budget
CUST103006,2024-04-08,Male,37,Dallas,Usa,Social Media,Mainstream
CUST106247,2025-09-01,Male,53,New York,Usa,Organic Search,Budget
CUST101158,2023-06-26,Male,46,Phoenix,Usa,Paid Search,Mainstream
CUST101533,2023-08-21,Female,29,Houston,Usa,Organic Search,Premium
CUST105518,2025-05-08,Male,18,Minneapolis,Usa,Social Media,Mainstream
CUST104359,2024-11-02,Male,20,Houston,Usa,Social Media,Premium
CUST105446,2025-04-26,Female,42,Portland,Usa,Organic Search,Budget
CUST100960,2023-05-28,Female,55,Atlanta,Usa,Referral,Premium
CUST100547,2023-03-29,Female,30,Boston,Usa,Direct,Premium
CUST105160,2025-03-17,Female,24,Miami,Usa,Direct,Budget
CUST101328,2023-07-21,Male,43,Boston,Usa,Affiliate,Mainstream
CUST101041,2023-06-09,Female,20,Calgary,Canada,Email,Premium
CUST101414,2023-08-02,Female,36,San Diego,Usa,Email,Budget
CUST106143,2025-08-14,Female,44,Nashville,Usa,Organic Search,Mainstream
CUST104151,2024-09-29,Female,36,Phoenix,Usa,Organic Search,Premium
CUST101345,2023-07-24,Female,23,Seattle,Usa,Email,Mainstream
CUST104092,2024-09-18,Male,32,Boston,Usa,Organic Search,Mainstream
CUST103841,2024-08-12,Female,29,Portland,Usa,Organic Search,Budget
CUST106296,2025-09-11,Female,56,Austin,Usa,Social Media,Budget
CUST104370,2024-11-03,Female,36,Miami,Usa,Paid Search,Budget
CUST100970,2023-05-30,Male,33,Portland,Usa,Direct,Premium
CUST105460,2025-04-28,Female,50,Montreal,Canada,Affiliate,Budget
CUST105285,2025-04-03,Female,45,Minneapolis,Usa,Organic Search,Mainstream
CUST104269,2024-10-18,Male,48,New York,Usa,Direct,Budget
CUST106125,2025-08-12,Male,30,Houston,Usa,Affiliate,Mainstream
CUST102399,2023-12-31,Female,43,Nashville,Usa,Affiliate,Mainstream
CUST100518,2023-03-23,Female,46,New York,Usa,Email,Mainstream
CUST100611,2023-04-09,Male,43,Seattle,Usa,Paid Search,Premium
CUST106473,2025-10-11,Female,46,Chicago,Usa,Organic Search,Mainstream
CUST105812,2025-06-24,Female,27,Minneapolis,Usa,Email,Budget
CUST102825,2024-03-11,Female,38,Denver,Usa,Paid Search,Budget
CUST103470,2024-06-18,Male,37,Denver,Usa,Direct,Mainstream
CUST100491,2023-03-19,Female,19,Boston,Usa,Paid Search,Budget
CUST103513,2024-06-25,Male,46,Montreal,Canada,Organic Search,Premium
CUST102764,2024-03-02,Female,42,San Diego,Usa,Organic Search,Mainstream
CUST100323,2023-02-21,Female,42,Dallas,Usa,Social Media,Premium
CUST103802,2024-08-06,Male,44,Montreal,Canada,Social Media,Mainstream
CUST104456,2024-11-17,Female,18,Seattle,Usa,Affiliate,Premium
CUST101410,2023-08-02,Female,32,Denver,Usa,Organic Search,Mainstream
CUST106859,2025-12-09,Male,39,San Diego,Usa,Paid Search,Premium
CUST105403,2025-04-19,Female,45,Austin,Usa,Social Media,Budget
CUST106825,2025-12-04,Female,45,Toronto,Canada,Social Media,Premium
CUST100324,2023-02-22,Male,44,Miami,Usa,Email,Mainstream
CUST103720,2024-07-27,Female,50,Minneapolis,Usa,Social Media,Budget
CUST100586,2023-04-05,Female,26,Portland,Usa,Organic Search,Premium
CUST103898,2024-08-20,Other/Undisclosed,57,Denver,Usa,Paid Search,Mainstream
CUST102338,2023-12-23,Female,18,Denver,Usa,Paid Search,Premium
CUST106520,2025-10-16,Female,50,Unknown,Usa,Affiliate,Mainstream
CUST106923,2025-12-19,Female,25,Calgary,Canada,Paid Search,Mainstream
CUST104810,2025-01-17,Male,33,Portland,Usa,Organic Search,Budget
CUST105646,2025-05-27,Female,43,New York,Usa,Paid Search,Premium
CUST106680,2025-11-09,Male,53,Nashville,Usa,Email,Premium
CUST103210,2024-05-09,Female,37,Dallas,Usa,Paid Search,Budget
CUST102908,2024-03-25,Male,27,Miami,Usa,Email,Mainstream
CUST104334,2024-10-30,Male,45,Denver,Usa,Paid Search,Mainstream
CUST102755,2024-03-01,Male,21,Chicago,Usa,Email,Budget
CUST102457,2024-01-08,Female,32,Chicago,Usa,Referral,Mainstream
CUST105138,2025-03-14,Female,30,Boston,Usa,Direct,Budget
CUST100088,2023-01-14,Male,28,Los Angeles,Usa,Affiliate,Mainstream
CUST105684,2025-06-02,Male,47,Seattle,Usa,Referral,Mainstream
CUST102157,2023-11-27,Male,23,New York,Usa,Organic Search,Mainstream
CUST105074,2025-03-03,Male,38,Los Angeles,Usa,Social Media,Budget
CUST102728,2024-02-24,Female,20,Vancouver,Canada,Affiliate,Budget
CUST103168,2024-05-04,Female,36,Houston,Usa,Paid Search,Budget
CUST100957,2023-05-28,Male,24,New York,Usa,Organic Search,Mainstream
CUST105835,2025-06-27,Male,36,Dallas,Usa,Organic Search,Premium
CUST103358,2024-05-30,Female,44,Portland,Usa,Organic Search,Budget
CUST101400,2023-07-31,Female,38,Atlanta,Usa,Social Media,Budget
CUST100198,2023-02-03,Female,30,Atlanta,Usa,Paid Search,Mainstream
CUST103126,2024-04-27,Male,28,Toronto,Canada,Organic Search,Budget
CUST102666,2024-02-13,Male,47,Calgary,Canada,Social Media,Budget
CUST106341,2025-09-21,Female,34,Chicago,Usa,Paid Search,Budget
CUST100073,2023-01-12,Female,45,San Diego,Usa,Paid Search,Mainstream
CUST101805,2023-10-05,Male,49,Denver,Usa,Social Media,Premium
CUST102845,2024-03-15,Male,35,Portland,Usa,Paid Search,Mainstream
CUST102578,2024-01-30,Female,35,Nashville,Usa,Paid Search,Mainstream
CUST103948,2024-08-28,Female,43,Portland,Usa,Social Media,Mainstream
CUST104848,2025-01-24,Female,18,Vancouver,Canada,Organic Search,Premium
CUST105474,2025-05-01,Female,38,Dallas,Usa,Email,Budget
CUST102860,2024-03-16,Female,18,San Diego,Usa,Email,Mainstream
CUST102521,2024-01-18,Male,43,Nashville,Usa,Email,Budget
CUST104660,2024-12-22,Female,39,Phoenix,Usa,Email,Budget
CUST105547,2025-05-12,Female,24,Calgary,Canada,Referral,Mainstream
CUST105156,2025-03-16,Female,25,Minneapolis,Usa,Social Media,Budget
CUST100763,2023-04-29,Male,48,Toronto,Canada,Paid Search,Mainstream
CUST105021,2025-02-23,Female,42,Portland,Usa,Referral,Budget
CUST100828,2023-05-10,Male,51,Denver,Usa,Organic Search,Mainstream
CUST105137,2025-03-14,Female,57,Minneapolis,Usa,Direct,Budget
CUST106701,2025-11-15,Male,42,San Diego,Usa,Organic Search,Mainstream
CUST101891,2023-10-17,Female,37,Atlanta,Usa,Referral,Premium
CUST106414,2025-10-03,Female,32,Los Angeles,Usa,Paid Search,Mainstream
CUST106860,2025-12-09,Male,27,Los Angeles,Usa,Paid Search,Premium
CUST102098,2023-11-19,Male,38,San Diego,Usa,Paid Search,Mainstream
CUST104258,2024-10-16,Female,47,Minneapolis,Usa,Paid Search,Mainstream
CUST105428,2025-04-24,Female,25,Houston,Usa,Social Media,Budget
CUST102080,2023-11-15,Male,33,Austin,Usa,Direct,Mainstream
CUST101195,2023-07-01,Male,27,Austin,Usa,Social Media,Mainstream
CUST101039,2023-06-08,Female,33,Toronto,Canada,Email,Premium
CUST105462,2025-04-29,Male,46,Dallas,Usa,Paid Search,Budget
CUST106876,2025-12-13,Male,29,Phoenix,Usa,Social Media,Budget
CUST105927,2025-07-12,Female,34,Phoenix,Usa,Paid Search,Mainstream
CUST104169,2024-10-02,Female,20,Chicago,Usa,Affiliate,Budget
CUST102799,2024-03-06,Other/Undisclosed,38,Dallas,Usa,Organic Search,Premium
CUST106426,2025-10-05,Male,40,Houston,Usa,Social Media,Mainstream
CUST106593,2025-10-25,Male,19,Boston,Usa,Organic Search,Mainstream
CUST102893,2024-03-23,Female,33,Chicago,Usa,Organic Search,Mainstream
CUST100208,2023-02-04,Female,39,New York,Usa,Social Media,Mainstream
CUST101426,2023-08-04,Female,36,Houston,Usa,Paid Search,Budget
CUST106889,2025-12-14,Female,33,San Diego,Usa,Referral,Premium
CUST104453,2024-11-17,Female,37,Toronto,Canada,Paid Search,Budget
CUST100620,2023-04-10,Male,53,Atlanta,Usa,Paid Search,Premium
CUST102886,2024-03-22,Female,32,Los Angeles,Usa,Referral,Budget
CUST100965,2023-05-29,Female,21,Minneapolis,Usa,Paid Search,Budget
CUST106735,2025-11-18,Female,46,Phoenix,Usa,Direct,Mainstream
CUST105119,2025-03-10,Male,31,Montreal,Canada,Organic Search,Budget
CUST101025,2023-06-06,Female,34,Miami,Usa,Direct,Mainstream
CUST105605,2025-05-22,Male,49,Seattle,Usa,Social Media,Premium
CUST103282,2024-05-20,Male,47,Seattle,Usa,Direct,Mainstream
CUST104750,2025-01-07,Female,41,Toronto,Canada,Direct,Premium
CUST106771,2025-11-25,Male,48,Phoenix,Usa,Direct,Mainstream
CUST104970,2025-02-15,Female,38,Phoenix,Usa,Organic Search,Premium
CUST101074,2023-06-14,Male,18,Phoenix,Usa,Referral,Budget
CUST106818,2025-12-02,Other/Undisclosed,31,Atlanta,Usa,Paid Search,Mainstream
CUST105198,2025-03-22,Female,45,Denver,Usa,Affiliate,Mainstream
CUST103519,2024-06-26,Female,18,Atlanta,Usa,Organic Search,Mainstream
CUST100286,2023-02-16,Other/Undisclosed,41,Vancouver,Canada,Paid Search,Budget
CUST100550,2023-03-30,Male,32,Portland,Usa,Paid Search,Mainstream
CUST103303,2024-05-22,Female,29,Los Angeles,Usa,Social Media,Budget
CUST105856,2025-07-01,Other/Undisclosed,44,Miami,Usa,Email,Mainstream
CUST101835,2023-10-09,Male,29,Minneapolis,Usa,Email,Mainstream
CUST102510,2024-01-16,Male,59,Los Angeles,Usa,Email,Mainstream
CUST104828,2025-01-20,Male,40,Chicago,Usa,Email,Mainstream
CUST102577,2024-01-30,Female,28,Nashville,Usa,Paid Search,Budget
CUST101446,2023-08-07,Male,43,New York,Usa,Social Media,Premium
CUST101844,2023-10-09,Female,35,Seattle,Usa,Affiliate,Budget
CUST104558,2024-12-05,Male,30,Boston,Usa,Direct,Premium
CUST100401,2023-03-06,Male,41,Boston,Usa,Email,Mainstream
CUST101407,2023-08-02,Female,21,Seattle,Usa,Paid Search,Mainstream
CUST100747,2023-04-26,Female,38,Boston,Usa,Paid Search,Budget
CUST101922,2023-10-24,Male,46,Houston,Usa,Social Media,Budget
CUST100041,2023-01-06,Female,27,Nashville,Usa,Organic Search,Budget
CUST105261,2025-03-31,Female,22,Miami,Usa,Organic Search,Mainstream
CUST102949,2024-03-30,Male,49,Nashville,Usa,Paid Search,Mainstream
CUST106558,2025-10-21,Male,26,Dallas,Usa,Organic Search,Premium
CUST103607,2024-07-09,Male,36,Minneapolis,Usa,Email,Budget
CUST105310,2025-04-07,Male,24,Nashville,Usa,Organic Search,Mainstream
CUST105704,2025-06-05,Female,18,Miami,Usa,Email,Budget
CUST105761,2025-06-16,Female,30,New York,Usa,Direct,Mainstream
CUST100737,2023-04-25,Male,41,Houston,Usa,Social Media,Mainstream
CUST103816,2024-08-07,Male,39,Seattle,Usa,Email,Budget
CUST105482,2025-05-02,Male,30,Minneapolis,Usa,Affiliate,Budget
CUST102398,2023-12-30,Female,33,Atlanta,Usa,Direct,Budget
CUST106289,2025-09-10,Male,56,Unknown,Usa,Social Media,Budget
CUST101438,2023-08-05,Male,27,Miami,Usa,Direct,Premium
CUST105038,2025-02-26,Female,35,Austin,Usa,Paid Search,Mainstream
CUST102877,2024-03-20,Male,48,Seattle,Usa,Organic Search,Budget
CUST106603,2025-10-27,Male,29,Austin,Usa,Organic Search,Mainstream
CUST101747,2023-09-26,Female,38,Seattle,Usa,Direct,Mainstream
CUST104055,2024-09-12,Male,36,Nashville,Usa,Organic Search,Budget
CUST106026,2025-07-25,Female,24,Vancouver,Canada,Organic Search,Budget
CUST104233,2024-10-12,Female,19,Seattle,Usa,Paid Search,Budget
CUST102484,2024-01-11,Male,50,Montreal,Canada,Email,Mainstream
CUST106783,2025-11-27,Male,39,Portland,Usa,Social Media,Budget
CUST101379,2023-07-28,Female,34,Minneapolis,Usa,Social Media,Premium
CUST104985,2025-02-17,Male,33,Nashville,Usa,Email,Premium
CUST103012,2024-04-10,Female,37,Miami,Usa,Referral,Mainstream
CUST103606,2024-07-09,Male,45,Los Angeles,Usa,Paid Search,Premium
CUST106626,2025-10-31,Female,32,Seattle,Usa,Email,Budget
CUST101656,2023-09-13,Female,32,Chicago,Usa,Organic Search,Budget
CUST103477,2024-06-20,Female,36,Atlanta,Usa,Referral,Mainstream
CUST105564,2025-05-15,Female,22,Los Angeles,Usa,Referral,Mainstream
CUST104326,2024-10-28,Male,47,Denver,Usa,Affiliate,Mainstream
CUST100549,2023-03-30,Male,33,Boston,Usa,Social Media,Mainstream
CUST101543,2023-08-24,Female,35,Toronto,Canada,Paid Search,Mainstream
CUST104862,2025-01-27,Female,19,San Diego,Usa,Paid Search,Premium
CUST102820,2024-03-10,Female,32,Minneapolis,Usa,Organic Search,Budget
CUST100296,2023-02-17,Male,44,Unknown,Usa,Referral,Premium
CUST106053,2025-07-31,Female,31,Boston,Usa,Referral,Budget
CUST106897,2025-12-15,Female,38,Portland,Usa,Email,Mainstream
CUST103838,2024-08-11,Female,18,Nashville,Usa,Organic Search,Premium
CUST104988,2025-02-17,Male,18,Phoenix,Usa,Paid Search,Mainstream
CUST105483,2025-05-03,Male,29,Denver,Usa,Paid Search,Budget
CUST103540,2024-06-29,Male,36,Unknown,Usa,Direct,Budget
CUST103018,2024-04-11,Female,32,Atlanta,Usa,Paid Search,Premium
CUST104982,2025-02-16,Male,48,Miami,Usa,Direct,Mainstream
CUST100100,2023-01-17,Female,34,Atlanta,Usa,Paid Search,Mainstream
CUST103399,2024-06-05,Male,24,Calgary,Canada,Direct,Premium
CUST102907,2024-03-25,Female,36,Austin,Usa,Organic Search,Budget
CUST101544,2023-08-24,Female,24,Boston,Usa,Organic Search,Mainstream
CUST100865,2023-05-14,Female,32,Nashville,Usa,Direct,Mainstream
CUST101210,2023-07-03,Male,18,San Diego,Usa,Paid Search,Mainstream
CUST106687,2025-11-11,Female,28,Dallas,Usa,Organic Search,Budget
CUST102229,2023-12-07,Female,46,New York,Usa,Social Media,Mainstream
CUST105146,2025-03-15,Male,20,New York,Usa,Direct,Mainstream
CUST103313,2024-05-24,Female,37,Chicago,Usa,Paid Search,Budget
CUST100798,2023-05-04,Female,55,Portland,Usa,Direct,Budget
CUST106351,2025-09-23,Male,46,Seattle,Usa,Affiliate,Mainstream
CUST105087,2025-03-05,Female,26,Los Angeles,Usa,Referral,Mainstream
CUST101393,2023-07-30,Female,22,San Diego,Usa,Direct,Mainstream
CUST105335,2025-04-11,Female,23,Chicago,Usa,Organic Search,Mainstream
CUST106386,2025-09-29,Male,40,Atlanta,Usa,Organic Search,Budget
CUST105686,2025-06-02,Male,50,Denver,Usa,Paid Search,Mainstream
CUST100346,2023-02-25,Male,32,Atlanta,Usa,Affiliate,Mainstream
CUST101034,2023-06-07,Female,18,Los Angeles,Usa,Affiliate,Budget
CUST101599,2023-09-03,Male,46,Boston,Usa,Organic Search,Mainstream
CUST106195,2025-08-23,Female,18,Seattle,Usa,Paid Search,Premium
CUST105542,2025-05-12,Female,27,Austin,Usa,Organic Search,Premium
CUST100681,2023-04-18,Female,41,Toronto,Canada,Direct,Budget
CUST101199,2023-07-01,Male,29,Miami,Usa,Social Media,Budget
CUST102598,2024-02-03,Male,49,Minneapolis,Usa,Email,Budget
CUST104570,2024-12-08,Female,30,Montreal,Canada,Organic Search,Mainstream
CUST100087,2023-01-14,Female,34,New York,Usa,Affiliate,Budget
CUST100465,2023-03-15,Female,40,Dallas,Usa,Direct,Budget
CUST102917,2024-03-26,Female,57,Minneapolis,Usa,Paid Search,Mainstream
CUST106770,2025-11-25,Male,42,Dallas,Usa,Affiliate,Mainstream
CUST101163,2023-06-27,Female,42,Portland,Usa,Organic Search,Budget
CUST101820,2023-10-06,Female,38,Miami,Usa,Social Media,Budget
CUST104518,2024-11-28,Female,48,Denver,Usa,Paid Search,Premium
CUST106564,2025-10-22,Male,33,Portland,Usa,Organic Search,Premium
CUST100982,2023-06-01,Male,37,Chicago,Usa,Paid Search,Budget
CUST104381,2024-11-05,Female,43,New York,Usa,Direct,Budget
CUST101038,2023-06-08,Female,38,Austin,Usa,Email,Budget
CUST100157,2023-01-27,Female,34,Austin,Usa,Organic Search,Budget
CUST100351,2023-02-26,Female,40,Los Angeles,Usa,Affiliate,Mainstream
CUST103125,2024-04-27,Male,40,Atlanta,Usa,Direct,Budget
CUST105356,2025-04-13,Male,59,Boston,Usa,Social Media,Budget
CUST103649,2024-07-17,Male,35,Houston,Usa,Direct,Budget
CUST101115,2023-06-19,Female,21,Dallas,Usa,Email,Premium
CUST105669,2025-05-30,Female,26,Boston,Usa,Paid Search,Premium
CUST104304,2024-10-25,Female,22,Nashville,Usa,Social Media,Budget
CUST106693,2025-11-12,Female,33,Los Angeles,Usa,Email,Budget
CUST106932,2025-12-20,Female,39,Los Angeles,Usa,Organic Search,Premium
CUST100743,2023-04-26,Female,36,Austin,Usa,Direct,Mainstream
CUST105814,2025-06-24,Female,48,New York,Usa,Email,Budget
CUST100084,2023-01-14,Male,30,Nashville,Usa,Social Media,Mainstream
CUST105485,2025-05-03,Male,43,Nashville,Usa,Affiliate,Budget
CUST103717,2024-07-26,Male,40,San Diego,Usa,Organic Search,Mainstream
CUST103131,2024-04-29,Female,46,Portland,Usa,Organic Search,Budget
CUST105741,2025-06-12,Female,32,Vancouver,Canada,Email,Premium
CUST103245,2024-05-13,Female,38,Austin,Usa,Organic Search,Budget
CUST101149,2023-06-25,Female,18,Portland,Usa,Organic Search,Budget
CUST101488,2023-08-12,Male,39,Dallas,Usa,Social Media,Mainstream
CUST103406,2024-06-06,Male,37,Boston,Usa,Direct,Mainstream
CUST103611,2024-07-09,Male,39,San Diego,Usa,Direct,Mainstream
CUST101971,2023-10-31,Female,25,Minneapolis,Usa,Paid Search,Mainstream
CUST102533,2024-01-20,Female,31,Phoenix,Usa,Email,Mainstream
CUST102114,2023-11-21,Male,25,Atlanta,Usa,Paid Search,Budget
CUST103984,2024-09-01,Female,52,Seattle,Usa,Referral,Premium
CUST101423,2023-08-04,Male,38,Los Angeles,Usa,Direct,Premium
CUST103833,2024-08-11,Male,51,Phoenix,Usa,Social Media,Mainstream
CUST105347,2025-04-12,Male,26,Denver,Usa,Affiliate,Budget
CUST105129,2025-03-13,Male,41,Boston,Usa,Affiliate,Budget
CUST100167,2023-01-28,Female,23,San Diego,Usa,Email,Budget
CUST105473,2025-05-01,Female,36,New York,Usa,Paid Search,Premium
CUST105786,2025-06-21,Male,44,Minneapolis,Usa,Email,Premium
CUST101192,2023-07-01,Male,29,Austin,Usa,Organic Search,Mainstream
CUST105887,2025-07-06,Male,56,Los Angeles,Usa,Organic Search,Mainstream
CUST101370,2023-07-27,Female,33,Los Angeles,Usa,Social Media,Budget
CUST105326,2025-04-10,Male,35,Boston,Usa,Social Media,Mainstream
CUST102301,2023-12-18,Male,40,Boston,Usa,Direct,Mainstream
CUST103504,2024-06-24,Male,43,Minneapolis,Usa,Social Media,Budget
CUST105448,2025-04-27,Female,43,Minneapolis,Usa,Organic Search,Premium
CUST103630,2024-07-13,Female,18,Boston,Usa,Paid Search,Budget
CUST104722,2025-01-02,Female,19,New York,Usa,Affiliate,Premium
CUST106556,2025-10-21,Female,41,Atlanta,Usa,Social Media,Budget
CUST102516,2024-01-17,Female,52,Dallas,Usa,Referral,Budget
CUST105306,2025-04-06,Female,38,Phoenix,Usa,Referral,Mainstream
CUST102664,2024-02-13,Male,18,Houston,Usa,Referral,Premium
CUST105728,2025-06-11,Male,32,Phoenix,Usa,Social Media,Mainstream
CUST105099,2025-03-07,Female,54,Miami,Usa,Social Media,Mainstream
CUST101480,2023-08-11,Male,47,Los Angeles,Usa,Email,Mainstream
CUST106813,2025-12-01,Other/Undisclosed,30,Los Angeles,Usa,Organic Search,Mainstream
CUST102627,2024-02-08,Female,41,Phoenix,Usa,Social Media,Mainstream
CUST104350,2024-10-31,Female,47,San Diego,Usa,Paid Search,Budget
CUST105964,2025-07-18,Other/Undisclosed,30,Austin,Usa,Direct,Budget
CUST104378,2024-11-04,Other/Undisclosed,39,Houston,Usa,Email,Budget
CUST101945,2023-10-27,Female,55,San Diego,Usa,Email,Mainstream
CUST105935,2025-07-14,Female,37,San Diego,Usa,Referral,Budget
CUST104983,2025-02-16,Female,49,Boston,Usa,Organic Search,Mainstream
CUST106167,2025-08-19,Other/Undisclosed,34,Los Angeles,Usa,Direct,Premium
CUST103163,2024-05-03,Male,35,Los Angeles,Usa,Affiliate,Premium
CUST103989,2024-09-02,Female,24,Seattle,Usa,Organic Search,Budget
CUST101620,2023-09-06,Male,20,Phoenix,Usa,Organic Search,Mainstream
CUST102954,2024-03-31,Male,31,Houston,Usa,Organic Search,Premium
CUST100373,2023-03-02,Female,41,Denver,Usa,Social Media,Budget
CUST104999,2025-02-19,Female,44,Chicago,Usa,Social Media,Mainstream
CUST105071,2025-03-03,Male,22,Chicago,Usa,Paid Search,Mainstream
CUST105972,2025-07-19,Female,28,Boston,Usa,Social Media,Premium
CUST100308,2023-02-19,Male,29,New York,Usa,Email,Mainstream
CUST105247,2025-03-29,Male,45,Minneapolis,Usa,Email,Budget
CUST103796,2024-08-05,Male,36,Boston,Usa,Organic Search,Premium
CUST105517,2025-05-08,Female,26,Montreal,Canada,Paid Search,Premium
CUST101197,2023-07-01,Female,49,Portland,Usa,Social Media,Premium
CUST101760,2023-09-27,Male,18,Houston,Usa,Paid Search,Premium
CUST104769,2025-01-11,Female,29,Chicago,Usa,Paid Search,Mainstream
CUST102303,2023-12-18,Male,31,San Diego,Usa,Social Media,Budget
CUST104952,2025-02-12,Female,40,Vancouver,Canada,Email,Mainstream
CUST101330,2023-07-22,Male,27,Portland,Usa,Referral,Mainstream
CUST103918,2024-08-23,Female,36,Chicago,Usa,Organic Search,Mainstream
CUST102405,2024-01-01,Male,32,Portland,Usa,Social Media,Premium
CUST101919,2023-10-23,Female,30,Portland,Usa,Social Media,Premium
CUST100812,2023-05-07,Female,47,Chicago,Usa,Paid Search,Budget
CUST100065,2023-01-10,Male,45,Denver,Usa,Direct,Mainstream
CUST102263,2023-12-12,Male,18,Miami,Usa,Affiliate,Mainstream
CUST102509,2024-01-16,Male,41,New York,Usa,Social Media,Mainstream
CUST103378,2024-06-02,Male,57,Dallas,Usa,Affiliate,Mainstream
CUST101175,2023-06-28,Female,31,Nashville,Usa,Social Media,Mainstream
CUST106714,2025-11-16,Male,41,Houston,Usa,Referral,Budget
CUST101905,2023-10-20,Male,29,Atlanta,Usa,Social Media,Budget
CUST102589,2024-01-31,Male,37,Nashville,Usa,Organic Search,Budget
CUST105787,2025-06-21,Male,35,Minneapolis,Usa,Referral,Premium
CUST105114,2025-03-10,Female,44,Atlanta,Usa,Email,Budget
CUST104284,2024-10-21,Female,28,San Diego,Usa,Direct,Mainstream
CUST100486,2023-03-18,Female,43,Miami,Usa,Paid Search,Mainstream
CUST102264,2023-12-12,Female,53,Toronto,Canada,Organic Search,Mainstream
CUST104421,2024-11-10,Female,31,Denver,Usa,Paid Search,Mainstream
CUST102751,2024-02-29,Female,43,Los Angeles,Usa,Organic Search,Budget
CUST102271,2023-12-13,Male,41,Toronto,Canada,Paid Search,Mainstream
CUST100921,2023-05-22,Female,51,Houston,Usa,Direct,Mainstream
CUST100322,2023-02-21,Female,37,Nashville,Usa,Social Media,Premium
CUST100248,2023-02-10,Female,43,Portland,Usa,Social Media,Mainstream
CUST105430,2025-04-24,Male,49,Chicago,Usa,Referral,Mainstream
CUST106109,2025-08-07,Female,38,Los Angeles,Usa,Paid Search,Budget
CUST106587,2025-10-24,Male,50,Vancouver,Canada,Organic Search,Mainstream
CUST101665,2023-09-14,Male,38,Atlanta,Usa,Direct,Mainstream
CUST103089,2024-04-22,Female,49,Seattle,Usa,Referral,Mainstream
CUST100231,2023-02-08,Male,51,Montreal,Canada,Paid Search,Mainstream
CUST101375,2023-07-28,Female,20,Denver,Usa,Social Media,Mainstream
CUST105433,2025-04-24,Other/Undisclosed,25,Austin,Usa,Paid Search,Mainstream
CUST104270,2024-10-18,Female,40,Calgary,Canada,Direct,Budget
CUST102375,2023-12-28,Female,26,Miami,Usa,Direct,Premium
CUST105022,2025-02-24,Other/Undisclosed,33,Houston,Usa,Organic Search,Premium
CUST101056,2023-06-12,Male,37,Austin,Usa,Organic Search,Budget
CUST100091,2023-01-15,Female,55,Boston,Usa,Organic Search,Mainstream
CUST104791,2025-01-13,Male,37,Nashville,Usa,Organic Search,Mainstream
CUST100318,2023-02-21,Male,30,Houston,Usa,Paid Search,Mainstream
CUST103945,2024-08-28,Male,32,Phoenix,Usa,Email,Budget
CUST104653,2024-12-21,Male,38,Portland,Usa,Paid Search,Budget
CUST101634,2023-09-08,Male,30,Los Angeles,Usa,Paid Search,Premium
CUST101483,2023-08-11,Female,53,Vancouver,Canada,Referral,Mainstream
CUST101507,2023-08-16,Male,28,Atlanta,Usa,Social Media,Premium
CUST103905,2024-08-21,Female,41,Seattle,Usa,Organic Search,Mainstream
CUST101870,2023-10-14,Female,37,Dallas,Usa,Direct,Premium
CUST102299,2023-12-17,Female,31,Phoenix,Usa,Social Media,Mainstream
CUST103268,2024-05-17,Male,18,Austin,Usa,Social Media,Budget
CUST102692,2024-02-18,Female,41,Portland,Usa,Paid Search,Budget
CUST103286,2024-05-20,Female,43,Houston,Usa,Referral,Budget
CUST105425,2025-04-23,Female,22,Boston,Usa,Paid Search,Premium
CUST101103,2023-06-18,Male,29,Chicago,Usa,Affiliate,Budget
CUST101219,2023-07-05,Female,40,Phoenix,Usa,Paid Search,Budget
CUST103960,2024-08-30,Female,34,San Diego,Usa,Social Media,Mainstream
CUST102337,2023-12-23,Female,34,Phoenix,Usa,Direct,Mainstream
CUST105017,2025-02-23,Female,43,Chicago,Usa,Affiliate,Budget
CUST106054,2025-07-31,Female,24,Portland,Usa,Paid Search,Premium
CUST104781,2025-01-12,Male,51,Los Angeles,Usa,Paid Search,Mainstream
CUST103688,2024-07-23,Female,34,Vancouver,Canada,Email,Budget
CUST105582,2025-05-19,Female,33,San Diego,Usa,Social Media,Mainstream
CUST106107,2025-08-07,Female,61,San Diego,Usa,Paid Search,Mainstream
CUST104163,2024-10-01,Male,47,New York,Usa,Paid Search,Premium
CUST103481,2024-06-21,Other/Undisclosed,47,Nashville,Usa,Paid Search,Premium
CUST101817,2023-10-06,Male,44,San Diego,Usa,Organic Search,Mainstream
CUST103182,2024-05-05,Male,42,Houston,Usa,Paid Search,Mainstream
CUST101893,2023-10-18,Female,29,Denver,Usa,Organic Search,Mainstream
CUST102233,2023-12-08,Male,59,Atlanta,Usa,Paid Search,Budget
CUST102656,2024-02-11,Female,29,Vancouver,Canada,Paid Search,Mainstream
CUST104418,2024-11-09,Male,18,Seattle,Usa,Organic Search,Budget
CUST100711,2023-04-22,Female,28,Dallas,Usa,Social Media,Budget
CUST106773,2025-11-25,Female,43,Dallas,Usa,Referral,Mainstream
CUST105362,2025-04-14,Male,41,San Diego,Usa,Paid Search,Mainstream
CUST103418,2024-06-07,Female,52,Seattle,Usa,Social Media,Mainstream
CUST100265,2023-02-12,Male,40,Houston,Usa,Direct,Mainstream
CUST104217,2024-10-10,Male,49,Minneapolis,Usa,Organic Search,Mainstream
CUST103346,2024-05-28,Female,46,Chicago,Usa,Organic Search,Premium
CUST100996,2023-06-03,Female,48,Austin,Usa,Paid Search,Mainstream
CUST106653,2025-11-05,Female,35,Austin,Usa,Referral,Budget
CUST105923,2025-07-12,Female,18,Phoenix,Usa,Direct,Mainstream
CUST100789,2023-05-03,Male,35,Portland,Usa,Social Media,Mainstream
CUST106725,2025-11-17,Male,33,Montreal,Canada,Paid Search,Budget
CUST102149,2023-11-26,Female,35,Chicago,Usa,Direct,Mainstream
CUST104273,2024-10-19,Male,45,Nashville,Usa,Direct,Budget
CUST100838,2023-05-11,Female,38,Unknown,Usa,Organic Search,Budget
CUST100014,2023-01-03,Male,31,Nashville,Usa,Organic Search,Budget
CUST103542,2024-06-29,Female,18,Nashville,Usa,Email,Mainstream
CUST106658,2025-11-06,Female,51,Denver,Usa,Social Media,Premium
CUST105701,2025-06-04,Other/Undisclosed,42,New York,Usa,Referral,Budget
CUST100008,2023-01-02,Male,33,San Diego,Usa,Social Media,Mainstream
CUST103684,2024-07-22,Female,44,Unknown,Usa,Paid Search,Budget
CUST106030,2025-07-26,Female,38,Vancouver,Canada,Organic Search,Mainstream
CUST102523,2024-01-19,Male,45,Portland,Usa,Paid Search,Budget
CUST102843,2024-03-14,Female,37,Minneapolis,Usa,Email,Premium
CUST100339,2023-02-24,Female,39,Phoenix,Usa,Direct,Premium
CUST104246,2024-10-15,Female,18,Houston,Usa,Affiliate,Mainstream
CUST101487,2023-08-12,Female,18,Boston,Usa,Email,Mainstream
CUST103460,2024-06-16,Female,42,Montreal,Canada,Direct,Mainstream
CUST101419,2023-08-03,Female,36,Seattle,Usa,Organic Search,Mainstream
CUST100622,2023-04-10,Male,35,Seattle,Usa,Paid Search,Mainstream
CUST106963,2025-12-25,Male,23,Boston,Usa,Organic Search,Mainstream
CUST106036,2025-07-27,Male,30,Houston,Usa,Paid Search,Premium
CUST102795,2024-03-06,Male,23,Vancouver,Canada,Social Media,Mainstream
CUST101869,2023-10-14,Female,55,Austin,Usa,Social Media,Premium
CUST103973,2024-08-31,Female,32,Boston,Usa,Email,Mainstream
CUST105470,2025-05-01,Male,31,Dallas,Usa,Organic Search,Budget
CUST106613,2025-10-30,Male,24,New York,Usa,Referral,Mainstream
CUST105125,2025-03-12,Female,39,Minneapolis,Usa,Affiliate,Budget
CUST101287,2023-07-14,Male,42,San Diego,Usa,Paid Search,Budget
CUST100196,2023-02-03,Female,33,Chicago,Usa,Social Media,Budget
CUST105464,2025-04-30,Female,41,Boston,Usa,Paid Search,Budget
CUST104793,2025-01-14,Female,35,Austin,Usa,Paid Search,Mainstream
CUST102225,2023-12-06,Male,35,Nashville,Usa,Social Media,Mainstream
CUST106336,2025-09-20,Female,43,San Diego,Usa,Affiliate,Mainstream
CUST104048,2024-09-11,Female,25,Vancouver,Canada,Paid Search,Premium
CUST100432,2023-03-11,Female,29,Miami,Usa,Paid Search,Premium
CUST103590,2024-07-07,Female,32,Portland,Usa,Referral,Mainstream
CUST104395,2024-11-07,Male,34,Denver,Usa,Social Media,Mainstream
CUST101452,2023-08-07,Female,31,San Diego,Usa,Social Media,Mainstream
CUST101397,2023-07-31,Female,27,San Diego,Usa,Social Media,Mainstream
CUST106433,2025-10-06,Female,20,Los Angeles,Usa,Organic Search,Budget
CUST101545,2023-08-24,Other/Undisclosed,28,Unknown,Usa,Affiliate,Budget
CUST104647,2024-12-20,Female,25,Boston,Usa,Social Media,Mainstream
CUST103431,2024-06-10,Male,46,Denver,Usa,Organic Search,Budget
CUST105766,2025-06-18,Female,48,San Diego,Usa,Direct,Mainstream
CUST100604,2023-04-08,Male,37,Calgary,Canada,Paid Search,Budget
CUST105152,2025-03-15,Other/Undisclosed,29,Boston,Usa,Email,Mainstream
CUST103213,2024-05-09,Male,37,Seattle,Usa,Direct,Mainstream
CUST101786,2023-10-01,Male,40,Portland,Usa,Email,Budget
CUST102758,2024-03-01,Female,31,New York,Usa,Social Media,Premium
CUST106187,2025-08-22,Male,27,New York,Usa,Paid Search,Budget
CUST104687,2024-12-27,Female,24,Denver,Usa,Referral,Premium
CUST101433,2023-08-05,Female,51,Nashville,Usa,Organic Search,Mainstream
CUST104195,2024-10-06,Male,37,Toronto,Canada,Social Media,Budget
CUST104852,2025-01-25,Male,49,Houston,Usa,Referral,Budget
CUST105519,2025-05-08,Male,26,Portland,Usa,Paid Search,Mainstream
CUST104478,2024-11-22,Male,27,New York,Usa,Organic Search,Mainstream
CUST101883,2023-10-16,Female,42,Seattle,Usa,Social Media,Mainstream
CUST101277,2023-07-13,Female,26,Boston,Usa,Direct,Budget
CUST104830,2025-01-20,Female,30,Toronto,Canada,Paid Search,Premium
CUST104697,2024-12-29,Female,44,Phoenix,Usa,Paid Search,Premium
CUST100904,2023-05-21,Female,71,Los Angeles,Usa,Paid Search,Budget
CUST106594,2025-10-25,Male,53,Houston,Usa,Email,Mainstream
CUST103024,2024-04-12,Female,20,Nashville,Usa,Direct,Budget
CUST103866,2024-08-15,Female,33,Dallas,Usa,Organic Search,Budget
CUST105642,2025-05-27,Female,37,Chicago,Usa,Paid Search,Budget
CUST102110,2023-11-20,Female,32,San Diego,Usa,Email,Mainstream
CUST104251,2024-10-16,Female,36,Seattle,Usa,Paid Search,Mainstream
CUST102691,2024-02-18,Female,19,Los Angeles,Usa,Paid Search,Mainstream
CUST102024,2023-11-08,Female,39,Los Angeles,Usa,Email,Mainstream
CUST102742,2024-02-26,Female,42,Vancouver,Canada,Email,Budget
CUST105629,2025-05-25,Male,24,Nashville,Usa,Social Media,Mainstream
CUST105199,2025-03-22,Female,40,Seattle,Usa,Organic Search,Mainstream
CUST106078,2025-08-03,Female,24,Calgary,Canada,Affiliate,Mainstream
CUST104483,2024-11-23,Other/Undisclosed,39,San Diego,Usa,Paid Search,Premium
CUST103221,2024-05-10,Female,26,Austin,Usa,Organic Search,Budget
CUST100254,2023-02-10,Female,41,Los Angeles,Usa,Referral,Budget
CUST103010,2024-04-09,Male,42,Calgary,Canada,Paid Search,Premium
CUST100221,2023-02-06,Female,30,Los Angeles,Usa,Paid Search,Mainstream
CUST105004,2025-02-20,Male,29,New York,Usa,Email,Budget
CUST104006,2024-09-05,Other/Undisclosed,38,San Diego,Usa,Email,Mainstream
CUST106487,2025-10-12,Male,21,Calgary,Canada,Paid Search,Premium
CUST102439,2024-01-06,Male,27,Portland,Usa,Referral,Premium
CUST106729,2025-11-18,Female,21,Toronto,Canada,Paid Search,Premium
CUST102678,2024-02-15,Female,34,Miami,Usa,Email,Budget
CUST101511,2023-08-17,Female,27,San Diego,Usa,Organic Search,Premium
CUST106527,2025-10-17,Female,43,New York,Usa,Email,Budget
CUST101302,2023-07-17,Female,29,Minneapolis,Usa,Affiliate,Mainstream
CUST104320,2024-10-27,Male,29,Portland,Usa,Affiliate,Mainstream
CUST105647,2025-05-27,Female,34,Denver,Usa,Paid Search,Mainstream
CUST101242,2023-07-09,Male,35,Houston,Usa,Organic Search,Mainstream
CUST105548,2025-05-12,Other/Undisclosed,47,Dallas,Usa,Organic Search,Mainstream
CUST100376,2023-03-02,Female,70,Denver,Usa,Direct,Mainstream
CUST100755,2023-04-27,Female,26,Minneapolis,Usa,Paid Search,Budget
CUST100291,2023-02-17,Female,24,Toronto,Canada,Social Media,Mainstream
CUST105149,2025-03-15,Male,23,Seattle,Usa,Direct,Premium
CUST105844,2025-06-30,Male,35,Seattle,Usa,Affiliate,Mainstream
CUST100188,2023-02-02,Male,44,Denver,Usa,Organic Search,Budget
CUST102119,2023-11-21,Female,46,Austin,Usa,Organic Search,Budget
CUST101412,2023-08-02,Female,32,Denver,Usa,Social Media,Budget
CUST105656,2025-05-28,Female,35,Montreal,Canada,Email,Budget
CUST103933,2024-08-25,Female,32,Calgary,Canada,Direct,Premium
CUST100501,2023-03-20,Female,25,Atlanta,Usa,Paid Search,Budget
CUST103545,2024-06-30,Other/Undisclosed,41,Minneapolis,Usa,Organic Search,Budget
CUST102412,2024-01-02,Female,33,Montreal,Canada,Paid Search,Budget
CUST105552,2025-05-13,Male,25,Atlanta,Usa,Affiliate,Budget
CUST103066,2024-04-19,Male,47,Austin,Usa,Email,Mainstream
CUST104113,2024-09-22,Female,19,Portland,Usa,Social Media,Budget
CUST106509,2025-10-15,Female,25,Calgary,Canada,Affiliate,Budget
CUST100672,2023-04-17,Other/Undisclosed,37,Miami,Usa,Affiliate,Premium
CUST105330,2025-04-10,Female,48,Nashville,Usa,Organic Search,Mainstream
CUST101188,2023-06-30,Male,45,Phoenix,Usa,Organic Search,Premium
CUST101176,2023-06-28,Female,48,Los Angeles,Usa,Paid Search,Mainstream
CUST106209,2025-08-25,Male,25,Nashville,Usa,Paid Search,Mainstream
CUST103870,2024-08-15,Female,41,San Diego,Usa,Paid Search,Mainstream
CUST105509,2025-05-07,Female,34,Nashville,Usa,Referral,Mainstream
CUST105952,2025-07-16,Male,31,Chicago,Usa,Email,Premium
CUST100216,2023-02-05,Male,39,Nashville,Usa,Direct,Premium
CUST103942,2024-08-27,Male,41,Portland,Usa,Paid Search,Mainstream
CUST100421,2023-03-08,Male,46,Dallas,Usa,Organic Search,Mainstream
CUST102323,2023-12-20,Female,33,Portland,Usa,Email,Premium
CUST106991,2025-12-29,Female,45,Atlanta,Usa,Referral,Mainstream
CUST105444,2025-04-26,Male,20,Dallas,Usa,Email,Mainstream
CUST100506,2023-03-21,Female,21,New York,Usa,Direct,Mainstream
CUST101374,2023-07-27,Female,32,Los Angeles,Usa,Affiliate,Mainstream
CUST106612,2025-10-29,Female,46,New York,Usa,Direct,Mainstream
CUST102707,2024-02-20,Female,38,Denver,Usa,Direct,Budget
CUST101317,2023-07-19,Female,35,San Diego,Usa,Email,Mainstream
CUST104531,2024-11-30,Female,53,Portland,Usa,Email,Budget
CUST101632,2023-09-08,Female,59,Dallas,Usa,Direct,Budget
CUST106423,2025-10-04,Female,39,Miami,Usa,Organic Search,Premium
CUST102794,2024-03-06,Female,36,Calgary,Canada,Paid Search,Mainstream
CUST104775,2025-01-12,Female,18,Boston,Usa,Organic Search,Mainstream
CUST106372,2025-09-27,Male,32,Denver,Usa,Paid Search,Budget
CUST101964,2023-10-29,Female,47,Atlanta,Usa,Social Media,Mainstream
CUST100347,2023-02-25,Male,34,Seattle,Usa,Organic Search,Mainstream
CUST102579,2024-01-30,Male,30,Portland,Usa,Paid Search,Premium
CUST100333,2023-02-24,Female,18,Seattle,Usa,Organic Search,Mainstream
CUST104220,2024-10-10,Female,32,Atlanta,Usa,Paid Search,Budget
CUST101263,2023-07-11,Female,35,Boston,Usa,Social Media,Mainstream
CUST106146,2025-08-15,Female,37,Phoenix,Usa,Paid Search,Budget
CUST105553,2025-05-13,Male,32,Dallas,Usa,Organic Search,Budget
CUST106584,2025-10-24,Male,46,Dallas,Usa,Affiliate,Mainstream
CUST102966,2024-04-01,Female,32,Austin,Usa,Social Media,Budget
CUST102865,2024-03-17,Female,18,Seattle,Usa,Paid Search,Mainstream
CUST100746,2023-04-26,Male,43,Calgary,Canada,Email,Mainstream
CUST105003,2025-02-20,Male,31,Boston,Usa,Affiliate,Budget
CUST101662,2023-09-14,Female,36,Denver,Usa,Direct,Budget
CUST103319,2024-05-25,Other/Undisclosed,29,Dallas,Usa,Organic Search,Premium
CUST106746,2025-11-20,Female,47,Chicago,Usa,Organic Search,Mainstream
CUST103728,2024-07-28,Female,22,Vancouver,Canada,Direct,Mainstream
CUST103127,2024-04-28,Male,48,Portland,Usa,Social Media,Budget
CUST104318,2024-10-27,Other/Undisclosed,55,Montreal,Canada,Organic Search,Mainstream
CUST100259,2023-02-11,Female,36,Montreal,Canada,Organic Search,Mainstream
CUST106332,2025-09-19,Male,36,Nashville,Usa,Direct,Budget
CUST106464,2025-10-09,Female,40,San Diego,Usa,Paid Search,Premium
CUST104539,2024-12-01,Male,18,Miami,Usa,Direct,Premium
CUST103023,2024-04-12,Female,30,Phoenix,Usa,Email,Budget
CUST101702,2023-09-20,Female,37,Nashville,Usa,Referral,Budget
CUST100599,2023-04-07,Male,37,Minneapolis,Usa,Direct,Mainstream
CUST100045,2023-01-07,Female,35,San Diego,Usa,Referral,Mainstream
CUST104479,2024-11-22,Female,60,Vancouver,Canada,Email,Mainstream
CUST104708,2024-12-31,Male,21,Portland,Usa,Paid Search,Mainstream
CUST103583,2024-07-06,Female,52,San Diego,Usa,Organic Search,Budget
CUST106728,2025-11-17,Female,35,Los Angeles,Usa,Paid Search,Mainstream
CUST103780,2024-08-04,Male,41,Austin,Usa,Referral,Premium
CUST101215,2023-07-04,Female,33,Dallas,Usa,Direct,Mainstream
CUST102069,2023-11-14,Male,40,Dallas,Usa,Social Media,Budget
CUST106171,2025-08-19,Other/Undisclosed,36,Minneapolis,Usa,Direct,Mainstream
CUST103857,2024-08-13,Female,36,Miami,Usa,Paid Search,Premium
CUST102821,2024-03-10,Female,51,San Diego,Usa,Paid Search,Mainstream
CUST100426,2023-03-09,Female,43,Austin,Usa,Paid Search,Budget
CUST106302,2025-09-13,Male,37,Nashville,Usa,Paid Search,Budget
CUST100805,2023-05-05,Female,69,Chicago,Usa,Paid Search,Budget
CUST100410,2023-03-07,Female,31,Miami,Usa,Referral,Budget
CUST103322,2024-05-26,Female,25,Minneapolis,Usa,Organic Search,Budget
CUST105144,2025-03-15,Female,24,San Diego,Usa,Organic Search,Mainstream
CUST100438,2023-03-12,Female,46,San Diego,Usa,Email,Premium
CUST106782,2025-11-27,Female,18,Atlanta,Usa,Social Media,Budget
CUST100434,2023-03-11,Female,29,Atlanta,Usa,Paid Search,Mainstream
CUST105626,2025-05-25,Female,31,Houston,Usa,Social Media,Mainstream
CUST104552,2024-12-04,Male,38,Seattle,Usa,Affiliate,Mainstream
CUST104897,2025-02-02,Male,26,Atlanta,Usa,Affiliate,Budget
CUST103573,2024-07-04,Female,27,Portland,Usa,Direct,Budget
CUST101915,2023-10-22,Female,35,Montreal,Canada,Paid Search,Budget
CUST101559,2023-08-26,Female,25,Nashville,Usa,Affiliate,Mainstream
CUST104755,2025-01-08,Female,54,Denver,Usa,Affiliate,Mainstream
CUST106759,2025-11-22,Male,18,Calgary,Canada,Email,Premium
CUST101049,2023-06-11,Female,35,Austin,Usa,Paid Search,Mainstream
CUST100626,2023-04-11,Female,25,Vancouver,Canada,Email,Premium
CUST102859,2024-03-16,Female,47,Nashville,Usa,Paid Search,Mainstream
CUST100210,2023-02-05,Male,39,Los Angeles,Usa,Organic Search,Mainstream
CUST104305,2024-10-25,Male,18,San Diego,Usa,Referral,Budget
CUST105992,2025-07-21,Male,46,Denver,Usa,Direct,Premium
CUST104039,2024-09-10,Female,30,Unknown,Usa,Paid Search,Premium
CUST100051,2023-01-08,Female,20,San Diego,Usa,Organic Search,Budget
CUST101109,2023-06-18,Other/Undisclosed,23,San Diego,Usa,Paid Search,Budget
CUST103103,2024-04-24,Female,36,Phoenix,Usa,Email,Budget
CUST101443,2023-08-06,Other/Undisclosed,29,Nashville,Usa,Social Media,Budget
CUST103792,2024-08-05,Male,40,Nashville,Usa,Referral,Premium
CUST101536,2023-08-22,Male,30,Dallas,Usa,Social Media,Premium
CUST104900,2025-02-03,Female,31,Chicago,Usa,Paid Search,Budget
CUST104172,2024-10-03,Male,39,Chicago,Usa,Affiliate,Mainstream
CUST105973,2025-07-19,Female,66,Minneapolis,Usa,Affiliate,Budget
CUST104535,2024-12-01,Male,49,San Diego,Usa,Organic Search,Mainstream
CUST106201,2025-08-23,Female,35,Denver,Usa,Direct,Mainstream
CUST106449,2025-10-07,Female,33,Portland,Usa,Social Media,Mainstream
CUST103682,2024-07-22,Male,34,Phoenix,Usa,Paid Search,Mainstream
CUST106734,2025-11-18,Male,50,New York,Usa,Paid Search,Mainstream
CUST103463,2024-06-17,Female,30,Atlanta,Usa,Direct,Mainstream
CUST105455,2025-04-27,Female,56,Houston,Usa,Social Media,Budget
CUST102986,2024-04-04,Female,36,Minneapolis,Usa,Affiliate,Budget
CUST101832,2023-10-08,Female,18,Portland,Usa,Affiliate,Budget
CUST105229,2025-03-27,Female,50,Montreal,Canada,Direct,Budget
CUST102680,2024-02-16,Female,42,Dallas,Usa,Social Media,Mainstream
CUST102874,2024-03-19,Female,42,Phoenix,Usa,Organic Search,Premium
CUST100705,2023-04-21,Male,20,Los Angeles,Usa,Social Media,Budget
CUST102647,2024-02-10,Female,53,Denver,Usa,Direct,Mainstream
CUST105623,2025-05-25,Female,66,Denver,Usa,Affiliate,Mainstream
CUST103826,2024-08-10,Other/Undisclosed,46,Minneapolis,Usa,Social Media,Budget
CUST106222,2025-08-28,Female,37,Seattle,Usa,Direct,Mainstream
CUST106056,2025-07-31,Female,38,San Diego,Usa,Social Media,Mainstream
CUST100527,2023-03-25,Male,47,Atlanta,Usa,Email,Budget
CUST103312,2024-05-24,Female,56,Miami,Usa,Social Media,Premium
CUST100565,2023-04-02,Male,35,Seattle,Usa,Direct,Premium
CUST104489,2024-11-23,Male,61,Montreal,Canada,Social Media,Premium
CUST100640,2023-04-13,Female,33,New York,Usa,Direct,Mainstream
CUST101501,2023-08-15,Male,34,Chicago,Usa,Paid Search,Mainstream
CUST100730,2023-04-24,Other/Undisclosed,35,Houston,Usa,Organic Search,Budget
CUST105325,2025-04-10,Male,32,Denver,Usa,Email,Mainstream
CUST105970,2025-07-19,Male,52,Boston,Usa,Direct,Mainstream
CUST100325,2023-02-22,Female,29,Vancouver,Canada,Affiliate,Budget
CUST102045,2023-11-11,Female,31,Unknown,Usa,Affiliate,Budget
CUST100290,2023-02-17,Female,44,Boston,Usa,Referral,Premium
CUST105969,2025-07-19,Female,36,Vancouver,Canada,Organic Search,Budget
CUST103007,2024-04-08,Female,33,Calgary,Canada,Organic Search,Mainstream
CUST105515,2025-05-07,Male,32,Dallas,Usa,Organic Search,Budget
CUST106058,2025-07-31,Female,40,Houston,Usa,Organic Search,Mainstream
CUST104635,2024-12-18,Female,30,Phoenix,Usa,Email,Mainstream
CUST106625,2025-10-31,Female,36,Seattle,Usa,Organic Search,Budget
CUST104525,2024-11-29,Female,28,Austin,Usa,Direct,Budget
CUST106135,2025-08-13,Female,44,Miami,Usa,Direct,Mainstream
CUST100864,2023-05-14,Male,40,Nashville,Usa,Organic Search,Budget
CUST102663,2024-02-13,Male,28,Austin,Usa,Paid Search,Budget
CUST105953,2025-07-16,Male,31,Nashville,Usa,Direct,Budget
CUST106062,2025-07-31,Female,58,Miami,Usa,Organic Search,Budget
CUST106159,2025-08-16,Female,30,Atlanta,Usa,Email,Budget
CUST106870,2025-12-11,Female,42,Unknown,Usa,Organic Search,Budget
CUST105525,2025-05-09,Female,47,Houston,Usa,Affiliate,Mainstream
CUST100371,2023-03-02,Female,22,Dallas,Usa,Email,Premium
CUST103742,2024-07-30,Male,37,Minneapolis,Usa,Email,Budget
CUST103487,2024-06-22,Female,56,Minneapolis,Usa,Organic Search,Budget
CUST105729,2025-06-11,Female,24,Seattle,Usa,Paid Search,Budget
CUST106997,2025-12-30,Male,39,Calgary,Canada,Organic Search,Mainstream
CUST105108,2025-03-09,Female,42,Denver,Usa,Organic Search,Budget
CUST105407,2025-04-20,Male,38,New York,Usa,Email,Budget
CUST104829,2025-01-20,Female,42,Denver,Usa,Social Media,Budget
CUST106768,2025-11-24,Male,27,Houston,Usa,Organic Search,Budget
CUST106368,2025-09-26,Female,29,Toronto,Canada,Affiliate,Mainstream
CUST101867,2023-10-14,Male,32,Atlanta,Usa,Paid Search,Mainstream
CUST103172,2024-05-04,Female,42,Boston,Usa,Email,Mainstream
CUST105683,2025-06-02,Other/Undisclosed,40,Boston,Usa,Organic Search,Mainstream
CUST106490,2025-10-13,Female,49,Houston,Usa,Social Media,Premium
CUST105344,2025-04-12,Male,29,Dallas,Usa,Paid Search,Mainstream
CUST100122,2023-01-21,Female,21,Dallas,Usa,Referral,Budget
CUST100479,2023-03-17,Male,37,Minneapolis,Usa,Paid Search,Budget
CUST104377,2024-11-04,Male,35,Austin,Usa,Paid Search,Mainstream
CUST103615,2024-07-10,Male,28,Boston,Usa,Affiliate,Budget
CUST102034,2023-11-09,Male,44,Denver,Usa,Email,Budget
CUST103955,2024-08-29,Female,21,Dallas,Usa,Direct,Budget
CUST104817,2025-01-18,Male,52,Los Angeles,Usa,Paid Search,Mainstream
CUST100940,2023-05-25,Female,29,Boston,Usa,Social Media,Mainstream
CUST101352,2023-07-25,Male,43,Denver,Usa,Referral,Mainstream
CUST105140,2025-03-14,Female,33,Portland,Usa,Email,Budget
CUST100439,2023-03-12,Female,41,Atlanta,Usa,Paid Search,Premium
CUST100847,2023-05-12,Male,42,Chicago,Usa,Paid Search,Mainstream
CUST106250,2025-09-02,Male,56,Austin,Usa,Affiliate,Premium
CUST103656,2024-07-18,Male,64,Montreal,Canada,Referral,Mainstream
CUST102899,2024-03-24,Male,48,Houston,Usa,Social Media,Budget
CUST106986,2025-12-28,Female,20,Austin,Usa,Referral,Budget
CUST101173,2023-06-28,Female,18,San Diego,Usa,Email,Premium
CUST103819,2024-08-07,Female,25,Montreal,Canada,Social Media,Mainstream
CUST105612,2025-05-23,Female,48,Seattle,Usa,Organic Search,Mainstream
CUST101671,2023-09-15,Male,31,Nashville,Usa,Email,Mainstream
CUST106016,2025-07-24,Male,37,Portland,Usa,Social Media,Premium
CUST104620,2024-12-15,Female,35,Vancouver,Canada,Social Media,Mainstream
CUST102548,2024-01-22,Female,21,Nashville,Usa,Organic Search,Mainstream
CUST104860,2025-01-26,Female,46,Houston,Usa,Social Media,Mainstream
CUST100279,2023-02-14,Other/Undisclosed,26,New York,Usa,Organic Search,Mainstream
CUST101966,2023-10-30,Male,29,Dallas,Usa,Paid Search,Mainstream
CUST103252,2024-05-14,Male,43,New York,Usa,Organic Search,Budget
CUST104480,2024-11-22,Female,35,Dallas,Usa,Organic Search,Premium
CUST106229,2025-08-29,Male,34,Miami,Usa,Social Media,Premium
CUST106073,2025-08-02,Male,54,Seattle,Usa,Paid Search,Premium
CUST104603,2024-12-14,Male,33,Phoenix,Usa,Referral,Premium
CUST103612,2024-07-09,Male,31,Vancouver,Canada,Organic Search,Premium
CUST102876,2024-03-20,Female,36,Minneapolis,Usa,Direct,Mainstream
CUST101101,2023-06-18,Male,22,Phoenix,Usa,Direct,Premium
CUST102759,2024-03-02,Female,36,San Diego,Usa,Referral,Premium
CUST101916,2023-10-22,Female,25,Montreal,Canada,Affiliate,Budget
CUST103980,2024-09-01,Female,32,Austin,Usa,Organic Search,Mainstream
CUST100577,2023-04-04,Male,18,Portland,Usa,Email,Budget
CUST100059,2023-01-09,Female,49,Boston,Usa,Organic Search,Budget
CUST105187,2025-03-20,Female,19,Toronto,Canada,Paid Search,Mainstream
CUST100787,2023-05-03,Female,30,Phoenix,Usa,Organic Search,Budget
CUST104160,2024-10-01,Female,29,Nashville,Usa,Social Media,Budget
CUST104918,2025-02-05,Female,34,Dallas,Usa,Paid Search,Mainstream
CUST101650,2023-09-12,Male,18,Portland,Usa,Email,Mainstream
CUST105545,2025-05-12,Female,39,Boston,Usa,Organic Search,Mainstream
CUST103975,2024-08-31,Female,44,Houston,Usa,Organic Search,Mainstream
CUST105956,2025-07-17,Female,30,Montreal,Canada,Direct,Mainstream
CUST101183,2023-06-30,Male,41,Chicago,Usa,Organic Search,Mainstream
CUST103836,2024-08-11,Male,36,Atlanta,Usa,Social Media,Budget
CUST106454,2025-10-08,Male,43,Los Angeles,Usa,Direct,Premium
CUST101886,2023-10-17,Female,44,Houston,Usa,Direct,Budget
CUST104692,2024-12-28,Female,29,New York,Usa,Organic Search,Mainstream
CUST106802,2025-11-29,Male,62,Los Angeles,Usa,Organic Search,Budget
CUST105965,2025-07-18,Female,40,Boston,Usa,Direct,Premium
CUST100184,2023-01-31,Female,54,Portland,Usa,Organic Search,Mainstream
CUST101558,2023-08-25,Male,35,Chicago,Usa,Affiliate,Budget
CUST103529,2024-06-28,Male,27,Chicago,Usa,Paid Search,Premium
CUST100420,2023-03-08,Female,40,Vancouver,Canada,Email,Mainstream
CUST104903,2025-02-03,Male,47,Portland,Usa,Paid Search,Premium
CUST100553,2023-03-30,Female,38,Nashville,Usa,Email,Budget
CUST106988,2025-12-29,Other/Undisclosed,24,Montreal,Canada,Paid Search,Mainstream
CUST106301,2025-09-13,Male,25,Portland,Usa,Email,Premium
CUST104878,2025-01-29,Female,52,San Diego,Usa,Paid Search,Budget
CUST101649,2023-09-12,Female,32,Los Angeles,Usa,Paid Search,Budget
CUST100443,2023-03-13,Male,28,Vancouver,Canada,Referral,Premium
CUST104993,2025-02-18,Male,38,Miami,Usa,Organic Search,Budget
CUST104301,2024-10-24,Male,32,Seattle,Usa,Referral,Budget
CUST101561,2023-08-26,Female,23,Denver,Usa,Social Media,Mainstream
CUST102413,2024-01-02,Female,27,Nashville,Usa,Affiliate,Mainstream
CUST103274,2024-05-19,Female,46,Seattle,Usa,Direct,Budget
CUST103195,2024-05-07,Female,48,San Diego,Usa,Referral,Budget
CUST103879,2024-08-17,Female,25,Houston,Usa,Social Media,Budget
CUST100181,2023-01-30,Female,25,Chicago,Usa,Organic Search,Mainstream
CUST106696,2025-11-13,Female,21,Nashville,Usa,Direct,Mainstream
CUST100794,2023-05-03,Male,29,Portland,Usa,Social Media,Mainstream
CUST102288,2023-12-16,Male,32,Boston,Usa,Email,Mainstream
CUST106497,2025-10-14,Female,47,Vancouver,Canada,Organic Search,Budget
CUST106811,2025-11-30,Female,30,Atlanta,Usa,Organic Search,Budget
CUST105251,2025-03-30,Female,25,Denver,Usa,Social Media,Mainstream
CUST106147,2025-08-15,Female,43,Boston,Usa,Social Media,Mainstream
CUST103580,2024-07-06,Male,18,Vancouver,Canada,Paid Search,Premium
CUST103135,2024-04-29,Female,31,Minneapolis,Usa,Referral,Mainstream
CUST103362,2024-05-31,Female,49,Miami,Usa,Direct,Mainstream
CUST103608,2024-07-09,Female,23,Seattle,Usa,Social Media,Budget
CUST106905,2025-12-16,Female,44,Austin,Usa,Social Media,Premium
CUST100530,2023-03-26,Female,56,Chicago,Usa,Paid Search,Mainstream
CUST105789,2025-06-21,Female,31,Phoenix,Usa,Paid Search,Budget
CUST100710,2023-04-22,Male,24,Boston,Usa,Social Media,Mainstream
CUST106385,2025-09-28,Male,37,Houston,Usa,Organic Search,Budget
CUST103539,2024-06-29,Male,46,Atlanta,Usa,Social Media,Mainstream
CUST100558,2023-03-31,Female,24,Los Angeles,Usa,Organic Search,Mainstream
CUST105920,2025-07-11,Female,47,Phoenix,Usa,Social Media,Budget
CUST102302,2023-12-18,Male,35,Chicago,Usa,Affiliate,Mainstream
CUST101371,2023-07-27,Female,23,Los Angeles,Usa,Affiliate,Mainstream
CUST105865,2025-07-03,Female,41,New York,Usa,Organic Search,Premium
CUST106621,2025-10-31,Female,47,Nashville,Usa,Organic Search,Mainstream
CUST100907,2023-05-21,Female,19,Miami,Usa,Affiliate,Mainstream
CUST106389,2025-09-29,Male,18,Atlanta,Usa,Organic Search,Premium
CUST106095,2025-08-05,Female,48,Nashville,Usa,Referral,Mainstream
CUST105962,2025-07-18,Female,35,Boston,Usa,Paid Search,Mainstream
CUST103626,2024-07-12,Female,20,Nashville,Usa,Paid Search,Budget
CUST104236,2024-10-13,Male,18,Portland,Usa,Paid Search,Mainstream
CUST103872,2024-08-16,Female,30,Los Angeles,Usa,Paid Search,Budget
CUST101864,2023-10-13,Male,38,Seattle,Usa,Organic Search,Budget
CUST104409,2024-11-09,Female,18,Phoenix,Usa,Social Media,Budget
CUST106809,2025-11-30,Female,38,Denver,Usa,Paid Search,Budget
CUST100926,2023-05-24,Female,32,Nashville,Usa,Paid Search,Budget
CUST102477,2024-01-11,Female,47,Phoenix,Usa,Paid Search,Mainstream
CUST102115,2023-11-21,Female,41,Chicago,Usa,Direct,Mainstream
CUST105178,2025-03-19,Male,43,Austin,Usa,Paid Search,Premium
CUST100015,2023-01-03,Male,30,Austin,Usa,Direct,Budget
CUST106358,2025-09-25,Female,34,Houston,Usa,Social Media,Budget
CUST100315,2023-02-20,Female,31,Calgary,Canada,Organic Search,Budget
CUST106978,2025-12-27,Female,27,Miami,Usa,Paid Search,Budget
CUST104995,2025-02-18,Female,36,New York,Usa,Paid Search,Premium
CUST101161,2023-06-26,Male,37,New York,Usa,Email,Mainstream
CUST103298,2024-05-22,Female,31,Atlanta,Usa,Affiliate,Mainstream
CUST101616,2023-09-05,Male,58,Phoenix,Usa,Organic Search,Mainstream
CUST102215,2023-12-05,Female,36,New York,Usa,Paid Search,Budget
CUST101362,2023-07-26,Female,36,Minneapolis,Usa,Email,Mainstream
CUST101726,2023-09-23,Female,37,Portland,Usa,Paid Search,Mainstream
CUST101212,2023-07-03,Male,25,Houston,Usa,Affiliate,Mainstream
CUST105838,2025-06-28,Male,18,Phoenix,Usa,Organic Search,Budget
CUST102570,2024-01-28,Male,33,Nashville,Usa,Referral,Budget
CUST105121,2025-03-11,Male,47,San Diego,Usa,Direct,Mainstream
CUST105459,2025-04-28,Male,44,Chicago,Usa,Social Media,Budget
CUST105845,2025-06-30,Male,38,Houston,Usa,Social Media,Budget
CUST105382,2025-04-16,Male,36,Los Angeles,Usa,Social Media,Premium
CUST105792,2025-06-22,Male,24,Portland,Usa,Direct,Mainstream
CUST105930,2025-07-13,Female,32,Los Angeles,Usa,Paid Search,Budget
CUST103165,2024-05-03,Male,49,Nashville,Usa,Email,Budget
CUST101465,2023-08-09,Female,28,Los Angeles,Usa,Referral,Mainstream
CUST102534,2024-01-20,Other/Undisclosed,27,Portland,Usa,Social Media,Mainstream
CUST105278,2025-04-02,Male,39,Seattle,Usa,Direct,Premium
CUST101323,2023-07-20,Male,25,Portland,Usa,Paid Search,Mainstream
CUST105200,2025-03-23,Female,29,Nashville,Usa,Social Media,Budget
CUST101765,2023-09-28,Female,44,San Diego,Usa,Organic Search,Budget
CUST106168,2025-08-19,Male,26,Montreal,Canada,Organic Search,Mainstream
CUST101894,2023-10-18,Female,27,Seattle,Usa,Paid Search,Mainstream
CUST105183,2025-03-20,Male,20,Seattle,Usa,Organic Search,Mainstream
CUST100387,2023-03-04,Male,39,Nashville,Usa,Social Media,Budget
CUST102272,2023-12-13,Female,47,Vancouver,Canada,Organic Search,Premium
CUST101032,2023-06-07,Male,18,Atlanta,Usa,Direct,Premium
CUST104586,2024-12-11,Male,61,New York,Usa,Social Media,Premium
CUST106217,2025-08-28,Female,45,Boston,Usa,Direct,Mainstream
CUST105044,2025-02-27,Female,43,San Diego,Usa,Email,Premium
CUST101512,2023-08-17,Female,35,Minneapolis,Usa,Social Media,Mainstream
CUST106617,2025-10-30,Female,36,Vancouver,Canada,Social Media,Mainstream
CUST104762,2025-01-09,Male,38,San Diego,Usa,Direct,Premium
CUST101010,2023-06-04,Male,18,Atlanta,Usa,Affiliate,Budget
CUST106192,2025-08-22,Male,35,Boston,Usa,Organic Search,Premium
CUST100931,2023-05-24,Male,27,Chicago,Usa,Direct,Premium
CUST106216,2025-08-27,Female,41,Miami,Usa,Email,Budget
CUST100691,2023-04-19,Male,18,Denver,Usa,Organic Search,Budget
CUST100533,2023-03-27,Female,44,Los Angeles,Usa,Paid Search,Budget
CUST102423,2024-01-04,Female,50,Boston,Usa,Organic Search,Mainstream
CUST102223,2023-12-06,Male,40,Nashville,Usa,Referral,Premium
CUST100652,2023-04-14,Female,18,Houston,Usa,Organic Search,Budget
CUST100033,2023-01-06,Female,42,Denver,Usa,Paid Search,Budget
CUST103706,2024-07-25,Female,43,Seattle,Usa,Social Media,Premium
CUST100044,2023-01-06,Female,49,Montreal,Canada,Organic Search,Budget
CUST105097,2025-03-07,Male,27,New York,Usa,Email,Budget
CUST102310,2023-12-18,Female,36,Toronto,Canada,Paid Search,Mainstream
CUST100964,2023-05-28,Female,49,Minneapolis,Usa,Social Media,Budget
CUST101615,2023-09-05,Male,54,Miami,Usa,Paid Search,Mainstream
CUST103686,2024-07-23,Female,23,Miami,Usa,Affiliate,Premium
CUST106194,2025-08-23,Female,34,Houston,Usa,Direct,Mainstream
CUST105163,2025-03-17,Male,35,Denver,Usa,Email,Mainstream
CUST105331,2025-04-10,Female,27,Unknown,Usa,Paid Search,Mainstream
CUST105480,2025-05-02,Female,33,Denver,Usa,Direct,Mainstream
CUST105513,2025-05-07,Female,20,Chicago,Usa,Email,Mainstream
CUST105288,2025-04-03,Female,25,Seattle,Usa,Referral,Mainstream
CUST105827,2025-06-26,Female,45,Boston,Usa,Email,Mainstream
CUST102312,2023-12-19,Male,33,Chicago,Usa,Organic Search,Mainstream
CUST102882,2024-03-21,Male,41,Phoenix,Usa,Organic Search,Premium
CUST100026,2023-01-05,Female,31,San Diego,Usa,Organic Search,Budget
CUST105873,2025-07-04,Other/Undisclosed,34,Portland,Usa,Paid Search,Mainstream
CUST100063,2023-01-10,Female,35,Chicago,Usa,Affiliate,Budget
CUST101044,2023-06-10,Female,50,San Diego,Usa,Paid Search,Budget
CUST105850,2025-06-30,Male,34,Unknown,Usa,Direct,Budget
CUST103153,2024-05-02,Female,46,Atlanta,Usa,Paid Search,Premium
CUST104837,2025-01-22,Female,38,Seattle,Usa,Affiliate,Mainstream
CUST101454,2023-08-07,Female,19,Austin,Usa,Affiliate,Mainstream
CUST100227,2023-02-07,Female,25,Austin,Usa,Social Media,Premium
CUST106830,2025-12-04,Female,49,Dallas,Usa,Organic Search,Budget
CUST106086,2025-08-04,Female,47,Portland,Usa,Social Media,Premium
CUST103309,2024-05-23,Male,39,Nashville,Usa,Social Media,Budget
CUST104384,2024-11-05,Female,39,Phoenix,Usa,Email,Mainstream
CUST105785,2025-06-20,Female,28,Houston,Usa,Email,Budget
CUST106606,2025-10-27,Female,40,Portland,Usa,Referral,Budget
CUST104450,2024-11-16,Male,38,Austin,Usa,Direct,Budget
CUST100969,2023-05-30,Female,40,Miami,Usa,Social Media,Premium
CUST104597,2024-12-13,Female,35,Atlanta,Usa,Referral,Budget
CUST103859,2024-08-14,Male,29,Seattle,Usa,Affiliate,Mainstream
CUST101509,2023-08-17,Female,34,Phoenix,Usa,Direct,Premium
CUST101566,2023-08-28,Male,50,Houston,Usa,Paid Search,Mainstream
CUST105546,2025-05-12,Female,52,New York,Usa,Referral,Premium
CUST102181,2023-11-29,Female,29,Austin,Usa,Social Media,Budget
CUST106453,2025-10-08,Female,38,Austin,Usa,Affiliate,Mainstream
CUST103208,2024-05-09,Male,43,Portland,Usa,Organic Search,Budget
CUST102239,2023-12-09,Female,31,Toronto,Canada,Social Media,Premium
CUST103090,2024-04-23,Female,35,Boston,Usa,Email,Budget
CUST106534,2025-10-17,Other/Undisclosed,39,Miami,Usa,Paid Search,Budget
CUST105386,2025-04-17,Female,45,Montreal,Canada,Social Media,Budget
CUST102208,2023-12-04,Female,34,Miami,Usa,Social Media,Budget
CUST100252,2023-02-10,Female,44,Denver,Usa,Direct,Mainstream
CUST102197,2023-12-03,Male,25,Phoenix,Usa,Social Media,Budget
CUST106478,2025-10-11,Female,42,Minneapolis,Usa,Social Media,Mainstream
CUST102879,2024-03-21,Female,20,Houston,Usa,Affiliate,Mainstream
CUST104840,2025-01-22,Female,33,Atlanta,Usa,Social Media,Mainstream
CUST104369,2024-11-03,Male,29,Portland,Usa,Paid Search,Mainstream
CUST104365,2024-11-03,Female,26,Montreal,Canada,Organic Search,Budget
CUST101694,2023-09-19,Male,41,Montreal,Canada,Direct,Premium
CUST105712,2025-06-07,Female,39,Montreal,Canada,Paid Search,Mainstream
CUST104801,2025-01-15,Female,24,Miami,Usa,Referral,Mainstream
CUST103660,2024-07-19,Male,53,Los Angeles,Usa,Organic Search,Budget
CUST106061,2025-07-31,Female,35,Montreal,Canada,Paid Search,Budget
CUST103932,2024-08-25,Male,33,Toronto,Canada,Affiliate,Budget
CUST102091,2023-11-17,Male,31,Atlanta,Usa,Direct,Mainstream
CUST102970,2024-04-02,Female,47,Chicago,Usa,Organic Search,Premium
CUST100641,2023-04-13,Female,36,Houston,Usa,Paid Search,Mainstream
CUST106013,2025-07-24,Male,58,Seattle,Usa,Paid Search,Budget
CUST103871,2024-08-16,Male,42,Houston,Usa,Email,Mainstream
CUST101578,2023-08-30,Female,34,Houston,Usa,Organic Search,Mainstream
CUST100297,2023-02-18,Male,32,Chicago,Usa,Email,Budget
CUST100303,2023-02-19,Female,29,Atlanta,Usa,Paid Search,Budget
CUST102858,2024-03-16,Female,50,Montreal,Canada,Referral,Budget
CUST103317,2024-05-25,Female,30,Austin,Usa,Direct,Budget
CUST104864,2025-01-27,Female,18,Denver,Usa,Paid Search,Mainstream
CUST101926,2023-10-24,Male,32,Minneapolis,Usa,Paid Search,Mainstream
CUST105065,2025-03-02,Female,32,Miami,Usa,Referral,Mainstream
CUST102851,2024-03-15,Male,18,Calgary,Canada,Paid Search,Budget
CUST100655,2023-04-14,Female,55,Chicago,Usa,Organic Search,Mainstream
CUST102770,2024-03-03,Female,48,Phoenix,Usa,Paid Search,Budget
CUST104680,2024-12-25,Female,46,Austin,Usa,Social Media,Budget
CUST104768,2025-01-10,Male,35,Calgary,Canada,Affiliate,Mainstream
CUST100240,2023-02-09,Female,34,Nashville,Usa,Social Media,Mainstream
CUST100783,2023-05-02,Female,24,Miami,Usa,Organic Search,Budget
CUST101354,2023-07-25,Female,32,Nashville,Usa,Email,Budget
CUST101018,2023-06-05,Male,51,Denver,Usa,Email,Premium
CUST103856,2024-08-13,Male,29,Austin,Usa,Paid Search,Mainstream
CUST100977,2023-05-31,Female,31,Seattle,Usa,Email,Budget
CUST100809,2023-05-06,Male,30,Portland,Usa,Referral,Premium
CUST103968,2024-08-30,Male,62,Portland,Usa,Paid Search,Mainstream
CUST101789,2023-10-01,Male,34,Nashville,Usa,Social Media,Budget
CUST100257,2023-02-10,Female,18,Minneapolis,Usa,Social Media,Mainstream
CUST100893,2023-05-19,Male,26,Boston,Usa,Paid Search,Mainstream
CUST106868,2025-12-11,Female,61,Dallas,Usa,Paid Search,Budget
CUST106915,2025-12-18,Other/Undisclosed,18,Chicago,Usa,Email,Premium
CUST104629,2024-12-17,Female,29,Austin,Usa,Social Media,Budget
CUST103892,2024-08-19,Female,25,Miami,Usa,Direct,Budget
CUST103601,2024-07-08,Female,42,Denver,Usa,Organic Search,Mainstream
CUST101755,2023-09-27,Male,33,New York,Usa,Direct,Mainstream
CUST105608,2025-05-23,Male,54,Vancouver,Canada,Direct,Budget
CUST106690,2025-11-12,Male,40,Boston,Usa,Referral,Mainstream
CUST105281,2025-04-02,Female,21,Miami,Usa,Social Media,Mainstream
CUST104825,2025-01-20,Female,45,San Diego,Usa,Direct,Mainstream
CUST101934,2023-10-25,Male,40,Portland,Usa,Paid Search,Premium
CUST101357,2023-07-25,Male,40,Minneapolis,Usa,Paid Search,Mainstream
CUST101554,2023-08-25,Male,31,Chicago,Usa,Social Media,Budget
CUST106046,2025-07-29,Male,32,Houston,Usa,Organic Search,Budget
CUST104532,2024-11-30,Male,53,New York,Usa,Social Media,Mainstream
CUST105321,2025-04-09,Female,54,Houston,Usa,Organic Search,Budget
CUST104100,2024-09-19,Other/Undisclosed,47,Seattle,Usa,Paid Search,Budget
CUST105776,2025-06-19,Male,58,Miami,Usa,Organic Search,Budget
CUST103277,2024-05-19,Female,30,Denver,Usa,Referral,Mainstream
CUST104439,2024-11-13,Male,50,Montreal,Canada,Direct,Budget
CUST102446,2024-01-07,Female,38,Boston,Usa,Paid Search,Budget
CUST101840,2023-10-09,Female,36,Portland,Usa,Referral,Premium
CUST104347,2024-10-31,Female,44,Atlanta,Usa,Email,Budget
CUST105829,2025-06-27,Male,43,Austin,Usa,Organic Search,Budget
CUST105507,2025-05-06,Female,26,Dallas,Usa,Organic Search,Premium
CUST106911,2025-12-17,Female,42,Atlanta,Usa,Social Media,Mainstream
CUST104173,2024-10-03,Female,44,Chicago,Usa,Organic Search,Premium
CUST104088,2024-09-17,Male,52,Chicago,Usa,Direct,Mainstream
CUST102094,2023-11-18,Male,33,New York,Usa,Paid Search,Premium
CUST102406,2024-01-01,Male,52,Chicago,Usa,Paid Search,Mainstream
CUST103149,2024-05-02,Female,28,Minneapolis,Usa,Email,Mainstream
CUST102651,2024-02-11,Male,28,Vancouver,Canada,Referral,Mainstream
CUST101092,2023-06-17,Male,33,Chicago,Usa,Email,Budget
CUST104909,2025-02-04,Male,24,Seattle,Usa,Paid Search,Premium
CUST100124,2023-01-22,Male,29,Unknown,Usa,Paid Search,Budget
CUST103340,2024-05-28,Male,40,Atlanta,Usa,Paid Search,Budget
CUST104216,2024-10-09,Female,39,Austin,Usa,Email,Budget
CUST104279,2024-10-20,Male,45,Phoenix,Usa,Direct,Mainstream
CUST101979,2023-11-01,Other/Undisclosed,44,New York,Usa,Paid Search,Mainstream
CUST104767,2025-01-10,Female,43,Nashville,Usa,Organic Search,Budget
CUST106502,2025-10-14,Female,43,Vancouver,Canada,Paid Search,Mainstream
CUST101553,2023-08-25,Female,64,Phoenix,Usa,Organic Search,Mainstream
CUST104965,2025-02-15,Female,33,Houston,Usa,Organic Search,Budget
CUST102827,2024-03-11,Male,19,Toronto,Canada,Email,Mainstream
CUST100598,2023-04-07,Male,43,Boston,Usa,Paid Search,Budget
CUST100075,2023-01-12,Female,33,Miami,Usa,Paid Search,Budget
CUST101339,2023-07-23,Female,22,Boston,Usa,Direct,Mainstream
CUST101416,2023-08-02,Male,51,Austin,Usa,Paid Search,Budget
CUST102847,2024-03-15,Male,42,Dallas,Usa,Paid Search,Budget
CUST106760,2025-11-23,Male,50,New York,Usa,Direct,Premium
CUST106706,2025-11-15,Female,28,Houston,Usa,Social Media,Mainstream
CUST106787,2025-11-27,Male,36,Nashville,Usa,Organic Search,Budget
CUST104011,2024-09-07,Female,42,Dallas,Usa,Paid Search,Mainstream
CUST106853,2025-12-09,Male,34,Boston,Usa,Social Media,Mainstream
CUST100149,2023-01-26,Male,50,Houston,Usa,Email,Mainstream
CUST102996,2024-04-06,Female,41,Seattle,Usa,Social Media,Budget
CUST101557,2023-08-25,Female,38,Portland,Usa,Affiliate,Mainstream
CUST104645,2024-12-19,Male,48,Phoenix,Usa,Organic Search,Budget
CUST100453,2023-03-14,Male,37,Dallas,Usa,Paid Search,Mainstream
CUST102513,2024-01-17,Male,48,Miami,Usa,Paid Search,Premium
CUST106207,2025-08-25,Male,27,Chicago,Usa,Email,Budget
CUST103296,2024-05-22,Male,25,Denver,Usa,Organic Search,Budget
CUST105549,2025-05-12,Female,35,Montreal,Canada,Paid Search,Budget
CUST100808,2023-05-06,Male,40,Denver,Usa,Direct,Mainstream
CUST101740,2023-09-25,Female,45,Montreal,Canada,Paid Search,Mainstream
CUST106027,2025-07-25,Female,19,Los Angeles,Usa,Affiliate,Budget
CUST104994,2025-02-18,Male,38,San Diego,Usa,Paid Search,Budget
CUST106839,2025-12-06,Male,31,Chicago,Usa,Paid Search,Budget
CUST101119,2023-06-19,Female,29,Minneapolis,Usa,Direct,Mainstream
CUST102855,2024-03-16,Female,51,Boston,Usa,Paid Search,Mainstream
CUST100810,2023-05-06,Female,25,Unknown,Usa,Direct,Budget
CUST101129,2023-06-21,Female,48,Houston,Usa,Direct,Budget
CUST100834,2023-05-10,Male,31,Minneapolis,Usa,Social Media,Budget
CUST102789,2024-03-06,Male,52,New York,Usa,Paid Search,Mainstream
CUST105406,2025-04-20,Female,54,Denver,Usa,Paid Search,Premium
CUST106724,2025-11-17,Male,50,Nashville,Usa,Organic Search,Mainstream
CUST102540,2024-01-21,Female,19,Los Angeles,Usa,Social Media,Mainstream
CUST101235,2023-07-07,Male,37,Montreal,Canada,Referral,Mainstream
CUST101225,2023-07-06,Female,40,Austin,Usa,Referral,Mainstream
CUST104550,2024-12-04,Female,44,Los Angeles,Usa,Direct,Budget
CUST105007,2025-02-21,Female,41,New York,Usa,Social Media,Budget
CUST105893,2025-07-06,Female,24,Dallas,Usa,Paid Search,Mainstream
CUST105436,2025-04-25,Female,57,Los Angeles,Usa,Direct,Budget
CUST104035,2024-09-09,Other/Undisclosed,40,Minneapolis,Usa,Referral,Mainstream
CUST101721,2023-09-22,Male,18,Chicago,Usa,Organic Search,Mainstream
CUST106286,2025-09-10,Female,36,Nashville,Usa,Direct,Budget
CUST102177,2023-11-29,Male,42,Calgary,Canada,Direct,Mainstream
CUST101027,2023-06-06,Male,34,Boston,Usa,Direct,Mainstream
CUST103076,2024-04-21,Female,53,Austin,Usa,Affiliate,Budget
CUST102199,2023-12-03,Female,23,San Diego,Usa,Paid Search,Mainstream
CUST100349,2023-02-26,Female,46,Phoenix,Usa,Paid Search,Mainstream
CUST100452,2023-03-14,Male,35,Portland,Usa,Affiliate,Budget
CUST100662,2023-04-15,Male,46,Phoenix,Usa,Direct,Premium
CUST100172,2023-01-29,Female,49,Chicago,Usa,Paid Search,Mainstream
CUST101405,2023-08-01,Male,31,Denver,Usa,Direct,Budget
CUST101652,2023-09-12,Female,33,Houston,Usa,Affiliate,Mainstream
CUST106161,2025-08-17,Male,28,Austin,Usa,Social Media,Premium
CUST100422,2023-03-09,Female,35,Portland,Usa,Organic Search,Mainstream
CUST103262,2024-05-16,Male,53,Los Angeles,Usa,Affiliate,Premium
CUST104405,2024-11-08,Female,31,Boston,Usa,Organic Search,Premium
CUST100881,2023-05-17,Female,59,Nashville,Usa,Direct,Premium
CUST102402,2024-01-01,Female,33,Houston,Usa,Paid Search,Premium
CUST101253,2023-07-10,Female,39,Chicago,Usa,Paid Search,Mainstream
CUST105668,2025-05-30,Female,27,San Diego,Usa,Social Media,Budget
CUST106202,2025-08-23,Other/Undisclosed,28,Phoenix,Usa,Social Media,Premium
CUST103978,2024-08-31,Female,41,Dallas,Usa,Organic Search,Mainstream
CUST106574,2025-10-23,Female,48,Austin,Usa,Email,Mainstream
CUST106555,2025-10-21,Female,34,Los Angeles,Usa,Social Media,Mainstream
CUST101897,2023-10-18,Female,18,Atlanta,Usa,Paid Search,Budget
CUST100102,2023-01-18,Female,53,Phoenix,Usa,Social Media,Mainstream
CUST103505,2024-06-24,Female,33,Dallas,Usa,Paid Search,Budget
CUST104295,2024-10-23,Male,37,Los Angeles,Usa,Referral,Mainstream
CUST106670,2025-11-09,Female,36,Portland,Usa,Direct,Budget
CUST104814,2025-01-17,Female,21,Los Angeles,Usa,Paid Search,Mainstream
CUST106678,2025-11-09,Female,40,Los Angeles,Usa,Paid Search,Mainstream
CUST101580,2023-08-31,Female,38,New York,Usa,Paid Search,Mainstream
CUST105621,2025-05-24,Other/Undisclosed,55,Austin,Usa,Affiliate,Budget
CUST103473,2024-06-19,Male,36,Los Angeles,Usa,Paid Search,Mainstream
CUST106057,2025-07-31,Male,55,Miami,Usa,Organic Search,Premium
CUST103231,2024-05-12,Female,39,Miami,Usa,Referral,Mainstream
CUST105185,2025-03-20,Female,20,Chicago,Usa,Social Media,Mainstream
CUST100135,2023-01-24,Female,42,New York,Usa,Affiliate,Mainstream
CUST102517,2024-01-17,Male,30,Chicago,Usa,Affiliate,Premium
CUST105593,2025-05-20,Female,37,Miami,Usa,Organic Search,Mainstream
CUST105638,2025-05-26,Female,23,Minneapolis,Usa,Paid Search,Mainstream
CUST106324,2025-09-16,Female,43,Montreal,Canada,Paid Search,Mainstream
CUST104691,2024-12-28,Male,29,Boston,Usa,Email,Mainstream
CUST105635,2025-05-26,Male,25,Vancouver,Canada,Email,Budget
CUST105033,2025-02-25,Male,33,Vancouver,Canada,Email,Mainstream
CUST101737,2023-09-25,Female,31,Dallas,Usa,Social Media,Mainstream
CUST103080,2024-04-21,Male,18,Denver,Usa,Social Media,Mainstream
CUST105313,2025-04-08,Other/Undisclosed,42,Denver,Usa,Referral,Mainstream
CUST102275,2023-12-14,Female,54,Unknown,Usa,Email,Mainstream
CUST102126,2023-11-23,Male,30,San Diego,Usa,Organic Search,Mainstream
CUST100807,2023-05-05,Female,26,Montreal,Canada,Social Media,Premium
CUST100462,2023-03-15,Male,40,San Diego,Usa,Paid Search,Mainstream
CUST100879,2023-05-16,Female,20,Chicago,Usa,Affiliate,Mainstream
CUST103240,2024-05-12,Male,36,Vancouver,Canada,Social Media,Premium
CUST102836,2024-03-12,Female,40,Austin,Usa,Organic Search,Premium
CUST105454,2025-04-27,Female,49,Dallas,Usa,Direct,Mainstream
CUST104152,2024-09-29,Female,35,Boston,Usa,Affiliate,Budget
CUST105852,2025-06-30,Female,48,Houston,Usa,Social Media,Mainstream
CUST100799,2023-05-05,Male,37,Atlanta,Usa,Social Media,Budget
CUST100354,2023-02-26,Male,18,Miami,Usa,Email,Mainstream
CUST102704,2024-02-20,Female,30,Calgary,Canada,Paid Search,Budget
CUST101073,2023-06-14,Female,43,Boston,Usa,Social Media,Mainstream
CUST102603,2024-02-03,Male,27,Denver,Usa,Organic Search,Mainstream
CUST102131,2023-11-24,Female,55,Austin,Usa,Paid Search,Mainstream
CUST100144,2023-01-25,Female,24,Atlanta,Usa,Social Media,Premium
CUST100380,2023-03-03,Male,55,Toronto,Canada,Paid Search,Mainstream
CUST101340,2023-07-24,Male,21,Phoenix,Usa,Paid Search,Mainstream
CUST103254,2024-05-14,Female,30,Atlanta,Usa,Social Media,Mainstream
CUST100121,2023-01-21,Female,46,Dallas,Usa,Organic Search,Budget
CUST106298,2025-09-12,Female,41,Nashville,Usa,Organic Search,Premium
CUST106547,2025-10-20,Female,21,Dallas,Usa,Social Media,Premium
CUST101360,2023-07-26,Female,39,Minneapolis,Usa,Paid Search,Premium
CUST100418,2023-03-08,Male,18,Atlanta,Usa,Direct,Mainstream
CUST105019,2025-02-23,Female,18,Phoenix,Usa,Paid Search,Budget
CUST106698,2025-11-13,Male,26,Houston,Usa,Email,Mainstream
CUST101514,2023-08-17,Female,47,Los Angeles,Usa,Social Media,Mainstream
CUST106169,2025-08-19,Male,37,San Diego,Usa,Direct,Mainstream
CUST104932,2025-02-09,Male,33,Portland,Usa,Organic Search,Mainstream
CUST102142,2023-11-25,Male,36,San Diego,Usa,Referral,Budget
CUST105924,2025-07-12,Male,34,Los Angeles,Usa,Organic Search,Budget
CUST100555,2023-03-30,Male,34,San Diego,Usa,Affiliate,Mainstream
CUST102977,2024-04-03,Female,42,Phoenix,Usa,Direct,Budget
CUST103535,2024-06-28,Male,41,New York,Usa,Organic Search,Budget
CUST105105,2025-03-09,Female,34,Unknown,Canada,Paid Search,Mainstream
CUST101485,2023-08-12,Female,37,Boston,Usa,Social Media,Budget
CUST105010,2025-02-21,Female,40,Boston,Usa,Social Media,Mainstream
CUST101272,2023-07-13,Female,37,Dallas,Usa,Paid Search,Mainstream
CUST106590,2025-10-24,Male,25,Phoenix,Usa,Affiliate,Budget
CUST101411,2023-08-02,Female,47,Seattle,Usa,Paid Search,Mainstream
CUST104773,2025-01-11,Male,18,Atlanta,Usa,Paid Search,Budget
CUST106424,2025-10-04,Female,41,Seattle,Usa,Affiliate,Mainstream
CUST101471,2023-08-10,Female,21,Phoenix,Usa,Paid Search,Mainstream
CUST105995,2025-07-21,Female,39,Calgary,Canada,Social Media,Budget
CUST106832,2025-12-04,Female,27,Vancouver,Canada,Social Media,Premium
CUST105060,2025-03-01,Female,36,Atlanta,Usa,Organic Search,Mainstream
CUST105628,2025-05-25,Female,38,San Diego,Usa,Referral,Budget
CUST104148,2024-09-29,Female,34,Montreal,Canada,Paid Search,Premium
CUST101888,2023-10-17,Female,36,New York,Usa,Paid Search,Budget
CUST103662,2024-07-19,Male,30,Minneapolis,Usa,Email,Budget
CUST106237,2025-08-30,Female,29,Denver,Usa,Email,Premium
CUST104845,2025-01-24,Female,44,Boston,Usa,Direct,Budget
CUST106604,2025-10-27,Male,50,Dallas,Usa,Social Media,Mainstream
CUST100981,2023-06-01,Male,18,Chicago,Usa,Social Media,Premium
CUST105966,2025-07-19,Female,21,Boston,Usa,Social Media,Budget
CUST105590,2025-05-20,Male,18,Chicago,Usa,Organic Search,Mainstream
CUST103238,2024-05-12,Male,18,Minneapolis,Usa,Referral,Mainstream
CUST106199,2025-08-23,Female,29,Minneapolis,Usa,Social Media,Budget
CUST101268,2023-07-12,Female,47,Boston,Usa,Paid Search,Premium
CUST100414,2023-03-08,Female,30,Denver,Usa,Email,Premium
CUST100268,2023-02-13,Male,43,Seattle,Usa,Organic Search,Mainstream
CUST104668,2024-12-22,Female,53,Denver,Usa,Direct,Premium
CUST100654,2023-04-14,Male,40,Boston,Usa,Affiliate,Premium
CUST103885,2024-08-18,Male,35,Minneapolis,Usa,Referral,Mainstream
CUST106845,2025-12-07,Male,35,Atlanta,Usa,Organic Search,Premium
CUST105925,2025-07-12,Male,32,Atlanta,Usa,Paid Search,Mainstream
CUST105151,2025-03-15,Male,36,Chicago,Usa,Paid Search,Budget
CUST102333,2023-12-22,Male,32,Austin,Usa,Paid Search,Budget
CUST106049,2025-07-30,Female,24,Boston,Usa,Affiliate,Budget
CUST100773,2023-04-30,Male,25,Dallas,Usa,Email,Budget
CUST103578,2024-07-05,Female,31,Atlanta,Usa,Social Media,Mainstream
CUST100589,2023-04-05,Female,19,Atlanta,Usa,Social Media,Premium
CUST102902,2024-03-24,Female,49,Vancouver,Canada,Referral,Budget
CUST102124,2023-11-22,Female,28,Los Angeles,Usa,Affiliate,Mainstream
CUST102166,2023-11-27,Female,28,Los Angeles,Usa,Paid Search,Mainstream
CUST103592,2024-07-07,Male,43,Houston,Usa,Email,Budget
CUST103032,2024-04-14,Male,45,Houston,Usa,Organic Search,Mainstream
CUST103901,2024-08-20,Female,45,Portland,Usa,Affiliate,Budget
CUST104245,2024-10-14,Male,38,Unknown,Usa,Paid Search,Budget
CUST102622,2024-02-06,Male,38,Nashville,Usa,Social Media,Mainstream
CUST100701,2023-04-20,Male,37,New York,Usa,Paid Search,Mainstream
CUST104250,2024-10-16,Male,31,Denver,Usa,Referral,Mainstream
CUST106622,2025-10-31,Female,42,Miami,Usa,Organic Search,Mainstream
CUST105587,2025-05-19,Male,59,New York,Usa,Referral,Mainstream
CUST100677,2023-04-17,Other/Undisclosed,36,Houston,Usa,Paid Search,Mainstream
CUST102732,2024-02-25,Male,30,Portland,Usa,Email,Budget
CUST104715,2025-01-01,Female,29,Minneapolis,Usa,Organic Search,Premium
CUST102594,2024-02-01,Other/Undisclosed,47,New York,Usa,Affiliate,Mainstream
CUST103767,2024-08-01,Male,46,Los Angeles,Usa,Organic Search,Mainstream
CUST104075,2024-09-15,Other/Undisclosed,35,Minneapolis,Usa,Social Media,Mainstream
CUST100693,2023-04-19,Male,45,San Diego,Usa,Organic Search,Mainstream
CUST101513,2023-08-17,Male,33,Seattle,Usa,Email,Budget
CUST102873,2024-03-18,Male,36,New York,Usa,Organic Search,Mainstream
CUST106097,2025-08-06,Female,28,Boston,Usa,Email,Premium
CUST106655,2025-11-05,Female,36,Austin,Usa,Direct,Mainstream
CUST100110,2023-01-19,Male,34,Minneapolis,Usa,Paid Search,Mainstream
CUST104734,2025-01-05,Male,35,Seattle,Usa,Email,Mainstream
CUST104353,2024-11-01,Female,32,Miami,Usa,Email,Budget
CUST103164,2024-05-03,Female,21,Denver,Usa,Organic Search,Mainstream
CUST106116,2025-08-09,Female,46,Seattle,Usa,Organic Search,Budget
CUST104382,2024-11-05,Female,51,Los Angeles,Usa,Affiliate,Budget
CUST102619,2024-02-06,Female,26,Chicago,Usa,Referral,Budget
CUST100856,2023-05-13,Male,26,Minneapolis,Usa,Email,Premium
CUST105632,2025-05-26,Female,18,Miami,Usa,Social Media,Budget
CUST106037,2025-07-28,Female,18,Portland,Usa,Social Media,Premium
CUST101940,2023-10-26,Female,31,Montreal,Canada,Organic Search,Budget
CUST103132,2024-04-29,Male,26,San Diego,Usa,Affiliate,Budget
CUST102927,2024-03-27,Female,35,Atlanta,Usa,Social Media,Mainstream
CUST104254,2024-10-16,Female,27,San Diego,Usa,Paid Search,Budget
CUST104386,2024-11-06,Female,55,San Diego,Usa,Paid Search,Budget
CUST101758,2023-09-27,Female,34,Calgary,Canada,Affiliate,Mainstream
CUST102002,2023-11-05,Female,31,Denver,Usa,Direct,Budget
CUST103196,2024-05-07,Female,34,Miami,Usa,Referral,Budget
CUST100605,2023-04-08,Female,28,Austin,Usa,Social Media,Mainstream
CUST102431,2024-01-05,Female,46,Toronto,Canada,Social Media,Mainstream
CUST106104,2025-08-07,Female,45,New York,Usa,Paid Search,Budget
CUST105904,2025-07-09,Male,38,Atlanta,Usa,Paid Search,Mainstream
CUST101468,2023-08-10,Female,18,Seattle,Usa,Direct,Budget
CUST105171,2025-03-18,Female,21,Houston,Usa,Paid Search,Mainstream
CUST102807,2024-03-07,Male,27,Portland,Usa,Social Media,Mainstream
CUST106163,2025-08-17,Male,36,Chicago,Usa,Affiliate,Mainstream
CUST103244,2024-05-13,Female,47,Austin,Usa,Email,Mainstream
CUST102916,2024-03-26,Female,26,Phoenix,Usa,Paid Search,Mainstream
CUST100107,2023-01-18,Female,22,Chicago,Usa,Affiliate,Premium
CUST100029,2023-01-05,Female,50,Austin,Usa,Social Media,Mainstream
CUST106507,2025-10-15,Other/Undisclosed,35,Austin,Usa,Direct,Premium
CUST103143,2024-05-01,Female,18,Denver,Usa,Email,Premium
CUST102182,2023-11-29,Female,52,Boston,Usa,Direct,Premium
CUST102689,2024-02-17,Male,48,Austin,Usa,Social Media,Budget
CUST105369,2025-04-15,Male,38,Dallas,Usa,Referral,Mainstream
CUST100751,2023-04-27,Female,26,Seattle,Usa,Paid Search,Premium
CUST103161,2024-05-03,Male,62,Denver,Usa,Organic Search,Premium
CUST100584,2023-04-05,Female,33,Atlanta,Usa,Organic Search,Mainstream
CUST101220,2023-07-05,Female,39,Los Angeles,Usa,Referral,Premium
CUST105884,2025-07-05,Female,42,Portland,Usa,Organic Search,Mainstream
CUST103318,2024-05-25,Female,34,Dallas,Usa,Social Media,Premium
CUST102890,2024-03-22,Female,60,Dallas,Usa,Social Media,Budget
CUST106045,2025-07-29,Female,19,Calgary,Canada,Referral,Budget
CUST100548,2023-03-29,Female,22,Miami,Usa,Paid Search,Mainstream
CUST105441,2025-04-25,Female,37,Chicago,Usa,Email,Mainstream
CUST105724,2025-06-10,Female,38,Austin,Usa,Email,Budget
CUST102018,2023-11-07,Female,38,Portland,Usa,Referral,Budget
CUST106540,2025-10-18,Female,40,New York,Usa,Social Media,Premium
CUST104149,2024-09-29,Male,41,Phoenix,Usa,Social Media,Budget
CUST102287,2023-12-16,Male,54,Phoenix,Usa,Referral,Mainstream
CUST106775,2025-11-26,Female,29,San Diego,Usa,Affiliate,Premium
CUST106879,2025-12-14,Female,18,Miami,Usa,Direct,Budget
CUST105189,2025-03-21,Male,23,Atlanta,Usa,Paid Search,Mainstream
CUST104938,2025-02-10,Male,36,Phoenix,Usa,Social Media,Budget
CUST103997,2024-09-04,Female,38,Montreal,Canada,Paid Search,Mainstream
CUST100344,2023-02-25,Male,23,Miami,Usa,Social Media,Budget
CUST104322,2024-10-28,Female,31,Boston,Usa,Affiliate,Mainstream
CUST106785,2025-11-27,Female,32,Atlanta,Usa,Social Media,Mainstream
CUST101575,2023-08-29,Female,43,Toronto,Canada,Organic Search,Budget
CUST102167,2023-11-27,Male,37,Montreal,Canada,Paid Search,Budget
CUST106596,2025-10-26,Female,35,Nashville,Usa,Social Media,Mainstream
CUST105113,2025-03-10,Female,45,Seattle,Usa,Organic Search,Premium
CUST102778,2024-03-04,Male,62,New York,Usa,Organic Search,Budget
CUST106916,2025-12-18,Female,29,New York,Usa,Social Media,Mainstream
CUST102985,2024-04-04,Male,27,Toronto,Canada,Social Media,Mainstream
CUST105998,2025-07-21,Other/Undisclosed,60,Portland,Usa,Email,Budget
CUST100090,2023-01-14,Male,30,Toronto,Canada,Paid Search,Budget
CUST105929,2025-07-13,Male,18,Los Angeles,Usa,Social Media,Budget
CUST104339,2024-10-30,Female,35,Nashville,Usa,Social Media,Mainstream
CUST102042,2023-11-11,Male,40,Calgary,Canada,Social Media,Mainstream
CUST105095,2025-03-07,Male,32,Atlanta,Usa,Paid Search,Mainstream
CUST102586,2024-01-31,Female,18,Miami,Usa,Direct,Budget
CUST100624,2023-04-10,Other/Undisclosed,53,Los Angeles,Usa,Social Media,Budget
CUST100069,2023-01-11,Female,50,Chicago,Usa,Paid Search,Budget
CUST100889,2023-05-18,Male,20,Atlanta,Usa,Email,Premium
CUST105218,2025-03-26,Female,22,Chicago,Usa,Direct,Mainstream
CUST105333,2025-04-10,Male,20,Portland,Usa,Paid Search,Premium
CUST104537,2024-12-01,Female,34,San Diego,Usa,Organic Search,Premium
CUST104630,2024-12-17,Male,38,Boston,Usa,Organic Search,Mainstream
CUST103909,2024-08-21,Female,46,Boston,Usa,Paid Search,Premium
CUST103641,2024-07-15,Male,26,Vancouver,Canada,Social Media,Mainstream
CUST100947,2023-05-26,Female,36,Nashville,Usa,Organic Search,Premium
CUST100877,2023-05-16,Female,32,Boston,Usa,Affiliate,Premium
CUST105979,2025-07-20,Male,35,Austin,Usa,Social Media,Mainstream
CUST106567,2025-10-22,Other/Undisclosed,34,Boston,Usa,Paid Search,Mainstream
CUST102458,2024-01-08,Male,26,Toronto,Canada,Organic Search,Mainstream
CUST100293,2023-02-17,Female,25,San Diego,Usa,Organic Search,Mainstream
CUST105190,2025-03-21,Female,52,Montreal,Canada,Referral,Mainstream
CUST106541,2025-10-18,Female,26,Nashville,Usa,Social Media,Mainstream
CUST100445,2023-03-13,Male,24,Miami,Usa,Direct,Budget
CUST106568,2025-10-22,Female,41,Boston,Usa,Social Media,Mainstream
CUST104609,2024-12-14,Male,45,Nashville,Usa,Referral,Mainstream
CUST106998,2025-12-30,Male,40,Boston,Usa,Organic Search,Budget
CUST104262,2024-10-17,Female,34,Phoenix,Usa,Email,Mainstream
CUST101872,2023-10-15,Female,37,Houston,Usa,Organic Search,Budget
CUST105180,2025-03-20,Female,41,Minneapolis,Usa,Organic Search,Budget
CUST104684,2024-12-26,Female,24,Atlanta,Usa,Organic Search,Mainstream
CUST102862,2024-03-17,Female,21,Chicago,Usa,Organic Search,Premium
CUST106264,2025-09-04,Female,57,Austin,Usa,Paid Search,Mainstream
CUST104672,2024-12-23,Male,30,Miami,Usa,Organic Search,Budget
CUST106025,2025-07-25,Male,32,Seattle,Usa,Direct,Premium
CUST105023,2025-02-24,Female,28,Los Angeles,Usa,Social Media,Mainstream
CUST104915,2025-02-05,Male,44,Minneapolis,Usa,Paid Search,Mainstream
CUST100367,2023-03-01,Female,19,Minneapolis,Usa,Direct,Mainstream
CUST103408,2024-06-06,Other/Undisclosed,40,Chicago,Usa,Affiliate,Mainstream
CUST105324,2025-04-10,Male,51,Dallas,Usa,Social Media,Mainstream
CUST106682,2025-11-09,Female,64,Atlanta,Usa,Organic Search,Mainstream
CUST106308,2025-09-14,Female,33,Denver,Usa,Paid Search,Mainstream
CUST103413,2024-06-07,Male,51,Portland,Usa,Organic Search,Premium
CUST102020,2023-11-08,Female,25,Atlanta,Usa,Organic Search,Premium
CUST106447,2025-10-07,Female,24,Atlanta,Usa,Affiliate,Premium
CUST102249,2023-12-11,Other/Undisclosed,30,Toronto,Canada,Social Media,Mainstream
CUST104013,2024-09-07,Male,47,Atlanta,Usa,Email,Mainstream
CUST104526,2024-11-29,Female,27,Portland,Usa,Direct,Mainstream
CUST103538,2024-06-29,Male,53,San Diego,Usa,Organic Search,Budget
CUST104328,2024-10-28,Male,26,Denver,Usa,Affiliate,Mainstream
CUST104958,2025-02-13,Male,62,Chicago,Usa,Organic Search,Budget
CUST104475,2024-11-21,Male,62,Minneapolis,Usa,Referral,Mainstream
CUST106798,2025-11-29,Male,39,Austin,Usa,Affiliate,Mainstream
CUST102276,2023-12-14,Male,37,Los Angeles,Usa,Direct,Mainstream
CUST101186,2023-06-30,Female,51,Houston,Usa,Social Media,Premium
CUST102955,2024-03-31,Male,45,San Diego,Usa,Direct,Premium
CUST104920,2025-02-06,Female,33,Phoenix,Usa,Direct,Mainstream
CUST102715,2024-02-21,Female,35,Miami,Usa,Paid Search,Mainstream
CUST105967,2025-07-19,Male,30,Houston,Usa,Social Media,Mainstream
CUST106880,2025-12-14,Male,52,Atlanta,Usa,Affiliate,Budget
CUST100151,2023-01-26,Female,47,Seattle,Usa,Social Media,Mainstream
CUST101858,2023-10-12,Female,27,Houston,Usa,Direct,Budget
CUST102132,2023-11-24,Female,28,Phoenix,Usa,Paid Search,Mainstream
CUST101033,2023-06-07,Female,56,San Diego,Usa,Social Media,Mainstream
CUST101383,2023-07-29,Female,40,Dallas,Usa,Direct,Mainstream
CUST100915,2023-05-22,Male,39,Minneapolis,Usa,Paid Search,Budget
CUST101305,2023-07-18,Male,33,Chicago,Usa,Paid Search,Premium
CUST104962,2025-02-14,Male,55,Los Angeles,Usa,Email,Mainstream
CUST104507,2024-11-26,Male,39,Portland,Usa,Referral,Premium
CUST106160,2025-08-17,Female,32,Austin,Usa,Email,Premium
CUST100509,2023-03-21,Male,39,Dallas,Usa,Paid Search,Mainstream
CUST102304,2023-12-18,Female,45,Boston,Usa,Social Media,Premium
CUST105035,2025-02-25,Female,34,Portland,Usa,Affiliate,Budget
CUST103424,2024-06-08,Female,44,Austin,Usa,Organic Search,Premium
CUST106255,2025-09-04,Female,39,Seattle,Usa,Direct,Budget
CUST104838,2025-01-22,Female,29,Dallas,Usa,Affiliate,Mainstream
CUST104626,2024-12-16,Female,45,Minneapolis,Usa,Paid Search,Budget
CUST100748,2023-04-26,Female,26,Los Angeles,Usa,Email,Premium
CUST102641,2024-02-10,Female,33,Los Angeles,Usa,Email,Mainstream
CUST104063,2024-09-13,Female,31,Denver,Usa,Referral,Budget
CUST101921,2023-10-24,Female,50,Portland,Usa,Paid Search,Mainstream
CUST101310,2023-07-18,Female,37,Montreal,Canada,Email,Mainstream
CUST101611,2023-09-05,Male,38,Dallas,Usa,Social Media,Mainstream
CUST101961,2023-10-29,Female,30,Minneapolis,Usa,Paid Search,Premium
CUST100911,2023-05-21,Female,36,Chicago,Usa,Email,Mainstream
CUST102669,2024-02-14,Male,18,Atlanta,Usa,Paid Search,Mainstream
CUST104624,2024-12-16,Male,31,Dallas,Usa,Social Media,Budget
CUST102354,2023-12-25,Female,28,Nashville,Usa,Email,Premium
CUST103951,2024-08-28,Female,33,Dallas,Usa,Paid Search,Mainstream
CUST105260,2025-03-31,Male,26,Atlanta,Usa,Paid Search,Budget
CUST102676,2024-02-15,Male,22,Los Angeles,Usa,Social Media,Mainstream
CUST100471,2023-03-16,Female,23,Toronto,Canada,Social Media,Mainstream
CUST100967,2023-05-29,Male,59,Austin,Usa,Direct,Mainstream
CUST105445,2025-04-26,Male,32,Seattle,Usa,Paid Search,Mainstream
CUST102133,2023-11-24,Female,18,Minneapolis,Usa,Paid Search,Premium
CUST104596,2024-12-13,Female,43,Austin,Usa,Social Media,Mainstream
CUST103341,2024-05-28,Other/Undisclosed,49,Denver,Usa,Social Media,Mainstream
CUST106640,2025-11-03,Female,34,Calgary,Canada,Paid Search,Mainstream
CUST103805,2024-08-06,Female,50,Boston,Usa,Affiliate,Premium
CUST100896,2023-05-20,Female,40,San Diego,Usa,Paid Search,Mainstream
CUST105322,2025-04-09,Male,44,Nashville,Usa,Organic Search,Budget
CUST104912,2025-02-05,Male,57,Los Angeles,Usa,Organic Search,Budget
CUST105155,2025-03-16,Female,26,Nashville,Usa,Social Media,Mainstream
CUST101773,2023-09-29,Male,45,Phoenix,Usa,Organic Search,Mainstream
CUST103299,2024-05-22,Female,36,Portland,Usa,Email,Budget
CUST100251,2023-02-10,Female,49,Denver,Usa,Direct,Premium
CUST101209,2023-07-03,Female,22,Atlanta,Usa,Paid Search,Mainstream
CUST102684,2024-02-17,Female,33,New York,Usa,Email,Budget
CUST104714,2025-01-01,Female,18,Houston,Usa,Social Media,Budget
CUST102932,2024-03-28,Female,45,New York,Usa,Organic Search,Mainstream
CUST103370,2024-06-01,Male,33,New York,Usa,Direct,Premium
CUST103698,2024-07-24,Male,36,Seattle,Usa,Direct,Premium
CUST101128,2023-06-21,Female,25,Dallas,Usa,Paid Search,Budget
CUST102885,2024-03-22,Male,35,Boston,Usa,Social Media,Mainstream
CUST105168,2025-03-18,Male,27,Phoenix,Usa,Paid Search,Budget
CUST101593,2023-09-02,Female,49,Austin,Usa,Referral,Premium
CUST103552,2024-06-30,Female,45,Seattle,Usa,Email,Budget
CUST102471,2024-01-10,Female,35,Phoenix,Usa,Affiliate,Budget
CUST100057,2023-01-09,Male,24,New York,Usa,Direct,Budget
CUST101699,2023-09-19,Female,37,Chicago,Usa,Referral,Mainstream
CUST101322,2023-07-20,Male,36,Atlanta,Usa,Referral,Budget
CUST100176,2023-01-29,Female,28,Houston,Usa,Direct,Mainstream
CUST103467,2024-06-18,Female,35,Vancouver,Canada,Paid Search,Premium
CUST102252,2023-12-11,Male,37,Denver,Usa,Referral,Budget
CUST104059,2024-09-13,Male,34,Calgary,Canada,Paid Search,Mainstream
CUST106989,2025-12-29,Male,34,Chicago,Usa,Organic Search,Budget
CUST106018,2025-07-24,Female,18,Atlanta,Usa,Organic Search,Budget
CUST100292,2023-02-17,Female,21,Los Angeles,Usa,Paid Search,Mainstream
CUST101142,2023-06-23,Female,38,Dallas,Usa,Referral,Budget
CUST106080,2025-08-03,Male,53,San Diego,Usa,Referral,Mainstream
CUST103265,2024-05-17,Male,35,Dallas,Usa,Affiliate,Budget
CUST100183,2023-01-30,Female,42,Denver,Usa,Social Media,Budget
CUST101170,2023-06-27,Female,43,Nashville,Usa,Referral,Premium
CUST104813,2025-01-17,Female,34,Miami,Usa,Affiliate,Premium
CUST105028,2025-02-24,Male,32,Denver,Usa,Direct,Budget
CUST103353,2024-05-29,Female,34,Denver,Usa,Paid Search,Mainstream
CUST102057,2023-11-12,Female,26,Portland,Usa,Organic Search,Budget
CUST105327,2025-04-10,Male,31,Boston,Usa,Social Media,Premium
CUST104693,2024-12-28,Male,43,Vancouver,Canada,Social Media,Mainstream
CUST101086,2023-06-15,Female,37,Austin,Usa,Organic Search,Budget
CUST104372,2024-11-03,Female,18,Atlanta,Usa,Organic Search,Mainstream
CUST105810,2025-06-24,Female,33,Austin,Usa,Direct,Budget
CUST101172,2023-06-28,Female,43,San Diego,Usa,Affiliate,Premium
CUST103783,2024-08-04,Female,30,Dallas,Usa,Paid Search,Mainstream
CUST104907,2025-02-04,Male,30,Minneapolis,Usa,Email,Budget
CUST103011,2024-04-09,Female,39,Minneapolis,Usa,Direct,Budget
CUST105025,2025-02-24,Male,32,New York,Usa,Organic Search,Premium
CUST103929,2024-08-24,Male,44,Atlanta,Usa,Paid Search,Budget
CUST105206,2025-03-23,Female,40,New York,Usa,Direct,Mainstream
CUST106469,2025-10-10,Female,40,Dallas,Usa,Organic Search,Mainstream
CUST104725,2025-01-03,Female,36,San Diego,Usa,Direct,Premium
CUST102585,2024-01-31,Male,37,Atlanta,Usa,Paid Search,Budget
CUST103492,2024-06-22,Male,51,Atlanta,Usa,Paid Search,Budget
CUST105054,2025-03-01,Male,40,Seattle,Usa,Referral,Mainstream
CUST103107,2024-04-25,Female,24,Denver,Usa,Organic Search,Mainstream
CUST101956,2023-10-28,Female,37,Los Angeles,Usa,Email,Mainstream
CUST100613,2023-04-09,Female,30,Atlanta,Usa,Paid Search,Budget
CUST102486,2024-01-12,Female,26,San Diego,Usa,Affiliate,Mainstream
CUST105808,2025-06-24,Female,36,New York,Usa,Paid Search,Mainstream
CUST103248,2024-05-14,Female,54,Denver,Usa,Direct,Budget
CUST104674,2024-12-23,Female,36,Chicago,Usa,Referral,Premium
CUST101430,2023-08-05,Male,39,Chicago,Usa,Paid Search,Mainstream
CUST104087,2024-09-17,Other/Undisclosed,31,Boston,Usa,Direct,Budget
CUST101876,2023-10-15,Female,30,Miami,Usa,Direct,Mainstream
CUST101748,2023-09-26,Female,27,Dallas,Usa,Organic Search,Mainstream
CUST106339,2025-09-20,Other/Undisclosed,38,Portland,Usa,Social Media,Mainstream
CUST100505,2023-03-20,Female,39,Austin,Usa,Organic Search,Budget
CUST100415,2023-03-08,Female,21,Atlanta,Usa,Social Media,Mainstream
CUST105282,2025-04-02,Male,44,Los Angeles,Usa,Email,Budget
CUST100272,2023-02-13,Male,24,Toronto,Canada,Email,Mainstream
CUST102937,2024-03-29,Female,28,Houston,Usa,Paid Search,Budget
CUST101706,2023-09-21,Female,32,Denver,Usa,Referral,Mainstream
CUST106829,2025-12-04,Male,45,Dallas,Usa,Email,Premium
CUST102440,2024-01-06,Male,32,Houston,Usa,Affiliate,Mainstream
CUST102802,2024-03-07,Female,40,Montreal,Canada,Organic Search,Mainstream
CUST104667,2024-12-22,Other/Undisclosed,57,Nashville,Usa,Paid Search,Mainstream
CUST105880,2025-07-05,Female,47,Dallas,Usa,Social Media,Budget
CUST106435,2025-10-06,Female,28,Seattle,Usa,Direct,Mainstream
CUST100106,2023-01-18,Female,37,Austin,Usa,Social Media,Budget
CUST101344,2023-07-24,Female,35,Minneapolis,Usa,Organic Search,Budget
CUST106803,2025-11-29,Female,42,Los Angeles,Usa,Social Media,Mainstream
CUST103907,2024-08-21,Male,34,San Diego,Usa,Paid Search,Premium
CUST105272,2025-04-02,Male,33,Phoenix,Usa,Organic Search,Mainstream
CUST103246,2024-05-13,Male,37,Vancouver,Canada,Organic Search,Premium
CUST102178,2023-11-29,Male,28,Atlanta,Usa,Email,Mainstream
CUST100952,2023-05-27,Male,46,Austin,Usa,Organic Search,Mainstream
CUST102118,2023-11-21,Male,45,Miami,Usa,Paid Search,Mainstream
CUST102582,2024-01-30,Male,33,Boston,Usa,Referral,Budget
CUST102184,2023-11-30,Female,41,Phoenix,Usa,Organic Search,Budget
CUST101504,2023-08-16,Female,27,Chicago,Usa,Social Media,Mainstream
CUST103288,2024-05-21,Male,35,Phoenix,Usa,Email,Premium
CUST106995,2025-12-30,Male,24,Portland,Usa,Email,Budget
CUST104235,2024-10-13,Female,39,Los Angeles,Usa,Paid Search,Mainstream
CUST102389,2023-12-29,Female,39,Chicago,Usa,Email,Budget
CUST105078,2025-03-04,Male,27,Los Angeles,Usa,Organic Search,Premium
CUST101121,2023-06-20,Male,27,Montreal,Canada,Organic Search,Premium
CUST103809,2024-08-07,Female,39,Denver,Usa,Paid Search,Premium
CUST105440,2025-04-25,Female,36,Nashville,Usa,Paid Search,Mainstream
CUST104192,2024-10-06,Female,34,New York,Usa,Paid Search,Budget
CUST101024,2023-06-06,Male,31,Montreal,Canada,Direct,Budget
CUST105414,2025-04-22,Female,27,Minneapolis,Usa,Social Media,Mainstream
CUST102417,2024-01-03,Male,30,Denver,Usa,Organic Search,Budget
CUST103407,2024-06-06,Male,47,Montreal,Canada,Paid Search,Budget
CUST102087,2023-11-16,Female,18,Chicago,Usa,Social Media,Mainstream
CUST106867,2025-12-11,Female,36,Toronto,Canada,Social Media,Budget
CUST100416,2023-03-08,Female,43,Houston,Usa,Referral,Budget
CUST102228,2023-12-07,Male,33,Toronto,Canada,Organic Search,Mainstream
CUST104140,2024-09-27,Female,37,Calgary,Canada,Social Media,Budget
CUST105993,2025-07-21,Male,60,Los Angeles,Usa,Social Media,Mainstream
CUST103941,2024-08-27,Male,42,New York,Usa,Paid Search,Budget
CUST100564,2023-04-02,Female,57,Minneapolis,Usa,Email,Premium
CUST100478,2023-03-17,Female,25,Minneapolis,Usa,Organic Search,Budget
CUST103334,2024-05-27,Female,36,Miami,Usa,Social Media,Premium
CUST106232,2025-08-30,Other/Undisclosed,25,Miami,Usa,Direct,Premium
CUST101203,2023-07-01,Female,22,Vancouver,Canada,Direct,Budget
CUST101224,2023-07-05,Female,24,San Diego,Usa,Social Media,Mainstream
CUST100142,2023-01-25,Male,44,Minneapolis,Usa,Direct,Premium
CUST102226,2023-12-06,Male,39,Calgary,Canada,Paid Search,Mainstream
CUST105309,2025-04-07,Male,26,San Diego,Usa,Social Media,Budget
CUST104190,2024-10-06,Female,56,Boston,Usa,Organic Search,Mainstream
CUST106254,2025-09-03,Male,27,Phoenix,Usa,Email,Mainstream
CUST102004,2023-11-06,Male,36,Dallas,Usa,Affiliate,Mainstream
CUST101194,2023-07-01,Female,26,Austin,Usa,Direct,Mainstream
CUST104118,2024-09-24,Male,60,Miami,Usa,Referral,Mainstream
CUST101756,2023-09-27,Male,18,Seattle,Usa,Paid Search,Budget
CUST100497,2023-03-20,Female,54,Denver,Usa,Paid Search,Budget
CUST106834,2025-12-05,Female,28,Miami,Usa,Direct,Mainstream
CUST106877,2025-12-13,Female,30,Boston,Usa,Organic Search,Budget
CUST103307,2024-05-23,Male,34,Phoenix,Usa,Organic Search,Budget
CUST100721,2023-04-23,Female,18,Calgary,Canada,Organic Search,Mainstream
CUST105111,2025-03-10,Male,31,Chicago,Usa,Referral,Mainstream
CUST103995,2024-09-03,Male,27,New York,Usa,Social Media,Mainstream
CUST101496,2023-08-14,Female,26,Miami,Usa,Direct,Mainstream
CUST104561,2024-12-06,Female,48,Portland,Usa,Social Media,Mainstream
CUST101520,2023-08-18,Male,34,Minneapolis,Usa,Affiliate,Budget
CUST105001,2025-02-19,Male,27,Boston,Usa,Paid Search,Budget
CUST102654,2024-02-11,Female,33,Toronto,Canada,Paid Search,Budget
CUST103001,2024-04-07,Female,50,Nashville,Usa,Social Media,Budget
CUST102617,2024-02-06,Female,23,Toronto,Canada,Affiliate,Mainstream
CUST105666,2025-05-29,Male,18,Phoenix,Usa,Organic Search,Budget
CUST100108,2023-01-19,Female,54,Dallas,Usa,Social Media,Premium
CUST101754,2023-09-27,Male,39,Nashville,Usa,Referral,Mainstream
CUST104917,2025-02-05,Male,45,Phoenix,Usa,Social Media,Mainstream
CUST101351,2023-07-25,Male,42,Unknown,Usa,Direct,Premium
CUST103820,2024-08-08,Female,20,Denver,Usa,Organic Search,Premium
CUST106504,2025-10-14,Female,22,Dallas,Usa,Social Media,Premium
CUST106812,2025-12-01,Male,46,Calgary,Canada,Referral,Mainstream
CUST101973,2023-10-31,Female,31,Phoenix,Usa,Paid Search,Budget
CUST100336,2023-02-24,Male,42,San Diego,Usa,Social Media,Budget
CUST104934,2025-02-10,Male,35,Houston,Usa,Social Media,Premium
CUST102812,2024-03-08,Male,46,Vancouver,Canada,Social Media,Premium
CUST104230,2024-10-12,Male,42,Austin,Usa,Organic Search,Budget
CUST102569,2024-01-28,Female,18,Miami,Usa,Organic Search,Premium
CUST100724,2023-04-23,Female,34,Atlanta,Usa,Paid Search,Budget
CUST100765,2023-04-29,Female,26,Atlanta,Usa,Direct,Mainstream
CUST102992,2024-04-05,Male,49,Seattle,Usa,Affiliate,Budget
CUST103773,2024-08-02,Female,44,Boston,Usa,Direct,Mainstream
CUST100307,2023-02-19,Male,18,Portland,Usa,Paid Search,Mainstream
CUST105763,2025-06-16,Male,39,Los Angeles,Usa,Paid Search,Mainstream
CUST104977,2025-02-16,Female,37,Seattle,Usa,Social Media,Premium
CUST102892,2024-03-23,Female,54,Boston,Usa,Paid Search,Premium
CUST105472,2025-05-01,Male,37,Los Angeles,Usa,Paid Search,Budget
CUST104168,2024-10-02,Male,18,Vancouver,Canada,Organic Search,Premium
CUST106371,2025-09-26,Male,24,New York,Usa,Email,Mainstream
CUST101791,2023-10-01,Female,46,Toronto,Canada,Paid Search,Budget
CUST105748,2025-06-14,Male,35,Boston,Usa,Affiliate,Mainstream
CUST104618,2024-12-15,Female,29,Atlanta,Usa,Referral,Premium
CUST104937,2025-02-10,Male,38,Unknown,Usa,Paid Search,Budget
CUST102053,2023-11-12,Female,49,Miami,Usa,Affiliate,Budget
CUST103947,2024-08-28,Female,19,Vancouver,Canada,Referral,Premium
CUST100071,2023-01-11,Female,27,Toronto,Canada,Paid Search,Budget
CUST103039,2024-04-15,Male,29,Boston,Usa,Direct,Budget
CUST103203,2024-05-08,Female,52,Houston,Usa,Email,Budget
CUST101260,2023-07-11,Female,42,Phoenix,Usa,Referral,Mainstream
CUST101666,2023-09-14,Female,38,Los Angeles,Usa,Social Media,Mainstream
CUST102318,2023-12-20,Female,40,Dallas,Usa,Email,Mainstream
CUST103113,2024-04-26,Female,26,Atlanta,Usa,Affiliate,Premium
CUST103393,2024-06-04,Female,51,Minneapolis,Usa,Organic Search,Premium
CUST102388,2023-12-29,Male,32,Austin,Usa,Social Media,Budget
CUST106697,2025-11-13,Male,48,Boston,Usa,Affiliate,Budget
CUST101695,2023-09-19,Other/Undisclosed,40,Denver,Usa,Paid Search,Premium
CUST101095,2023-06-17,Other/Undisclosed,25,Miami,Usa,Referral,Mainstream
CUST103878,2024-08-17,Female,36,Boston,Usa,Email,Budget
CUST103658,2024-07-18,Female,29,Denver,Usa,Direct,Mainstream
CUST104557,2024-12-04,Female,43,Vancouver,Canada,Direct,Premium
CUST101630,2023-09-07,Female,26,Los Angeles,Usa,Organic Search,Mainstream
CUST104085,2024-09-17,Female,34,Boston,Usa,Social Media,Mainstream
CUST101881,2023-10-16,Male,33,San Diego,Usa,Paid Search,Budget
CUST104704,2024-12-30,Female,35,San Diego,Usa,Paid Search,Mainstream
CUST101612,2023-09-05,Male,32,Vancouver,Canada,Email,Mainstream
CUST100978,2023-05-31,Male,32,Dallas,Usa,Affiliate,Budget
CUST103078,2024-04-21,Other/Undisclosed,18,Minneapolis,Usa,Social Media,Mainstream
CUST104986,2025-02-17,Male,42,Houston,Usa,Social Media,Budget
CUST102574,2024-01-29,Male,43,Toronto,Canada,Paid Search,Mainstream
CUST100848,2023-05-12,Female,45,Nashville,Usa,Organic Search,Mainstream
CUST106747,2025-11-20,Female,33,Nashville,Usa,Social Media,Premium
CUST104731,2025-01-04,Female,28,Austin,Usa,Email,Premium
CUST106075,2025-08-02,Female,39,San Diego,Usa,Social Media,Mainstream
CUST106388,2025-09-29,Female,29,Phoenix,Usa,Email,Budget
CUST100047,2023-01-08,Other/Undisclosed,32,Phoenix,Usa,Affiliate,Premium
CUST103295,2024-05-21,Female,46,Atlanta,Usa,Organic Search,Mainstream
CUST101350,2023-07-25,Female,24,Los Angeles,Usa,Organic Search,Mainstream
CUST102392,2023-12-29,Female,37,Los Angeles,Usa,Email,Budget
CUST100446,2023-03-13,Female,46,Toronto,Canada,Organic Search,Mainstream
CUST101743,2023-09-26,Female,32,New York,Usa,Paid Search,Premium
CUST100844,2023-05-11,Male,34,Boston,Usa,Social Media,Mainstream
CUST104511,2024-11-27,Male,27,Seattle,Usa,Social Media,Mainstream
CUST105294,2025-04-04,Female,35,Calgary,Canada,Organic Search,Mainstream
CUST103732,2024-07-28,Female,31,San Diego,Usa,Organic Search,Mainstream
CUST105494,2025-05-04,Female,28,Austin,Usa,Email,Budget
CUST103779,2024-08-04,Male,20,Nashville,Usa,Referral,Mainstream
CUST101294,2023-07-16,Female,33,Miami,Usa,Email,Premium
CUST106399,2025-09-30,Male,35,Denver,Usa,Social Media,Premium
CUST106100,2025-08-06,Female,39,Phoenix,Usa,Paid Search,Premium
CUST106569,2025-10-22,Female,35,Phoenix,Usa,Referral,Budget
CUST105020,2025-02-23,Male,40,Montreal,Canada,Email,Mainstream
CUST104623,2024-12-16,Female,35,Seattle,Usa,Organic Search,Mainstream
CUST101112,2023-06-18,Male,22,Phoenix,Usa,Paid Search,Mainstream
CUST100776,2023-04-30,Female,64,Denver,Usa,Email,Budget
CUST106647,2025-11-04,Female,20,Nashville,Usa,Paid Search,Budget
CUST104771,2025-01-11,Female,31,Minneapolis,Usa,Organic Search,Mainstream
CUST106263,2025-09-04,Female,59,San Diego,Usa,Paid Search,Premium
CUST102818,2024-03-10,Female,51,Atlanta,Usa,Social Media,Mainstream
CUST106952,2025-12-23,Male,39,Portland,Usa,Social Media,Mainstream
CUST103405,2024-06-06,Male,56,Montreal,Canada,Social Media,Mainstream
CUST101851,2023-10-11,Male,51,Los Angeles,Usa,Paid Search,Mainstream
CUST101963,2023-10-29,Male,36,Austin,Usa,Paid Search,Mainstream
CUST102284,2023-12-15,Female,45,Seattle,Usa,Social Media,Budget
CUST103921,2024-08-23,Female,46,Los Angeles,Usa,Paid Search,Mainstream
CUST103002,2024-04-07,Male,41,Boston,Usa,Affiliate,Premium
CUST100485,2023-03-18,Female,38,San Diego,Usa,Affiliate,Mainstream
CUST103063,2024-04-19,Male,32,Denver,Usa,Direct,Premium
CUST106134,2025-08-13,Male,42,Nashville,Usa,Direct,Budget
CUST105493,2025-05-04,Female,45,Seattle,Usa,Paid Search,Mainstream
CUST100030,2023-01-06,Female,41,Portland,Usa,Organic Search,Mainstream
CUST101879,2023-10-16,Male,37,Toronto,Canada,Paid Search,Mainstream
CUST102706,2024-02-20,Female,19,Calgary,Canada,Organic Search,Mainstream
CUST102662,2024-02-12,Female,26,Miami,Usa,Social Media,Mainstream
CUST102629,2024-02-08,Female,29,Chicago,Usa,Affiliate,Premium
CUST104528,2024-11-30,Other/Undisclosed,46,Houston,Usa,Affiliate,Budget
CUST104796,2025-01-15,Male,38,Seattle,Usa,Social Media,Budget
CUST103290,2024-05-21,Female,31,Seattle,Usa,Organic Search,Premium
CUST100636,2023-04-12,Female,60,Denver,Usa,Affiliate,Mainstream
CUST104454,2024-11-17,Male,29,Boston,Usa,Affiliate,Premium
CUST103008,2024-04-09,Male,23,Boston,Usa,Social Media,Premium
CUST101083,2023-06-15,Other/Undisclosed,26,Atlanta,Usa,Organic Search,Mainstream
CUST100861,2023-05-14,Female,30,Portland,Usa,Paid Search,Mainstream
CUST103109,2024-04-25,Female,44,New York,Usa,Paid Search,Budget
CUST100903,2023-05-21,Female,34,Portland,Usa,Referral,Mainstream
CUST102840,2024-03-14,Male,23,Los Angeles,Usa,Direct,Mainstream
CUST100109,2023-01-19,Female,36,Portland,Usa,Social Media,Mainstream
CUST106766,2025-11-24,Female,46,Denver,Usa,Paid Search,Budget
CUST103842,2024-08-12,Male,19,Austin,Usa,Organic Search,Mainstream
CUST102526,2024-01-19,Female,31,Miami,Usa,Referral,Mainstream
CUST103718,2024-07-26,Female,18,Nashville,Usa,Organic Search,Mainstream
CUST106524,2025-10-16,Female,38,Denver,Usa,Social Media,Premium
CUST104165,2024-10-02,Female,37,Vancouver,Canada,Paid Search,Mainstream
CUST103862,2024-08-14,Male,40,San Diego,Usa,Affiliate,Mainstream
CUST101831,2023-10-08,Male,22,Boston,Usa,Paid Search,Budget
CUST102648,2024-02-11,Male,37,Phoenix,Usa,Affiliate,Budget
CUST100782,2023-05-02,Male,36,Denver,Usa,Paid Search,Budget
CUST106869,2025-12-11,Other/Undisclosed,34,San Diego,Usa,Email,Premium
CUST103326,2024-05-26,Female,38,Portland,Usa,Social Media,Budget
CUST102991,2024-04-05,Male,34,Miami,Usa,Referral,Budget
CUST103308,2024-05-23,Female,36,Denver,Usa,Email,Premium
CUST101825,2023-10-07,Female,31,Portland,Usa,Organic Search,Budget
CUST101094,2023-06-17,Female,56,Minneapolis,Usa,Email,Mainstream
CUST104921,2025-02-06,Male,18,Portland,Usa,Email,Mainstream
CUST103102,2024-04-24,Female,33,Boston,Usa,Organic Search,Mainstream
CUST102615,2024-02-06,Male,53,Denver,Usa,Social Media,Budget
CUST104336,2024-10-30,Female,21,Phoenix,Usa,Organic Search,Premium
CUST102576,2024-01-29,Male,43,Miami,Usa,Affiliate,Mainstream
CUST105397,2025-04-18,Female,46,Houston,Usa,Referral,Mainstream
CUST101654,2023-09-12,Female,35,Phoenix,Usa,Referral,Budget
CUST105758,2025-06-16,Female,45,Seattle,Usa,Direct,Premium
CUST105661,2025-05-28,Male,45,Denver,Usa,Paid Search,Mainstream
CUST102351,2023-12-25,Male,24,Montreal,Canada,Referral,Budget
CUST103825,2024-08-10,Female,41,Austin,Usa,Organic Search,Mainstream
CUST104564,2024-12-06,Male,21,Dallas,Usa,Direct,Premium
CUST102531,2024-01-20,Female,37,Phoenix,Usa,Organic Search,Mainstream
CUST104379,2024-11-04,Male,25,Dallas,Usa,Organic Search,Mainstream
CUST106149,2025-08-15,Female,33,Unknown,Usa,Organic Search,Budget
CUST102453,2024-01-07,Female,22,New York,Usa,Paid Search,Premium
CUST105439,2025-04-25,Male,32,New York,Usa,Direct,Premium
CUST102906,2024-03-24,Other/Undisclosed,38,Atlanta,Usa,Direct,Premium
CUST101204,2023-07-02,Female,48,Portland,Usa,Direct,Mainstream
CUST102202,2023-12-03,Female,26,Dallas,Usa,Affiliate,Mainstream
CUST102644,2024-02-10,Male,31,Atlanta,Usa,Email,Premium
CUST103279,2024-05-19,Male,44,Calgary,Canada,Paid Search,Mainstream
CUST105418,2025-04-23,Male,44,Atlanta,Usa,Paid Search,Mainstream
CUST106717,2025-11-16,Female,32,Nashville,Usa,Social Media,Budget
CUST106996,2025-12-30,Female,35,Atlanta,Usa,Paid Search,Mainstream
CUST101770,2023-09-29,Male,67,Atlanta,Usa,Paid Search,Mainstream
CUST100829,2023-05-10,Male,28,Boston,Usa,Email,Budget
CUST103464,2024-06-17,Female,38,San Diego,Usa,Paid Search,Budget
CUST103392,2024-06-04,Female,39,Nashville,Usa,Social Media,Premium
CUST100627,2023-04-11,Female,33,Atlanta,Usa,Referral,Mainstream
CUST104119,2024-09-24,Male,42,San Diego,Usa,Referral,Mainstream
CUST100925,2023-05-23,Female,39,New York,Usa,Email,Mainstream
CUST100295,2023-02-17,Male,39,Miami,Usa,Organic Search,Mainstream
CUST101052,2023-06-11,Female,46,Toronto,Canada,Paid Search,Premium
CUST106753,2025-11-21,Female,32,San Diego,Usa,Affiliate,Budget
CUST103555,2024-07-01,Female,42,Toronto,Canada,Organic Search,Budget
CUST102268,2023-12-13,Female,34,Phoenix,Usa,Organic Search,Budget
CUST100944,2023-05-26,Female,31,Phoenix,Usa,Organic Search,Mainstream
CUST106691,2025-11-12,Female,33,Miami,Usa,Social Media,Mainstream
CUST105832,2025-06-27,Female,30,Boston,Usa,Email,Mainstream
CUST100012,2023-01-02,Other/Undisclosed,42,Dallas,Usa,Paid Search,Mainstream
CUST101117,2023-06-19,Female,32,Minneapolis,Usa,Social Media,Budget
CUST105117,2025-03-10,Male,53,Phoenix,Usa,Affiliate,Mainstream
CUST106601,2025-10-26,Male,51,Portland,Usa,Affiliate,Mainstream
CUST104782,2025-01-12,Female,37,Phoenix,Usa,Social Media,Mainstream
CUST103939,2024-08-27,Male,36,Seattle,Usa,Paid Search,Premium
CUST101319,2023-07-20,Female,42,Chicago,Usa,Paid Search,Mainstream
CUST103935,2024-08-26,Female,46,Minneapolis,Usa,Email,Mainstream
CUST106875,2025-12-12,Male,38,New York,Usa,Referral,Premium
CUST106907,2025-12-16,Male,42,Austin,Usa,Organic Search,Mainstream
CUST106539,2025-10-18,Female,43,Chicago,Usa,Paid Search,Budget
CUST103227,2024-05-11,Female,50,Houston,Usa,Email,Mainstream
CUST103166,2024-05-03,Male,45,Houston,Usa,Organic Search,Premium
CUST100653,2023-04-14,Female,31,Dallas,Usa,Paid Search,Budget
CUST102481,2024-01-11,Female,55,Houston,Usa,Referral,Mainstream
CUST103509,2024-06-25,Female,41,Chicago,Usa,Organic Search,Mainstream
CUST104215,2024-10-09,Female,33,Houston,Usa,Direct,Budget
CUST106571,2025-10-22,Male,18,Miami,Usa,Paid Search,Mainstream
CUST106862,2025-12-10,Female,28,Nashville,Usa,Organic Search,Mainstream
CUST104669,2024-12-22,Female,18,Nashville,Usa,Direct,Mainstream
CUST106532,2025-10-17,Male,34,Miami,Usa,Organic Search,Premium
CUST106230,2025-08-29,Female,46,Boston,Usa,Paid Search,Premium
CUST105120,2025-03-11,Male,28,Phoenix,Usa,Direct,Budget
CUST106179,2025-08-20,Female,34,Houston,Usa,Social Media,Premium
CUST104874,2025-01-28,Male,47,Austin,Usa,Paid Search,Mainstream
CUST100570,2023-04-03,Female,26,Denver,Usa,Social Media,Premium
CUST101448,2023-08-07,Male,18,San Diego,Usa,Organic Search,Premium
CUST103263,2024-05-17,Male,34,Seattle,Usa,Email,Budget
CUST106675,2025-11-09,Male,36,Atlanta,Usa,Direct,Premium
CUST101745,2023-09-26,Male,22,Los Angeles,Usa,Social Media,Budget
CUST106801,2025-11-29,Male,27,Miami,Usa,Paid Search,Mainstream
CUST102948,2024-03-30,Male,47,Nashville,Usa,Social Media,Budget
CUST100287,2023-02-16,Female,33,Dallas,Usa,Referral,Mainstream
CUST101738,2023-09-25,Female,39,Montreal,Canada,Direct,Premium
CUST104393,2024-11-06,Female,41,Portland,Usa,Paid Search,Mainstream
CUST106377,2025-09-27,Male,35,Los Angeles,Usa,Organic Search,Mainstream
CUST103035,2024-04-14,Female,31,Denver,Usa,Organic Search,Mainstream
CUST103821,2024-08-08,Female,18,Montreal,Canada,Paid Search,Budget
CUST105698,2025-06-04,Female,23,Phoenix,Usa,Paid Search,Mainstream
CUST103193,2024-05-07,Male,59,New York,Usa,Organic Search,Budget
CUST104024,2024-09-08,Female,43,Chicago,Usa,Social Media,Mainstream
CUST101684,2023-09-17,Female,41,Chicago,Usa,Email,Mainstream
CUST105426,2025-04-23,Male,57,Seattle,Usa,Paid Search,Budget
CUST101338,2023-07-23,Female,36,New York,Usa,Email,Budget
CUST104367,2024-11-03,Female,37,Atlanta,Usa,Organic Search,Mainstream
CUST105769,2025-06-18,Male,61,Portland,Usa,Paid Search,Budget
CUST103527,2024-06-27,Female,32,Seattle,Usa,Email,Mainstream
CUST103733,2024-07-29,Female,42,Portland,Usa,Email,Premium
CUST102258,2023-12-11,Female,44,Vancouver,Canada,Email,Mainstream
CUST104002,2024-09-04,Female,26,Dallas,Usa,Paid Search,Budget
CUST104247,2024-10-15,Male,25,Nashville,Usa,Paid Search,Budget
CUST103047,2024-04-17,Female,24,Miami,Usa,Email,Mainstream
CUST104617,2024-12-15,Female,39,Calgary,Canada,Paid Search,Premium
CUST103624,2024-07-11,Female,42,Denver,Usa,Paid Search,Premium
CUST101564,2023-08-27,Male,33,Denver,Usa,Social Media,Budget
CUST105365,2025-04-15,Female,43,Portland,Usa,Direct,Mainstream
CUST106893,2025-12-15,Male,30,New York,Usa,Paid Search,Mainstream
CUST102445,2024-01-07,Female,35,Phoenix,Usa,Social Media,Premium
CUST102185,2023-11-30,Female,55,Calgary,Canada,Email,Budget
CUST103625,2024-07-11,Other/Undisclosed,32,Austin,Usa,Paid Search,Mainstream
CUST101231,2023-07-06,Male,46,Calgary,Canada,Social Media,Budget
CUST104412,2024-11-09,Female,37,Seattle,Usa,Social Media,Budget
CUST101258,2023-07-11,Female,36,San Diego,Usa,Referral,Premium
CUST102254,2023-12-11,Female,41,San Diego,Usa,Affiliate,Mainstream
CUST101951,2023-10-28,Male,26,Boston,Usa,Social Media,Premium
CUST106535,2025-10-18,Male,38,Dallas,Usa,Organic Search,Mainstream
CUST100113,2023-01-19,Male,40,Miami,Usa,Social Media,Budget
CUST105968,2025-07-19,Female,31,Portland,Usa,Organic Search,Budget
CUST105871,2025-07-04,Female,47,Houston,Usa,Affiliate,Mainstream
CUST104886,2025-02-01,Other/Undisclosed,50,Atlanta,Usa,Direct,Mainstream
CUST100507,2023-03-21,Female,42,Los Angeles,Usa,Paid Search,Mainstream
CUST106804,2025-11-29,Male,54,Denver,Usa,Email,Premium
CUST103148,2024-05-02,Male,21,Montreal,Canada,Email,Mainstream
CUST106186,2025-08-22,Male,28,Nashville,Usa,Paid Search,Budget
CUST106758,2025-11-22,Female,19,Montreal,Canada,Email,Budget
CUST106609,2025-10-29,Female,46,Phoenix,Usa,Direct,Budget
CUST104863,2025-01-27,Female,35,Boston,Usa,Referral,Mainstream
CUST106615,2025-10-30,Female,18,New York,Usa,Referral,Budget
CUST100350,2023-02-26,Female,51,Calgary,Canada,Paid Search,Mainstream
CUST104141,2024-09-28,Male,25,Nashville,Usa,Email,Mainstream
CUST103534,2024-06-28,Female,39,Houston,Usa,Social Media,Mainstream
CUST103749,2024-07-30,Male,28,Chicago,Usa,Organic Search,Premium
CUST101114,2023-06-18,Female,25,Dallas,Usa,Affiliate,Budget
CUST104951,2025-02-12,Female,21,Los Angeles,Usa,Social Media,Mainstream
CUST100298,2023-02-18,Female,25,San Diego,Usa,Direct,Mainstream
CUST105665,2025-05-29,Female,23,Los Angeles,Usa,Organic Search,Budget
CUST105579,2025-05-18,Female,37,Nashville,Usa,Social Media,Budget
CUST102628,2024-02-08,Female,26,Denver,Usa,Direct,Mainstream
CUST105355,2025-04-13,Female,31,Atlanta,Usa,Social Media,Mainstream
CUST106844,2025-12-07,Female,30,Los Angeles,Usa,Organic Search,Mainstream
CUST102835,2024-03-12,Female,47,Miami,Usa,Direct,Premium
CUST100229,2023-02-07,Male,37,Nashville,Usa,Direct,Mainstream
CUST105239,2025-03-28,Male,38,Miami,Usa,Paid Search,Mainstream
CUST103882,2024-08-17,Male,28,Miami,Usa,Paid Search,Budget
CUST104868,2025-01-27,Female,28,Toronto,Canada,Affiliate,Budget
CUST103218,2024-05-10,Male,26,Los Angeles,Usa,Organic Search,Mainstream
CUST104513,2024-11-28,Female,36,Miami,Usa,Social Media,Budget
CUST102103,2023-11-20,Male,38,Dallas,Usa,Affiliate,Premium
CUST105948,2025-07-16,Female,53,Boston,Usa,Paid Search,Premium
CUST102673,2024-02-14,Female,21,Houston,Usa,Organic Search,Mainstream
CUST104746,2025-01-07,Female,40,Phoenix,Usa,Social Media,Premium
CUST104689,2024-12-27,Male,25,Houston,Usa,Social Media,Mainstream
CUST101614,2023-09-05,Female,31,Houston,Usa,Organic Search,Budget
CUST100607,2023-04-08,Male,58,Houston,Usa,Social Media,Budget
CUST106300,2025-09-13,Female,45,Dallas,Usa,Social Media,Mainstream
CUST101093,2023-06-17,Female,32,Dallas,Usa,Social Media,Mainstream
CUST105693,2025-06-03,Female,35,Montreal,Canada,Social Media,Mainstream
CUST106910,2025-12-17,Female,42,Houston,Usa,Paid Search,Premium
CUST106676,2025-11-09,Female,39,Seattle,Usa,Direct,Budget
CUST100203,2023-02-04,Male,41,Minneapolis,Usa,Referral,Premium
CUST102850,2024-03-15,Male,25,Seattle,Usa,Referral,Budget
CUST103949,2024-08-28,Female,39,Seattle,Usa,Social Media,Premium
CUST100837,2023-05-11,Female,30,Denver,Usa,Organic Search,Mainstream
CUST104209,2024-10-08,Male,32,Minneapolis,Usa,Organic Search,Premium
CUST101230,2023-07-06,Female,39,San Diego,Usa,Organic Search,Premium
CUST105332,2025-04-10,Female,35,Nashville,Usa,Referral,Mainstream
CUST101609,2023-09-04,Male,47,Austin,Usa,Social Media,Premium
CUST104404,2024-11-08,Male,34,Denver,Usa,Direct,Budget
CUST104125,2024-09-25,Female,27,Seattle,Usa,Organic Search,Mainstream
CUST103454,2024-06-13,Male,28,San Diego,Usa,Organic Search,Budget
CUST106629,2025-11-01,Female,48,San Diego,Usa,Paid Search,Mainstream
CUST105394,2025-04-17,Female,20,New York,Usa,Paid Search,Mainstream
CUST103184,2024-05-06,Female,40,Seattle,Usa,Direct,Mainstream
CUST102943,2024-03-30,Male,18,Dallas,Usa,Social Media,Budget
CUST105360,2025-04-14,Female,28,Vancouver,Canada,Email,Mainstream
CUST102436,2024-01-06,Female,21,Dallas,Usa,Email,Premium
CUST103357,2024-05-30,Female,23,Houston,Usa,Paid Search,Mainstream
CUST100657,2023-04-15,Female,48,Portland,Usa,Direct,Budget
CUST100790,2023-05-03,Female,38,Chicago,Usa,Referral,Mainstream
CUST103409,2024-06-06,Female,31,Atlanta,Usa,Organic Search,Budget
CUST104727,2025-01-04,Female,32,Los Angeles,Usa,Referral,Mainstream
CUST101359,2023-07-26,Female,48,Portland,Usa,Direct,Mainstream
CUST105153,2025-03-16,Female,37,Austin,Usa,Referral,Budget
CUST102347,2023-12-24,Female,32,Los Angeles,Usa,Social Media,Budget
CUST104758,2025-01-08,Male,35,Austin,Usa,Direct,Mainstream
CUST102519,2024-01-17,Male,29,Vancouver,Canada,Paid Search,Premium
CUST106340,2025-09-21,Male,35,Houston,Usa,Organic Search,Mainstream
CUST106141,2025-08-14,Female,48,Los Angeles,Usa,Referral,Budget
CUST105721,2025-06-09,Female,32,New York,Usa,Email,Premium
CUST103185,2024-05-06,Female,36,Montreal,Canada,Affiliate,Mainstream
CUST105371,2025-04-15,Male,43,Denver,Usa,Email,Budget
CUST103154,2024-05-02,Female,33,Phoenix,Usa,Paid Search,Mainstream
CUST103721,2024-07-27,Female,34,Phoenix,Usa,Referral,Premium
CUST106004,2025-07-22,Male,23,Minneapolis,Usa,Affiliate,Budget
CUST101780,2023-09-30,Male,49,Dallas,Usa,Social Media,Mainstream
CUST102614,2024-02-06,Female,56,Phoenix,Usa,Referral,Mainstream
CUST100803,2023-05-05,Female,24,Denver,Usa,Paid Search,Budget
CUST100857,2023-05-14,Female,28,Chicago,Usa,Direct,Budget
CUST104709,2024-12-31,Other/Undisclosed,19,Seattle,Usa,Organic Search,Budget
CUST105478,2025-05-02,Male,34,Austin,Usa,Email,Premium
CUST104954,2025-02-12,Female,33,Toronto,Canada,Social Media,Budget
CUST100219,2023-02-06,Female,21,New York,Usa,Email,Mainstream
CUST101288,2023-07-14,Female,39,Portland,Usa,Referral,Budget
CUST100582,2023-04-05,Male,28,Portland,Usa,Social Media,Premium
CUST100043,2023-01-06,Female,43,Vancouver,Canada,Direct,Budget
CUST101234,2023-07-07,Male,40,New York,Usa,Paid Search,Budget
CUST102653,2024-02-11,Female,24,Los Angeles,Usa,Affiliate,Budget
CUST106807,2025-11-30,Female,23,Los Angeles,Usa,Organic Search,Mainstream
CUST101892,2023-10-17,Other/Undisclosed,31,Seattle,Usa,Referral,Mainstream
CUST106122,2025-08-11,Male,36,Phoenix,Usa,Paid Search,Premium
CUST106154,2025-08-16,Male,44,Nashville,Usa,Email,Budget
CUST105939,2025-07-14,Female,36,San Diego,Usa,Paid Search,Mainstream
CUST105815,2025-06-24,Male,49,Seattle,Usa,Paid Search,Mainstream
CUST101071,2023-06-14,Male,36,Los Angeles,Usa,Direct,Mainstream
CUST100718,2023-04-23,Other/Undisclosed,47,Boston,Usa,Paid Search,Mainstream
CUST102364,2023-12-27,Male,27,New York,Usa,Email,Mainstream
CUST101505,2023-08-16,Female,29,Los Angeles,Usa,Paid Search,Mainstream
CUST100670,2023-04-16,Other/Undisclosed,31,Denver,Usa,Social Media,Mainstream
CUST105196,2025-03-22,Female,35,Portland,Usa,Affiliate,Mainstream
CUST106578,2025-10-23,Male,41,Minneapolis,Usa,Email,Mainstream
CUST104017,2024-09-07,Male,67,San Diego,Usa,Paid Search,Premium
CUST100897,2023-05-20,Male,18,Portland,Usa,Social Media,Budget
CUST105660,2025-05-28,Female,38,Houston,Usa,Organic Search,Premium
CUST103846,2024-08-13,Female,38,San Diego,Usa,Organic Search,Premium
CUST104091,2024-09-18,Male,44,Phoenix,Usa,Social Media,Budget
CUST105717,2025-06-08,Other/Undisclosed,35,Miami,Usa,Social Media,Mainstream
CUST105614,2025-05-23,Female,22,Austin,Usa,Paid Search,Budget
CUST106577,2025-10-23,Female,32,Nashville,Usa,Direct,Mainstream
CUST106260,2025-09-04,Male,30,San Diego,Usa,Social Media,Mainstream
CUST104086,2024-09-17,Female,40,Minneapolis,Usa,Referral,Mainstream
CUST102609,2024-02-04,Male,56,Toronto,Canada,Referral,Premium
CUST105359,2025-04-14,Female,25,Atlanta,Usa,Email,Mainstream
CUST101874,2023-10-15,Male,31,Houston,Usa,Paid Search,Premium
CUST102370,2023-12-27,Male,50,Chicago,Usa,Email,Premium
CUST101769,2023-09-29,Female,32,Houston,Usa,Organic Search,Mainstream
CUST105107,2025-03-09,Male,27,New York,Usa,Email,Budget
CUST104628,2024-12-17,Male,47,Boston,Usa,Organic Search,Mainstream
CUST101983,2023-11-01,Female,29,Miami,Usa,Organic Search,Premium
CUST100531,2023-03-26,Female,32,Houston,Usa,Social Media,Budget
CUST105830,2025-06-27,Male,44,Miami,Usa,Direct,Mainstream
CUST105227,2025-03-27,Female,34,Dallas,Usa,Organic Search,Premium
CUST103541,2024-06-29,Female,70,Unknown,Usa,Paid Search,Mainstream
CUST103014,2024-04-10,Female,29,Atlanta,Usa,Paid Search,Budget
CUST102163,2023-11-27,Female,18,Chicago,Usa,Social Media,Mainstream
CUST100731,2023-04-24,Female,39,New York,Usa,Social Media,Mainstream
CUST102339,2023-12-23,Female,34,Houston,Usa,Affiliate,Budget
CUST105157,2025-03-17,Female,36,Dallas,Usa,Social Media,Premium
CUST102232,2023-12-08,Male,35,Nashville,Usa,Paid Search,Premium
CUST103950,2024-08-28,Female,21,Seattle,Usa,Social Media,Mainstream
CUST102921,2024-03-26,Female,32,Chicago,Usa,Affiliate,Mainstream
CUST101255,2023-07-10,Female,30,Nashville,Usa,Social Media,Budget
CUST102104,2023-11-20,Female,38,Boston,Usa,Paid Search,Mainstream
CUST103554,2024-07-01,Female,32,Denver,Usa,Direct,Mainstream
CUST103620,2024-07-10,Female,38,Seattle,Usa,Referral,Mainstream
CUST100898,2023-05-20,Female,37,Phoenix,Usa,Affiliate,Budget
CUST100428,2023-03-10,Female,43,Portland,Usa,Paid Search,Mainstream
CUST105026,2025-02-24,Male,32,Minneapolis,Usa,Social Media,Budget
CUST103599,2024-07-08,Female,41,Austin,Usa,Email,Mainstream
CUST105502,2025-05-05,Female,41,Los Angeles,Usa,Email,Premium
CUST106792,2025-11-28,Male,41,Dallas,Usa,Organic Search,Budget
CUST101222,2023-07-05,Female,36,Austin,Usa,Paid Search,Budget
CUST105040,2025-02-26,Female,32,Phoenix,Usa,Direct,Premium
CUST105304,2025-04-06,Male,21,Atlanta,Usa,Paid Search,Budget
CUST104025,2024-09-08,Female,27,Los Angeles,Usa,Referral,Premium
CUST103964,2024-08-30,Male,45,Nashville,Usa,Email,Mainstream
CUST103169,2024-05-04,Male,31,Nashville,Usa,Paid Search,Mainstream
CUST101096,2023-06-17,Female,47,Boston,Usa,Email,Mainstream
CUST102072,2023-11-14,Female,45,Miami,Usa,Organic Search,Budget
CUST106350,2025-09-22,Female,48,Minneapolis,Usa,Social Media,Mainstream
CUST103734,2024-07-29,Male,50,Nashville,Usa,Organic Search,Mainstream
CUST105933,2025-07-13,Female,28,Chicago,Usa,Email,Budget
CUST101788,2023-10-01,Female,35,Miami,Usa,Paid Search,Budget
CUST105094,2025-03-07,Female,34,Atlanta,Usa,Social Media,Mainstream
CUST103045,2024-04-17,Male,59,Seattle,Usa,Social Media,Premium
CUST100528,2023-03-25,Female,18,Boston,Usa,Organic Search,Budget
CUST106671,2025-11-09,Female,34,Denver,Usa,Paid Search,Mainstream
CUST100192,2023-02-02,Female,46,Houston,Usa,Referral,Premium
CUST102699,2024-02-19,Other/Undisclosed,48,Houston,Usa,Referral,Budget
CUST101126,2023-06-20,Male,40,Chicago,Usa,Social Media,Mainstream
CUST103651,2024-07-17,Male,56,San Diego,Usa,Email,Budget
CUST102638,2024-02-09,Female,34,Phoenix,Usa,Affiliate,Budget
CUST104121,2024-09-24,Male,65,Portland,Usa,Paid Search,Premium
CUST100304,2023-02-19,Female,47,Atlanta,Usa,Organic Search,Budget
CUST103388,2024-06-04,Male,27,Boston,Usa,Paid Search,Mainstream
CUST101292,2023-07-15,Female,44,San Diego,Usa,Direct,Budget
CUST100070,2023-01-11,Male,32,Portland,Usa,Affiliate,Premium
CUST102753,2024-02-29,Female,38,Portland,Usa,Social Media,Premium
CUST106921,2025-12-19,Female,35,Seattle,Usa,Paid Search,Mainstream
CUST103404,2024-06-05,Female,48,Chicago,Usa,Direct,Budget
CUST100831,2023-05-10,Male,35,Calgary,Canada,Email,Mainstream
CUST104162,2024-10-01,Male,25,Unknown,Usa,Direct,Mainstream
CUST101456,2023-08-08,Male,36,Austin,Usa,Referral,Budget
CUST106218,2025-08-28,Male,55,Austin,Usa,Organic Search,Mainstream
CUST100238,2023-02-08,Male,30,Nashville,Usa,Paid Search,Premium
CUST100092,2023-01-16,Male,37,Montreal,Canada,Paid Search,Mainstream
CUST102683,2024-02-17,Male,36,Boston,Usa,Email,Premium
CUST103478,2024-06-20,Male,38,Nashville,Usa,Direct,Mainstream
CUST103025,2024-04-13,Other/Undisclosed,23,Dallas,Usa,Organic Search,Mainstream
CUST105267,2025-04-01,Other/Undisclosed,35,Minneapolis,Usa,Paid Search,Premium
CUST104974,2025-02-15,Female,26,Boston,Usa,Paid Search,Mainstream
CUST105672,2025-05-31,Female,20,Montreal,Canada,Affiliate,Mainstream
CUST104411,2024-11-09,Female,49,Calgary,Canada,Referral,Premium
CUST101001,2023-06-03,Female,33,Austin,Usa,Email,Budget
CUST103217,2024-05-10,Male,49,Austin,Usa,Referral,Premium
CUST106742,2025-11-19,Female,27,Dallas,Usa,Email,Mainstream
CUST102377,2023-12-28,Female,40,Portland,Usa,Referral,Budget
CUST106819,2025-12-03,Female,56,Atlanta,Usa,Paid Search,Budget
CUST105041,2025-02-26,Female,36,Seattle,Usa,Affiliate,Premium
CUST102542,2024-01-21,Male,69,Chicago,Usa,Organic Search,Budget
CUST101532,2023-08-21,Female,26,Nashville,Usa,Social Media,Premium
CUST102410,2024-01-01,Other/Undisclosed,24,Toronto,Canada,Referral,Budget
CUST104248,2024-10-15,Female,46,Chicago,Usa,Referral,Budget
CUST100411,2023-03-08,Female,56,Austin,Usa,Social Media,Mainstream
CUST104896,2025-02-02,Female,42,Chicago,Usa,Affiliate,Mainstream
CUST106749,2025-11-20,Male,40,Nashville,Usa,Social Media,Premium
CUST106495,2025-10-13,Female,34,Toronto,Canada,Social Media,Mainstream
CUST105164,2025-03-18,Female,25,Atlanta,Usa,Affiliate,Budget
CUST104434,2024-11-13,Male,33,Minneapolis,Usa,Paid Search,Mainstream
CUST106855,2025-12-09,Male,30,Chicago,Usa,Organic Search,Budget
CUST103875,2024-08-16,Female,29,Dallas,Usa,Referral,Budget
CUST106415,2025-10-03,Female,36,Miami,Usa,Organic Search,Budget
CUST105354,2025-04-13,Female,50,Vancouver,Canada,Direct,Mainstream
CUST104371,2024-11-03,Female,18,Portland,Usa,Direct,Budget
CUST100633,2023-04-12,Female,31,San Diego,Usa,Affiliate,Mainstream
CUST100498,2023-03-20,Female,29,Miami,Usa,Email,Premium
CUST102463,2024-01-09,Female,18,Boston,Usa,Email,Budget
CUST103782,2024-08-04,Female,28,Portland,Usa,Paid Search,Mainstream
CUST100637,2023-04-12,Male,36,Phoenix,Usa,Social Media,Mainstream
CUST100720,2023-04-23,Female,36,Los Angeles,Usa,Paid Search,Premium
CUST100288,2023-02-16,Female,24,Los Angeles,Usa,Referral,Budget
CUST100757,2023-04-27,Female,53,Houston,Usa,Direct,Budget
CUST104264,2024-10-17,Male,24,Houston,Usa,Social Media,Mainstream
CUST104963,2025-02-14,Male,18,Nashville,Usa,Paid Search,Budget
CUST106081,2025-08-03,Female,21,San Diego,Usa,Affiliate,Budget
CUST104201,2024-10-07,Female,36,Portland,Usa,Direct,Budget
CUST103439,2024-06-11,Female,35,New York,Usa,Referral,Budget
CUST100596,2023-04-07,Male,33,New York,Usa,Social Media,Premium
CUST106022,2025-07-25,Female,36,Vancouver,Canada,Social Media,Budget
CUST101068,2023-06-13,Female,43,Chicago,Usa,Paid Search,Budget
CUST101942,2023-10-27,Male,19,Houston,Usa,Referral,Mainstream
CUST101647,2023-09-11,Female,34,Chicago,Usa,Direct,Premium
CUST104058,2024-09-13,Male,53,Chicago,Usa,Referral,Mainstream
CUST101700,2023-09-20,Female,30,Boston,Usa,Affiliate,Budget
CUST105639,2025-05-27,Female,33,Nashville,Usa,Affiliate,Premium
CUST106052,2025-07-30,Male,47,Portland,Usa,Direct,Premium
CUST103661,2024-07-19,Female,44,Boston,Usa,Email,Budget
CUST102942,2024-03-30,Male,25,Montreal,Canada,Direct,Mainstream
CUST103954,2024-08-29,Male,24,Dallas,Usa,Organic Search,Budget
CUST105458,2025-04-28,Female,41,Miami,Usa,Email,Mainstream
CUST100086,2023-01-14,Female,20,Miami,Usa,Direct,Budget
CUST102308,2023-12-18,Female,32,Houston,Usa,Organic Search,Premium
CUST106664,2025-11-07,Female,36,Denver,Usa,Affiliate,Mainstream
CUST102698,2024-02-19,Female,23,Portland,Usa,Referral,Mainstream
CUST102842,2024-03-14,Male,35,Boston,Usa,Affiliate,Mainstream
CUST101029,2023-06-07,Female,47,Toronto,Canada,Paid Search,Mainstream
CUST103049,2024-04-17,Female,44,Chicago,Usa,Affiliate,Mainstream
CUST105562,2025-05-15,Female,18,New York,Usa,Direct,Mainstream
CUST102144,2023-11-25,Male,43,New York,Usa,Affiliate,Budget
CUST104397,2024-11-07,Female,33,Boston,Usa,Paid Search,Mainstream
CUST101200,2023-07-01,Other/Undisclosed,51,Houston,Usa,Affiliate,Mainstream
CUST102025,2023-11-08,Male,36,Chicago,Usa,Social Media,Premium
CUST100621,2023-04-10,Male,40,Minneapolis,Usa,Paid Search,Mainstream
CUST106394,2025-09-30,Female,47,Austin,Usa,Email,Mainstream
CUST100566,2023-04-02,Female,43,Portland,Usa,Paid Search,Budget
CUST101837,2023-10-09,Male,40,Denver,Usa,Organic Search,Mainstream
CUST101334,2023-07-22,Female,47,San Diego,Usa,Email,Budget
CUST103128,2024-04-28,Female,42,New York,Usa,Paid Search,Premium
CUST106689,2025-11-12,Female,33,Unknown,Usa,Referral,Premium
CUST102099,2023-11-19,Female,37,Dallas,Usa,Organic Search,Premium
CUST105076,2025-03-03,Female,20,Vancouver,Canada,Organic Search,Budget
CUST104010,2024-09-06,Male,19,Dallas,Usa,Direct,Mainstream
CUST104763,2025-01-09,Male,21,Boston,Usa,Referral,Premium
CUST101688,2023-09-18,Male,35,Houston,Usa,Paid Search,Budget
CUST100745,2023-04-26,Female,38,Houston,Usa,Paid Search,Mainstream
CUST106950,2025-12-22,Female,32,Montreal,Canada,Social Media,Premium
CUST102815,2024-03-09,Female,29,Miami,Usa,Direct,Mainstream
CUST102187,2023-12-01,Female,21,Boston,Usa,Paid Search,Premium
CUST100195,2023-02-02,Female,38,Los Angeles,Usa,Paid Search,Mainstream
CUST101152,2023-06-25,Female,36,Atlanta,Usa,Organic Search,Mainstream
CUST102646,2024-02-10,Male,18,Phoenix,Usa,Paid Search,Mainstream
CUST105943,2025-07-15,Female,42,Minneapolis,Usa,Social Media,Premium
CUST100802,2023-05-05,Other/Undisclosed,40,Montreal,Canada,Email,Budget
CUST106945,2025-12-22,Female,29,Minneapolis,Usa,Email,Budget
CUST102350,2023-12-25,Other/Undisclosed,21,Austin,Usa,Social Media,Premium
CUST106365,2025-09-26,Female,53,Denver,Usa,Direct,Premium
CUST104541,2024-12-02,Female,28,Los Angeles,Usa,Social Media,Premium
CUST102068,2023-11-14,Female,26,Houston,Usa,Referral,Budget
CUST105427,2025-04-23,Other/Undisclosed,27,Chicago,Usa,Social Media,Premium
CUST100644,2023-04-13,Female,45,Portland,Usa,Organic Search,Mainstream
CUST106214,2025-08-26,Female,20,Nashville,Usa,Email,Budget
CUST105265,2025-03-31,Female,29,Minneapolis,Usa,Paid Search,Mainstream
CUST103337,2024-05-27,Male,33,San Diego,Usa,Paid Search,Mainstream
CUST104877,2025-01-29,Male,51,Vancouver,Canada,Email,Budget
CUST100120,2023-01-21,Male,25,Unknown,Usa,Email,Mainstream
CUST101777,2023-09-29,Male,18,Nashville,Usa,Paid Search,Mainstream
CUST103428,2024-06-09,Female,36,Dallas,Usa,Email,Mainstream
CUST105649,2025-05-27,Female,52,Houston,Usa,Affiliate,Mainstream
CUST102135,2023-11-24,Male,27,Toronto,Canada,Email,Budget
CUST104553,2024-12-04,Male,41,Houston,Usa,Email,Budget
CUST104275,2024-10-19,Female,50,Dallas,Usa,Email,Mainstream
CUST100134,2023-01-24,Male,33,Calgary,Canada,Organic Search,Mainstream
CUST106208,2025-08-25,Male,33,Denver,Usa,Social Media,Premium
CUST103386,2024-06-03,Female,30,San Diego,Usa,Paid Search,Budget
CUST104519,2024-11-28,Male,38,Minneapolis,Usa,Paid Search,Mainstream
CUST102559,2024-01-24,Male,38,New York,Usa,Paid Search,Mainstream
CUST100062,2023-01-09,Male,40,Houston,Usa,Organic Search,Budget
CUST104581,2024-12-11,Male,25,New York,Usa,Email,Premium
CUST106121,2025-08-11,Male,26,Seattle,Usa,Social Media,Mainstream
CUST103479,2024-06-20,Male,22,Phoenix,Usa,Referral,Budget
CUST103770,2024-08-02,Male,44,Houston,Usa,Email,Mainstream
CUST103761,2024-08-01,Male,35,Houston,Usa,Paid Search,Mainstream
CUST100679,2023-04-18,Male,32,Portland,Usa,Direct,Premium
CUST105339,2025-04-11,Male,40,Montreal,Canada,Paid Search,Mainstream
CUST100741,2023-04-25,Male,33,Minneapolis,Usa,Email,Premium
CUST101211,2023-07-03,Female,23,Houston,Usa,Email,Budget
CUST102170,2023-11-27,Male,39,Boston,Usa,Paid Search,Premium
CUST103680,2024-07-22,Female,51,Portland,Usa,Organic Search,Mainstream
CUST105568,2025-05-16,Male,37,Chicago,Usa,Direct,Mainstream
CUST100567,2023-04-02,Male,41,Seattle,Usa,Email,Mainstream
CUST101873,2023-10-15,Male,33,Portland,Usa,Email,Mainstream
CUST106012,2025-07-24,Female,31,Boston,Usa,Direct,Budget
CUST102596,2024-02-02,Female,41,Dallas,Usa,Direct,Mainstream
CUST101717,2023-09-22,Female,36,Miami,Usa,Paid Search,Budget
CUST101392,2023-07-30,Female,32,Nashville,Usa,Direct,Budget
CUST105275,2025-04-02,Female,50,Phoenix,Usa,Social Media,Budget
CUST106981,2025-12-28,Female,29,Houston,Usa,Affiliate,Mainstream
CUST103605,2024-07-08,Female,34,Portland,Usa,Paid Search,Premium
CUST100489,2023-03-19,Other/Undisclosed,23,Atlanta,Usa,Direct,Budget
CUST105027,2025-02-24,Male,30,Nashville,Usa,Email,Mainstream
CUST100690,2023-04-19,Female,35,Nashville,Usa,Email,Budget
CUST103379,2024-06-03,Female,43,Vancouver,Canada,Social Media,Budget
CUST100602,2023-04-08,Female,39,Minneapolis,Usa,Direct,Budget
CUST101911,2023-10-21,Male,27,Montreal,Canada,Email,Mainstream
CUST106917,2025-12-18,Female,19,Atlanta,Usa,Referral,Premium
CUST103082,2024-04-21,Male,28,Calgary,Canada,Organic Search,Premium
CUST106685,2025-11-10,Female,28,Nashville,Usa,Social Media,Budget
CUST102741,2024-02-26,Female,33,Los Angeles,Usa,Email,Budget
CUST102900,2024-03-24,Female,35,Austin,Usa,Email,Mainstream
CUST102366,2023-12-27,Male,35,Toronto,Canada,Social Media,Mainstream
CUST101187,2023-06-30,Female,22,Seattle,Usa,Affiliate,Mainstream
CUST100274,2023-02-14,Male,31,Seattle,Usa,Organic Search,Budget
CUST103966,2024-08-30,Female,51,Dallas,Usa,Paid Search,Mainstream
CUST101361,2023-07-26,Male,31,Austin,Usa,Paid Search,Budget
CUST103707,2024-07-25,Female,40,Seattle,Usa,Referral,Budget
CUST101526,2023-08-19,Female,38,Atlanta,Usa,Organic Search,Premium
CUST106156,2025-08-16,Female,33,Atlanta,Usa,Referral,Mainstream
CUST103017,2024-04-10,Male,48,Vancouver,Canada,Paid Search,Budget
CUST106933,2025-12-20,Female,44,Nashville,Usa,Organic Search,Mainstream
CUST103204,2024-05-08,Female,47,Los Angeles,Usa,Paid Search,Mainstream
CUST103194,2024-05-07,Female,27,Houston,Usa,Email,Budget
CUST106611,2025-10-29,Female,29,Dallas,Usa,Referral,Budget
CUST101337,2023-07-23,Female,46,Dallas,Usa,Affiliate,Budget
CUST100945,2023-05-26,Female,24,Dallas,Usa,Organic Search,Mainstream
CUST105528,2025-05-10,Female,40,Denver,Usa,Organic Search,Mainstream
CUST102250,2023-12-11,Female,19,Austin,Usa,Social Media,Mainstream
CUST103787,2024-08-04,Female,30,Toronto,Canada,Social Media,Budget
CUST106402,2025-10-01,Male,53,Denver,Usa,Email,Budget
CUST103038,2024-04-15,Female,35,Nashville,Usa,Direct,Mainstream
CUST102346,2023-12-24,Male,44,Seattle,Usa,Paid Search,Budget
CUST100068,2023-01-11,Male,22,Nashville,Usa,Organic Search,Budget
CUST106055,2025-07-31,Female,24,Austin,Usa,Organic Search,Mainstream
CUST104989,2025-02-17,Male,42,San Diego,Usa,Paid Search,Mainstream
CUST101598,2023-09-02,Male,36,Los Angeles,Usa,Organic Search,Mainstream
CUST106333,2025-09-19,Male,23,Unknown,Usa,Referral,Budget
CUST105429,2025-04-24,Female,33,Montreal,Canada,Paid Search,Mainstream
CUST104554,2024-12-04,Male,28,Minneapolis,Usa,Organic Search,Budget
CUST101503,2023-08-16,Female,46,Montreal,Canada,Paid Search,Mainstream
CUST106059,2025-07-31,Male,31,Calgary,Canada,Organic Search,Mainstream
CUST100150,2023-01-26,Female,37,Houston,Usa,Referral,Budget
CUST102086,2023-11-16,Male,20,Seattle,Usa,Organic Search,Premium
CUST106409,2025-10-02,Male,32,Miami,Usa,Organic Search,Budget
CUST102259,2023-12-12,Female,33,Boston,Usa,Organic Search,Budget
CUST103043,2024-04-17,Female,68,Portland,Usa,Social Media,Budget
CUST103000,2024-04-07,Male,26,Phoenix,Usa,Organic Search,Budget
CUST105417,2025-04-22,Female,24,Minneapolis,Usa,Affiliate,Mainstream
CUST102881,2024-03-21,Male,37,Minneapolis,Usa,Paid Search,Mainstream
CUST100859,2023-05-14,Male,41,Houston,Usa,Organic Search,Mainstream
CUST104180,2024-10-05,Other/Undisclosed,37,Montreal,Canada,Organic Search,Budget
CUST103795,2024-08-05,Other/Undisclosed,24,Houston,Usa,Paid Search,Premium
CUST105942,2025-07-15,Male,47,Dallas,Usa,Social Media,Mainstream
CUST105609,2025-05-23,Female,18,Los Angeles,Usa,Social Media,Mainstream
CUST100366,2023-03-01,Male,46,Los Angeles,Usa,Social Media,Premium
CUST101432,2023-08-05,Male,42,Denver,Usa,Referral,Premium
CUST105860,2025-07-02,Female,30,Vancouver,Canada,Referral,Mainstream
CUST101779,2023-09-30,Male,33,Boston,Usa,Social Media,Mainstream
CUST104274,2024-10-19,Male,53,Los Angeles,Usa,Social Media,Premium
CUST103250,2024-05-14,Female,32,Atlanta,Usa,Affiliate,Mainstream
CUST101818,2023-10-06,Female,61,Chicago,Usa,Direct,Mainstream
CUST104482,2024-11-23,Male,18,Chicago,Usa,Social Media,Mainstream
CUST100841,2023-05-11,Female,56,Los Angeles,Usa,Referral,Budget
CUST101189,2023-06-30,Male,43,Miami,Usa,Social Media,Mainstream
CUST100175,2023-01-29,Male,47,Miami,Usa,Email,Mainstream
CUST105663,2025-05-29,Male,43,Austin,Usa,Referral,Premium
CUST100617,2023-04-09,Male,18,Phoenix,Usa,Organic Search,Mainstream
CUST102093,2023-11-18,Female,22,Denver,Usa,Paid Search,Mainstream
CUST105756,2025-06-16,Female,40,Nashville,Usa,Paid Search,Premium
CUST104147,2024-09-29,Female,34,Houston,Usa,Direct,Budget
CUST105907,2025-07-09,Female,41,San Diego,Usa,Paid Search,Budget
CUST101030,2023-06-07,Male,41,Phoenix,Usa,Affiliate,Budget
CUST103151,2024-05-02,Other/Undisclosed,35,San Diego,Usa,Organic Search,Mainstream
CUST100300,2023-02-18,Female,36,Boston,Usa,Organic Search,Budget
CUST101472,2023-08-10,Female,52,Portland,Usa,Organic Search,Premium
CUST100283,2023-02-15,Female,38,Calgary,Canada,Organic Search,Mainstream
CUST102028,2023-11-08,Male,40,Boston,Usa,Organic Search,Budget
CUST103483,2024-06-21,Male,29,Seattle,Usa,Organic Search,Mainstream
CUST104294,2024-10-23,Male,39,Los Angeles,Usa,Email,Mainstream
CUST106823,2025-12-03,Male,20,Nashville,Usa,Email,Premium
CUST101813,2023-10-06,Male,28,Calgary,Canada,Paid Search,Budget
CUST101271,2023-07-13,Female,30,New York,Usa,Referral,Budget
CUST105867,2025-07-03,Male,29,Chicago,Usa,Email,Budget
CUST104081,2024-09-17,Male,38,Boston,Usa,Direct,Budget
CUST106245,2025-09-01,Male,47,Denver,Usa,Paid Search,Premium
CUST102313,2023-12-19,Male,38,Portland,Usa,Organic Search,Mainstream
CUST102008,2023-11-06,Male,39,New York,Usa,Paid Search,Premium
CUST106638,2025-11-03,Female,46,Portland,Usa,Paid Search,Premium
CUST102642,2024-02-10,Female,33,Houston,Usa,Email,Budget
CUST103257,2024-05-15,Male,22,Houston,Usa,Social Media,Budget
CUST106544,2025-10-20,Female,23,Phoenix,Usa,Social Media,Budget
CUST103786,2024-08-04,Male,27,Portland,Usa,Affiliate,Mainstream
CUST103433,2024-06-10,Male,35,Montreal,Canada,Email,Budget
CUST103187,2024-05-06,Male,60,Dallas,Usa,Social Media,Budget
CUST100099,2023-01-17,Female,18,Atlanta,Usa,Paid Search,Mainstream
CUST104103,2024-09-20,Male,48,Austin,Usa,Paid Search,Mainstream
CUST100744,2023-04-26,Male,29,Chicago,Usa,Social Media,Mainstream
CUST106505,2025-10-14,Female,56,Toronto,Canada,Referral,Premium
CUST100480,2023-03-17,Female,19,Austin,Usa,Organic Search,Mainstream
CUST105058,2025-03-01,Female,35,Atlanta,Usa,Affiliate,Budget
CUST106831,2025-12-04,Male,28,Denver,Usa,Social Media,Mainstream
CUST104955,2025-02-13,Female,29,Phoenix,Usa,Organic Search,Mainstream
CUST101157,2023-06-26,Female,23,Montreal,Canada,Organic Search,Premium
CUST101437,2023-08-05,Male,27,Minneapolis,Usa,Social Media,Premium
CUST102414,2024-01-02,Female,64,Atlanta,Usa,Email,Budget
CUST106327,2025-09-18,Female,28,Phoenix,Usa,Referral,Budget
CUST100402,2023-03-06,Male,39,Houston,Usa,Referral,Budget
CUST102195,2023-12-02,Female,34,Portland,Usa,Affiliate,Premium
CUST100949,2023-05-26,Female,20,Denver,Usa,Affiliate,Mainstream
CUST102963,2024-04-01,Female,19,Minneapolis,Usa,Organic Search,Premium
CUST102067,2023-11-14,Female,42,Portland,Usa,Social Media,Premium
CUST103226,2024-05-11,Female,24,Austin,Usa,Organic Search,Mainstream
CUST106672,2025-11-09,Male,42,Phoenix,Usa,Organic Search,Budget
CUST100668,2023-04-16,Female,42,Nashville,Usa,Social Media,Premium
CUST100218,2023-02-06,Male,32,Montreal,Canada,Referral,Premium
CUST101962,2023-10-29,Female,24,Toronto,Canada,Referral,Budget
CUST105797,2025-06-23,Male,33,Chicago,Usa,Organic Search,Mainstream
CUST105201,2025-03-23,Female,41,Seattle,Usa,Organic Search,Budget
CUST102213,2023-12-05,Male,30,Minneapolis,Usa,Email,Mainstream
CUST102633,2024-02-09,Female,37,Toronto,Canada,Paid Search,Mainstream
CUST105676,2025-05-31,Female,28,Dallas,Usa,Referral,Premium
CUST103206,2024-05-08,Female,38,Boston,Usa,Paid Search,Mainstream
CUST105143,2025-03-15,Female,51,Montreal,Canada,Direct,Mainstream
CUST104651,2024-12-20,Female,27,Nashville,Usa,Referral,Premium
CUST102145,2023-11-25,Female,18,Vancouver,Canada,Direct,Mainstream
CUST100777,2023-05-01,Male,35,Atlanta,Usa,Direct,Mainstream
CUST102434,2024-01-05,Female,34,Toronto,Canada,Social Media,Mainstream
CUST103914,2024-08-22,Male,41,Dallas,Usa,Social Media,Budget
CUST104515,2024-11-28,Female,29,New York,Usa,Paid Search,Budget
CUST104253,2024-10-16,Male,35,Dallas,Usa,Paid Search,Budget
CUST101491,2023-08-13,Male,38,Dallas,Usa,Social Media,Mainstream
CUST105259,2025-03-31,Female,34,Unknown,Usa,Referral,Mainstream
CUST106103,2025-08-07,Female,35,Dallas,Usa,Affiliate,Budget
CUST102781,2024-03-05,Female,33,Phoenix,Usa,Direct,Budget
CUST106913,2025-12-17,Female,25,Atlanta,Usa,Paid Search,Mainstream
CUST104004,2024-09-05,Female,49,Dallas,Usa,Paid Search,Budget
CUST100517,2023-03-23,Female,37,Dallas,Usa,Paid Search,Budget
CUST104772,2025-01-11,Other/Undisclosed,38,Austin,Usa,Direct,Mainstream
CUST105695,2025-06-03,Female,31,Seattle,Usa,Direct,Premium
CUST106888,2025-12-14,Female,61,Nashville,Usa,Organic Search,Mainstream
CUST106272,2025-09-06,Male,32,Seattle,Usa,Direct,Premium
CUST106849,2025-12-08,Male,34,Dallas,Usa,Social Media,Mainstream
CUST103332,2024-05-27,Female,27,Houston,Usa,Social Media,Budget
CUST103703,2024-07-25,Other/Undisclosed,44,Atlanta,Usa,Organic Search,Mainstream
CUST100568,2023-04-03,Male,29,Portland,Usa,Email,Mainstream
CUST100360,2023-02-28,Female,25,Denver,Usa,Paid Search,Premium
CUST104568,2024-12-08,Female,29,San Diego,Usa,Direct,Budget
CUST106444,2025-10-07,Female,48,Phoenix,Usa,Direct,Mainstream
CUST106969,2025-12-25,Female,36,Austin,Usa,Organic Search,Budget
CUST100759,2023-04-28,Female,36,New York,Usa,Email,Budget
CUST106765,2025-11-24,Female,51,Houston,Usa,Organic Search,Budget
CUST106608,2025-10-28,Male,26,Chicago,Usa,Social Media,Mainstream
CUST105707,2025-06-05,Female,23,Austin,Usa,Paid Search,Budget
CUST105250,2025-03-29,Male,35,Minneapolis,Usa,Affiliate,Budget
CUST100214,2023-02-05,Male,41,Dallas,Usa,Organic Search,Budget
CUST102926,2024-03-27,Female,50,Calgary,Canada,Paid Search,Premium
CUST103822,2024-08-08,Female,18,Chicago,Usa,Organic Search,Budget
CUST105826,2025-06-26,Female,28,Atlanta,Usa,Paid Search,Budget
CUST106493,2025-10-13,Female,18,Seattle,Usa,Direct,Mainstream
CUST102805,2024-03-07,Female,33,Vancouver,Canada,Paid Search,Budget
CUST104272,2024-10-19,Female,42,Nashville,Usa,Organic Search,Premium
CUST101473,2023-08-10,Male,29,Los Angeles,Usa,Referral,Mainstream
CUST102244,2023-12-10,Male,36,Vancouver,Canada,Social Media,Mainstream
CUST100725,2023-04-23,Male,34,Austin,Usa,Paid Search,Budget
CUST103494,2024-06-23,Male,34,Dallas,Usa,Social Media,Budget
CUST100049,2023-01-08,Male,30,Miami,Usa,Paid Search,Premium
CUST105505,2025-05-06,Male,60,Minneapolis,Usa,Paid Search,Budget
CUST100887,2023-05-18,Female,30,Calgary,Canada,Organic Search,Budget
CUST106151,2025-08-16,Male,25,New York,Usa,Organic Search,Budget
CUST106719,2025-11-16,Male,38,Seattle,Usa,Organic Search,Mainstream
CUST106962,2025-12-25,Female,32,Nashville,Usa,Social Media,Mainstream
CUST100516,2023-03-23,Female,35,Montreal,Canada,Organic Search,Budget
CUST102995,2024-04-06,Female,28,Vancouver,Canada,Paid Search,Premium
CUST100139,2023-01-24,Female,41,Austin,Usa,Organic Search,Budget
CUST106610,2025-10-29,Female,35,San Diego,Usa,Paid Search,Premium
CUST103105,2024-04-25,Female,37,Phoenix,Usa,Paid Search,Mainstream
CUST103381,2024-06-03,Male,24,Chicago,Usa,Email,Premium
CUST105911,2025-07-10,Female,31,Miami,Usa,Affiliate,Mainstream
CUST100463,2023-03-15,Female,44,Miami,Usa,Referral,Mainstream
CUST104323,2024-10-28,Female,32,Los Angeles,Usa,Organic Search,Budget
CUST101233,2023-07-07,Female,45,Boston,Usa,Direct,Budget
CUST100594,2023-04-06,Female,62,Unknown,Usa,Organic Search,Premium
CUST100450,2023-03-14,Female,28,Nashville,Usa,Paid Search,Premium
CUST103758,2024-07-31,Male,46,Dallas,Usa,Affiliate,Budget
CUST103207,2024-05-08,Female,35,San Diego,Usa,Referral,Premium
CUST103523,2024-06-27,Female,38,Chicago,Usa,Paid Search,Premium
CUST100312,2023-02-20,Male,43,Houston,Usa,Referral,Premium
CUST103075,2024-04-20,Male,46,Austin,Usa,Organic Search,Mainstream
CUST104239,2024-10-13,Female,31,Boston,Usa,Email,Mainstream
CUST106342,2025-09-21,Female,25,Phoenix,Usa,Direct,Mainstream
CUST100451,2023-03-14,Male,42,Montreal,Canada,Direct,Premium
CUST105679,2025-06-01,Female,50,Boston,Usa,Paid Search,Mainstream
CUST100890,2023-05-19,Female,37,Chicago,Usa,Social Media,Budget
CUST102763,2024-03-02,Male,26,Austin,Usa,Organic Search,Premium
CUST106942,2025-12-21,Other/Undisclosed,25,Minneapolis,Usa,Social Media,Budget
CUST101506,2023-08-16,Male,25,Atlanta,Usa,Referral,Mainstream
CUST106579,2025-10-24,Male,51,Unknown,Canada,Social Media,Mainstream
CUST100999,2023-06-03,Male,36,Houston,Usa,Organic Search,Budget
CUST100389,2023-03-04,Female,39,Toronto,Canada,Direct,Mainstream
CUST102330,2023-12-22,Male,59,Minneapolis,Usa,Direct,Mainstream
CUST101476,2023-08-10,Female,35,San Diego,Usa,Email,Mainstream
CUST102240,2023-12-09,Male,32,Atlanta,Usa,Social Media,Budget
CUST106319,2025-09-15,Male,40,Vancouver,Canada,Affiliate,Mainstream
CUST106329,2025-09-18,Female,28,Vancouver,Canada,Organic Search,Premium
CUST106467,2025-10-09,Male,21,Denver,Usa,Paid Search,Budget
CUST105931,2025-07-13,Female,26,Seattle,Usa,Organic Search,Budget
CUST102775,2024-03-04,Male,43,Seattle,Usa,Paid Search,Premium
CUST101923,2023-10-24,Female,18,New York,Usa,Social Media,Premium
CUST100758,2023-04-28,Male,34,Seattle,Usa,Referral,Mainstream
CUST103912,2024-08-22,Female,36,Chicago,Usa,Email,Premium
CUST106153,2025-08-16,Male,60,Miami,Usa,Paid Search,Budget
CUST101293,2023-07-15,Male,52,Nashville,Usa,Direct,Premium
CUST106198,2025-08-23,Female,24,Phoenix,Usa,Social Media,Budget
CUST105885,2025-07-05,Female,34,Minneapolis,Usa,Organic Search,Budget
CUST103260,2024-05-16,Female,18,Montreal,Canada,Email,Budget
CUST101907,2023-10-20,Female,23,Denver,Usa,Paid Search,Mainstream
CUST104834,2025-01-21,Female,36,Atlanta,Usa,Organic Search,Budget
CUST106359,2025-09-25,Female,38,Austin,Usa,Affiliate,Budget
CUST100368,2023-03-01,Male,53,Boston,Usa,Direct,Premium
CUST101937,2023-10-26,Female,60,Portland,Usa,Social Media,Premium
CUST101151,2023-06-25,Male,47,Minneapolis,Usa,Organic Search,Mainstream
CUST105269,2025-04-01,Female,52,Atlanta,Usa,Direct,Budget
CUST103438,2024-06-11,Female,18,Nashville,Usa,Direct,Mainstream
CUST106920,2025-12-19,Female,41,Boston,Usa,Social Media,Mainstream
CUST100191,2023-02-02,Male,43,Los Angeles,Usa,Email,Premium
CUST104467,2024-11-19,Male,33,Dallas,Usa,Email,Premium
CUST104241,2024-10-13,Female,18,Atlanta,Usa,Email,Budget
CUST100174,2023-01-29,Male,36,Los Angeles,Usa,Social Media,Budget
CUST101903,2023-10-19,Female,21,Houston,Usa,Social Media,Budget
CUST101099,2023-06-18,Female,43,San Diego,Usa,Social Media,Budget
CUST104655,2024-12-21,Other/Undisclosed,46,San Diego,Usa,Organic Search,Premium
CUST102922,2024-03-27,Male,24,Seattle,Usa,Email,Premium
CUST102292,2023-12-16,Female,29,Minneapolis,Usa,Email,Mainstream
CUST106124,2025-08-11,Male,35,Los Angeles,Usa,Paid Search,Premium
CUST106842,2025-12-07,Female,47,Toronto,Canada,Referral,Mainstream
CUST103934,2024-08-26,Female,49,Nashville,Usa,Affiliate,Mainstream
CUST103881,2024-08-17,Female,29,Chicago,Usa,Affiliate,Mainstream
CUST101164,2023-06-27,Male,26,Denver,Usa,Organic Search,Mainstream
CUST103757,2024-07-31,Male,38,Chicago,Usa,Email,Mainstream
CUST105857,2025-07-02,Male,18,Denver,Usa,Paid Search,Mainstream
CUST102934,2024-03-29,Male,48,Houston,Usa,Social Media,Premium
CUST105234,2025-03-28,Male,32,Minneapolis,Usa,Direct,Mainstream
CUST106381,2025-09-27,Female,20,Los Angeles,Usa,Paid Search,Mainstream
CUST101661,2023-09-14,Male,27,Portland,Usa,Organic Search,Mainstream
CUST100508,2023-03-21,Female,30,Minneapolis,Usa,Paid Search,Mainstream
CUST100166,2023-01-28,Female,47,New York,Usa,Paid Search,Premium
CUST105822,2025-06-26,Female,34,Austin,Usa,Paid Search,Mainstream
CUST104827,2025-01-20,Male,45,Chicago,Usa,Social Media,Mainstream
CUST103150,2024-05-02,Male,40,San Diego,Usa,Social Media,Budget
CUST106737,2025-11-19,Female,47,Toronto,Canada,Organic Search,Budget
CUST100103,2023-01-18,Female,18,San Diego,Usa,Social Media,Premium
CUST103484,2024-06-21,Female,43,Montreal,Canada,Email,Budget
CUST104252,2024-10-16,Male,31,Minneapolis,Usa,Paid Search,Mainstream
CUST103139,2024-04-30,Female,18,Denver,Usa,Organic Search,Budget
CUST103785,2024-08-04,Male,41,Austin,Usa,Email,Mainstream
CUST104315,2024-10-26,Female,40,New York,Usa,Affiliate,Mainstream
CUST101752,2023-09-26,Female,48,Denver,Usa,Paid Search,Budget
CUST106900,2025-12-16,Male,47,Portland,Usa,Email,Budget
CUST103781,2024-08-04,Female,33,Vancouver,Canada,Email,Mainstream
CUST106650,2025-11-04,Female,31,Nashville,Usa,Direct,Mainstream
CUST101658,2023-09-13,Female,37,Denver,Usa,Organic Search,Budget
CUST100152,2023-01-26,Female,39,Chicago,Usa,Referral,Premium
CUST104728,2025-01-04,Male,29,Austin,Usa,Email,Mainstream
CUST102483,2024-01-11,Female,18,Denver,Usa,Organic Search,Budget
CUST101583,2023-08-31,Female,37,Houston,Usa,Organic Search,Budget
CUST105916,2025-07-11,Female,26,Phoenix,Usa,Paid Search,Budget
CUST102552,2024-01-23,Male,25,Chicago,Usa,Paid Search,Mainstream
CUST103411,2024-06-07,Male,53,Portland,Usa,Referral,Budget
CUST105654,2025-05-28,Female,43,Toronto,Canada,Social Media,Budget
CUST103575,2024-07-05,Female,56,Portland,Usa,Social Media,Budget
CUST105159,2025-03-17,Female,52,Los Angeles,Usa,Paid Search,Mainstream
CUST103034,2024-04-14,Female,22,Portland,Usa,Social Media,Mainstream
CUST106139,2025-08-13,Female,48,Dallas,Usa,Direct,Premium
CUST102209,2023-12-04,Male,28,Portland,Usa,Organic Search,Budget
CUST105859,2025-07-02,Female,34,Seattle,Usa,Affiliate,Mainstream
CUST106727,2025-11-17,Female,27,Boston,Usa,Social Media,Premium
CUST101822,2023-10-07,Male,53,Nashville,Usa,Paid Search,Mainstream
CUST105421,2025-04-23,Male,30,Dallas,Usa,Email,Mainstream
CUST104923,2025-02-06,Other/Undisclosed,46,Denver,Usa,Paid Search,Budget
CUST105412,2025-04-21,Male,43,Portland,Usa,Organic Search,Budget
CUST104738,2025-01-05,Male,40,Los Angeles,Usa,Organic Search,Mainstream
CUST100309,2023-02-19,Male,34,Denver,Usa,Paid Search,Mainstream
CUST100212,2023-02-05,Other/Undisclosed,33,Los Angeles,Usa,Organic Search,Mainstream
CUST104357,2024-11-01,Female,42,Phoenix,Usa,Social Media,Budget
CUST104207,2024-10-08,Female,24,Vancouver,Canada,Direct,Premium
CUST103589,2024-07-07,Female,44,Austin,Usa,Direct,Mainstream
CUST100495,2023-03-20,Female,35,Boston,Usa,Organic Search,Budget
CUST100205,2023-02-04,Female,47,Calgary,Canada,Paid Search,Premium
CUST101434,2023-08-05,Male,43,San Diego,Usa,Paid Search,Budget
CUST101135,2023-06-22,Female,29,Boston,Usa,Direct,Mainstream
CUST102584,2024-01-31,Female,41,Chicago,Usa,Social Media,Budget
CUST100868,2023-05-15,Female,40,Phoenix,Usa,Paid Search,Budget
CUST102749,2024-02-28,Female,43,Toronto,Canada,Social Media,Mainstream
CUST100305,2023-02-19,Female,28,Miami,Usa,Email,Budget
CUST101849,2023-10-10,Female,36,Minneapolis,Usa,Referral,Budget
CUST103114,2024-04-26,Other/Undisclosed,52,Calgary,Canada,Email,Mainstream
CUST101988,2023-11-03,Female,49,Nashville,Usa,Paid Search,Budget
CUST102798,2024-03-06,Female,28,Denver,Usa,Referral,Premium
CUST103829,2024-08-10,Female,37,Calgary,Canada,Referral,Premium
CUST101534,2023-08-21,Male,18,San Diego,Usa,Social Media,Budget
CUST100843,2023-05-11,Female,46,Atlanta,Usa,Email,Mainstream
CUST101987,2023-11-03,Female,33,Chicago,Usa,Paid Search,Budget
CUST104824,2025-01-19,Male,18,Seattle,Usa,Direct,Mainstream
CUST106140,2025-08-13,Male,43,Dallas,Usa,Affiliate,Budget
CUST103544,2024-06-29,Other/Undisclosed,35,San Diego,Usa,Email,Premium
CUST100383,2023-03-04,Female,38,Portland,Usa,Organic Search,Mainstream
CUST101538,2023-08-23,Male,44,Portland,Usa,Organic Search,Mainstream
CUST100211,2023-02-05,Male,34,Toronto,Canada,Referral,Mainstream
CUST101957,2023-10-29,Male,27,Atlanta,Usa,Social Media,Premium
CUST104595,2024-12-12,Male,38,San Diego,Usa,Organic Search,Budget
CUST102438,2024-01-06,Male,37,New York,Usa,Email,Budget
CUST102727,2024-02-24,Female,36,Atlanta,Usa,Affiliate,Premium
CUST103396,2024-06-04,Male,46,Los Angeles,Usa,Organic Search,Premium
CUST106683,2025-11-10,Female,36,Miami,Usa,Social Media,Budget
CUST101349,2023-07-25,Male,30,Phoenix,Usa,Referral,Mainstream
CUST104981,2025-02-16,Female,23,Phoenix,Usa,Organic Search,Mainstream
CUST104856,2025-01-25,Male,19,Nashville,Usa,Referral,Budget
CUST105378,2025-04-16,Female,18,Miami,Usa,Referral,Budget
CUST100680,2023-04-18,Male,30,Minneapolis,Usa,Organic Search,Mainstream
CUST100180,2023-01-30,Male,35,Calgary,Canada,Referral,Mainstream
CUST106740,2025-11-19,Female,54,Phoenix,Usa,Referral,Mainstream
CUST103101,2024-04-24,Female,38,Calgary,Canada,Organic Search,Budget
CUST106496,2025-10-13,Female,41,Los Angeles,Usa,Organic Search,Budget
CUST104196,2024-10-06,Female,28,Chicago,Usa,Email,Mainstream
CUST100278,2023-02-14,Male,51,Nashville,Usa,Paid Search,Mainstream
CUST105894,2025-07-07,Male,25,Los Angeles,Usa,Organic Search,Mainstream
CUST103176,2024-05-04,Female,36,Nashville,Usa,Paid Search,Premium
CUST102480,2024-01-11,Female,27,Vancouver,Canada,Organic Search,Mainstream
CUST100289,2023-02-17,Male,47,Montreal,Canada,Organic Search,Premium
CUST106533,2025-10-17,Female,19,Chicago,Usa,Direct,Budget
CUST105277,2025-04-02,Male,33,Miami,Usa,Direct,Budget
CUST100993,2023-06-02,Female,31,Montreal,Canada,Email,Mainstream
CUST102236,2023-12-09,Male,38,San Diego,Usa,Social Media,Premium
CUST103614,2024-07-09,Male,37,Boston,Usa,Paid Search,Premium
CUST100039,2023-01-06,Female,31,San Diego,Usa,Social Media,Mainstream
CUST104956,2025-02-13,Male,35,New York,Usa,Organic Search,Mainstream
CUST102754,2024-02-29,Male,39,Portland,Usa,Paid Search,Mainstream
CUST105636,2025-05-26,Female,57,Seattle,Usa,Email,Premium
CUST104038,2024-09-10,Female,27,Seattle,Usa,Paid Search,Mainstream
CUST100270,2023-02-13,Male,20,Vancouver,Canada,Paid Search,Budget
CUST102997,2024-04-07,Female,36,Nashville,Usa,Social Media,Budget
CUST102883,2024-03-21,Male,22,Portland,Usa,Social Media,Mainstream
CUST105747,2025-06-14,Female,39,Seattle,Usa,Social Media,Premium
CUST103121,2024-04-27,Female,28,Houston,Usa,Organic Search,Mainstream
CUST105461,2025-04-28,Female,39,Denver,Usa,Paid Search,Mainstream
CUST100111,2023-01-19,Female,53,Austin,Usa,Organic Search,Budget
CUST101391,2023-07-30,Female,20,Miami,Usa,Affiliate,Mainstream
CUST102600,2024-02-03,Female,31,Seattle,Usa,Organic Search,Budget
CUST100220,2023-02-06,Male,54,Los Angeles,Usa,Social Media,Budget
CUST104221,2024-10-10,Male,36,Los Angeles,Usa,Referral,Budget
CUST103053,2024-04-18,Female,42,San Diego,Usa,Paid Search,Budget
CUST104271,2024-10-18,Female,45,Portland,Usa,Organic Search,Budget
CUST100083,2023-01-14,Male,45,Dallas,Usa,Email,Mainstream
CUST100873,2023-05-16,Female,36,Denver,Usa,Organic Search,Budget
CUST106516,2025-10-16,Male,38,Portland,Usa,Organic Search,Premium
CUST104385,2024-11-06,Female,22,Portland,Usa,Paid Search,Budget
CUST100461,2023-03-15,Female,25,Austin,Usa,Paid Search,Mainstream
CUST106180,2025-08-20,Male,36,Denver,Usa,Organic Search,Premium
CUST100551,2023-03-30,Male,27,Austin,Usa,Paid Search,Mainstream
CUST105671,2025-05-30,Male,31,Atlanta,Usa,Paid Search,Premium
CUST102374,2023-12-28,Female,56,Phoenix,Usa,Organic Search,Mainstream
CUST105912,2025-07-10,Female,38,New York,Usa,Paid Search,Mainstream
CUST102246,2023-12-10,Female,42,Minneapolis,Usa,Organic Search,Budget
CUST106619,2025-10-30,Female,40,Phoenix,Usa,Paid Search,Budget
CUST103858,2024-08-13,Female,40,Boston,Usa,Social Media,Mainstream
CUST102450,2024-01-07,Female,37,New York,Usa,Paid Search,Budget
CUST102329,2023-12-22,Male,29,Toronto,Canada,Paid Search,Mainstream
CUST105899,2025-07-08,Male,20,Denver,Usa,Referral,Mainstream
CUST102146,2023-11-25,Male,42,Atlanta,Usa,Referral,Budget
CUST105006,2025-02-20,Male,36,Phoenix,Usa,Direct,Mainstream
CUST105910,2025-07-10,Female,42,Chicago,Usa,Paid Search,Premium
CUST106203,2025-08-24,Female,53,Houston,Usa,Direct,Budget
CUST100650,2023-04-14,Female,36,New York,Usa,Social Media,Mainstream
CUST100708,2023-04-21,Female,45,Nashville,Usa,Email,Budget
CUST106011,2025-07-23,Female,18,Houston,Usa,Organic Search,Budget
CUST103360,2024-05-31,Female,30,New York,Usa,Paid Search,Mainstream
CUST103996,2024-09-04,Female,23,Boston,Usa,Email,Budget
CUST104713,2025-01-01,Male,33,Unknown,Usa,Paid Search,Budget
CUST101424,2023-08-04,Female,35,New York,Usa,Email,Mainstream
CUST101216,2023-07-05,Female,34,San Diego,Usa,Social Media,Budget
CUST105366,2025-04-15,Female,25,San Diego,Usa,Email,Premium
CUST101924,2023-10-24,Male,19,Atlanta,Usa,Paid Search,Mainstream
CUST103813,2024-08-07,Male,58,Los Angeles,Usa,Email,Mainstream
CUST104776,2025-01-12,Female,29,Minneapolis,Usa,Email,Budget
CUST100314,2023-02-20,Female,28,Atlanta,Usa,Social Media,Budget
CUST103807,2024-08-06,Male,36,Denver,Usa,Organic Search,Mainstream
CUST101427,2023-08-04,Female,18,Miami,Usa,Direct,Mainstream
CUST104901,2025-02-03,Female,38,Austin,Usa,Social Media,Premium
CUST104084,2024-09-17,Female,30,Phoenix,Usa,Social Media,Mainstream
CUST104028,2024-09-08,Female,32,Miami,Usa,Paid Search,Budget
CUST105687,2025-06-02,Male,33,Phoenix,Usa,Paid Search,Mainstream
CUST105821,2025-06-25,Female,21,Unknown,Usa,Social Media,Premium
CUST101105,2023-06-18,Female,24,Unknown,Usa,Referral,Mainstream
CUST105170,2025-03-18,Female,53,Vancouver,Canada,Social Media,Budget
CUST106345,2025-09-22,Female,33,Atlanta,Usa,Email,Budget
CUST103528,2024-06-27,Male,32,Austin,Usa,Email,Premium
CUST100684,2023-04-18,Male,61,New York,Usa,Social Media,Mainstream
CUST105148,2025-03-15,Female,36,Miami,Usa,Affiliate,Budget
CUST102765,2024-03-02,Male,27,Montreal,Canada,Email,Premium
CUST103058,2024-04-19,Male,18,Phoenix,Usa,Social Media,Budget
CUST103794,2024-08-05,Male,30,Chicago,Usa,Paid Search,Mainstream
CUST102451,2024-01-07,Female,64,Atlanta,Usa,Affiliate,Mainstream
CUST103366,2024-05-31,Female,45,Chicago,Usa,Organic Search,Mainstream
CUST100326,2023-02-23,Female,52,Chicago,Usa,Direct,Budget
CUST103971,2024-08-30,Male,47,Houston,Usa,Organic Search,Premium
CUST105882,2025-07-05,Female,44,Chicago,Usa,Email,Mainstream
CUST102176,2023-11-29,Female,22,San Diego,Usa,Referral,Budget
CUST103617,2024-07-10,Male,36,Montreal,Canada,Social Media,Mainstream
CUST104139,2024-09-27,Female,25,Phoenix,Usa,Paid Search,Mainstream
CUST106085,2025-08-04,Male,34,New York,Usa,Email,Mainstream
CUST103258,2024-05-16,Female,18,Nashville,Usa,Email,Premium
CUST102787,2024-03-05,Other/Undisclosed,26,Nashville,Usa,Social Media,Mainstream
CUST106930,2025-12-20,Female,40,Houston,Usa,Affiliate,Mainstream
CUST103931,2024-08-25,Male,28,Nashville,Usa,Direct,Budget
CUST101676,2023-09-16,Female,30,Calgary,Canada,Paid Search,Budget
CUST100348,2023-02-26,Female,45,New York,Usa,Paid Search,Mainstream
CUST106241,2025-08-31,Female,38,New York,Usa,Organic Search,Mainstream
CUST105015,2025-02-22,Male,56,Minneapolis,Usa,Organic Search,Mainstream
CUST104464,2024-11-19,Female,45,Boston,Usa,Paid Search,Mainstream
CUST101626,2023-09-07,Female,59,Austin,Usa,Social Media,Premium
CUST104267,2024-10-18,Female,34,Miami,Usa,Social Media,Budget
CUST105499,2025-05-05,Male,26,Miami,Usa,Social Media,Budget
CUST106276,2025-09-08,Female,42,Houston,Usa,Affiliate,Mainstream
CUST100871,2023-05-16,Female,41,Dallas,Usa,Paid Search,Premium
CUST104108,2024-09-21,Female,20,Houston,Usa,Paid Search,Budget
CUST105061,2025-03-01,Female,20,Phoenix,Usa,Paid Search,Premium
CUST103270,2024-05-18,Female,54,Nashville,Usa,Paid Search,Premium
CUST102218,2023-12-05,Female,34,Nashville,Usa,Paid Search,Premium
CUST105514,2025-05-07,Other/Undisclosed,18,Seattle,Usa,Paid Search,Premium
CUST102121,2023-11-22,Female,45,Chicago,Usa,Social Media,Premium
CUST104567,2024-12-08,Female,27,Chicago,Usa,Email,Mainstream
CUST103349,2024-05-29,Male,46,Los Angeles,Usa,Email,Premium
CUST100085,2023-01-14,Male,53,Miami,Usa,Email,Budget
CUST106188,2025-08-22,Female,30,Toronto,Canada,Paid Search,Mainstream
CUST101877,2023-10-16,Male,34,Montreal,Canada,Paid Search,Premium
CUST102801,2024-03-07,Female,33,San Diego,Usa,Social Media,Premium
CUST105550,2025-05-13,Female,18,Boston,Usa,Paid Search,Mainstream
CUST102640,2024-02-10,Female,31,Boston,Usa,Paid Search,Premium
CUST106866,2025-12-11,Male,34,Seattle,Usa,Organic Search,Mainstream
CUST102880,2024-03-21,Male,41,Denver,Usa,Email,Mainstream
CUST103315,2024-05-25,Female,18,Chicago,Usa,Organic Search,Premium
CUST100494,2023-03-20,Female,18,Austin,Usa,Paid Search,Mainstream
CUST102019,2023-11-08,Male,29,Phoenix,Usa,Social Media,Premium
CUST102525,2024-01-19,Male,63,Vancouver,Canada,Email,Budget
CUST104205,2024-10-08,Female,18,Seattle,Usa,Email,Mainstream
CUST103159,2024-05-03,Female,24,Atlanta,Usa,Direct,Mainstream
CUST106572,2025-10-23,Female,52,Miami,Usa,Social Media,Budget
CUST101270,2023-07-12,Male,40,Unknown,Usa,Affiliate,Budget
CUST105079,2025-03-04,Female,18,Dallas,Usa,Affiliate,Budget
CUST105744,2025-06-13,Female,51,Dallas,Usa,Paid Search,Premium
CUST102895,2024-03-23,Male,27,Atlanta,Usa,Organic Search,Budget
CUST103671,2024-07-20,Female,34,Chicago,Usa,Organic Search,Mainstream
CUST105813,2025-06-24,Male,37,Calgary,Canada,Social Media,Budget
CUST100618,2023-04-09,Female,32,Dallas,Usa,Organic Search,Budget
CUST106017,2025-07-24,Female,36,San Diego,Usa,Organic Search,Budget
CUST103667,2024-07-20,Female,35,Austin,Usa,Email,Mainstream
CUST105495,2025-05-04,Male,19,Atlanta,Usa,Referral,Budget
CUST106269,2025-09-06,Female,36,Dallas,Usa,Email,Premium
CUST106833,2025-12-05,Female,49,Los Angeles,Usa,Paid Search,Budget
CUST104174,2024-10-04,Female,34,Portland,Usa,Paid Search,Mainstream
CUST101413,2023-08-02,Male,33,Miami,Usa,Organic Search,Mainstream
CUST102201,2023-12-03,Female,35,Portland,Usa,Paid Search,Mainstream
CUST102001,2023-11-05,Female,56,Los Angeles,Usa,Direct,Budget
CUST105245,2025-03-29,Female,40,Unknown,Usa,Affiliate,Mainstream
CUST100869,2023-05-15,Female,26,Houston,Usa,Direct,Mainstream
CUST102358,2023-12-26,Female,35,San Diego,Usa,Social Media,Budget
CUST102006,2023-11-06,Female,34,Houston,Usa,Referral,Premium
CUST104414,2024-11-09,Male,25,San Diego,Usa,Paid Search,Premium
CUST105384,2025-04-16,Female,28,Montreal,Canada,Affiliate,Premium
CUST100356,2023-02-26,Male,32,San Diego,Usa,Social Media,Premium
CUST101162,2023-06-26,Female,53,Austin,Usa,Direct,Mainstream
CUST105340,2025-04-11,Female,41,Nashville,Usa,Social Media,Budget
CUST103064,2024-04-19,Female,57,Los Angeles,Usa,Organic Search,Mainstream
CUST106484,2025-10-12,Male,36,San Diego,Usa,Email,Budget
CUST103355,2024-05-29,Female,18,Austin,Usa,Organic Search,Mainstream
CUST104424,2024-11-10,Male,47,Miami,Usa,Organic Search,Budget
CUST103739,2024-07-29,Male,38,Minneapolis,Usa,Paid Search,Mainstream
CUST106937,2025-12-21,Male,41,Houston,Usa,Paid Search,Budget
CUST101890,2023-10-17,Male,18,Houston,Usa,Paid Search,Premium
CUST100579,2023-04-04,Female,30,Los Angeles,Usa,Organic Search,Mainstream
CUST102319,2023-12-20,Female,53,Dallas,Usa,Social Media,Premium
CUST105522,2025-05-08,Male,40,Phoenix,Usa,Paid Search,Mainstream
CUST101691,2023-09-18,Male,28,Atlanta,Usa,Organic Search,Budget
CUST100862,2023-05-14,Male,38,Nashville,Usa,Affiliate,Mainstream
CUST105738,2025-06-12,Male,33,Minneapolis,Usa,Paid Search,Premium
CUST105379,2025-04-16,Female,20,Chicago,Usa,Direct,Mainstream
CUST102380,2023-12-28,Female,33,Montreal,Canada,Direct,Mainstream
CUST102378,2023-12-28,Male,31,Portland,Usa,Organic Search,Budget
CUST104953,2025-02-12,Other/Undisclosed,36,San Diego,Usa,Direct,Budget
CUST105077,2025-03-04,Female,57,Chicago,Usa,Direct,Mainstream
CUST101116,2023-06-19,Female,47,Boston,Usa,Paid Search,Premium
CUST101541,2023-08-23,Female,32,Boston,Usa,Organic Search,Budget
CUST103832,2024-08-11,Female,56,Toronto,Canada,Referral,Premium
CUST105409,2025-04-20,Female,42,Dallas,Usa,Referral,Mainstream
CUST106470,2025-10-10,Male,25,Miami,Usa,Email,Budget
CUST105508,2025-05-06,Male,36,Houston,Usa,Email,Mainstream
CUST104745,2025-01-07,Female,44,Nashville,Usa,Paid Search,Mainstream
CUST106806,2025-11-30,Female,18,Unknown,Usa,Social Media,Mainstream
CUST103289,2024-05-21,Male,39,Vancouver,Canada,Referral,Mainstream
CUST104700,2024-12-29,Female,23,Miami,Usa,Direct,Premium
CUST104577,2024-12-10,Female,53,Miami,Usa,Affiliate,Mainstream
CUST102500,2024-01-14,Female,23,Boston,Usa,Direct,Mainstream
CUST106212,2025-08-26,Male,45,Montreal,Canada,Affiliate,Budget
CUST103765,2024-08-01,Female,39,New York,Usa,Paid Search,Mainstream
CUST106239,2025-08-31,Male,37,Phoenix,Usa,Referral,Mainstream
CUST106922,2025-12-19,Female,30,Houston,Usa,Social Media,Budget
CUST106044,2025-07-29,Male,46,Austin,Usa,Organic Search,Mainstream
CUST106926,2025-12-20,Female,35,New York,Usa,Paid Search,Mainstream
CUST106674,2025-11-09,Female,37,Portland,Usa,Paid Search,Budget
CUST106703,2025-11-15,Female,26,Phoenix,Usa,Paid Search,Budget
CUST105380,2025-04-16,Male,30,Vancouver,Canada,Email,Premium
CUST104126,2024-09-25,Male,39,San Diego,Usa,Paid Search,Budget
CUST105224,2025-03-26,Female,35,Houston,Usa,Social Media,Mainstream
CUST104671,2024-12-23,Male,41,Boston,Usa,Email,Mainstream
CUST106745,2025-11-20,Male,37,Chicago,Usa,Affiliate,Mainstream
CUST102052,2023-11-12,Female,37,New York,Usa,Referral,Mainstream
CUST101776,2023-09-29,Male,43,Calgary,Canada,Email,Mainstream
CUST103491,2024-06-22,Female,35,Austin,Usa,Paid Search,Mainstream
CUST104299,2024-10-23,Female,29,New York,Usa,Direct,Mainstream
CUST102536,2024-01-21,Male,34,Los Angeles,Usa,Organic Search,Premium
CUST105345,2025-04-12,Male,45,Calgary,Canada,Social Media,Mainstream
CUST103722,2024-07-27,Female,18,San Diego,Usa,Email,Premium
CUST101592,2023-09-01,Female,27,Seattle,Usa,Paid Search,Budget
CUST101723,2023-09-22,Female,46,Miami,Usa,Referral,Premium
CUST105503,2025-05-06,Female,49,Houston,Usa,Paid Search,Budget
CUST102611,2024-02-05,Female,35,Boston,Usa,Paid Search,Mainstream
CUST106817,2025-12-02,Female,26,Nashville,Usa,Email,Budget
CUST100490,2023-03-19,Other/Undisclosed,21,Minneapolis,Usa,Social Media,Budget
CUST105914,2025-07-10,Male,36,Atlanta,Usa,Direct,Budget
CUST102910,2024-03-25,Female,37,Toronto,Canada,Organic Search,Budget
CUST101006,2023-06-03,Female,48,New York,Usa,Organic Search,Premium
CUST104224,2024-10-11,Male,29,Boston,Usa,Social Media,Budget
CUST102503,2024-01-15,Female,38,New York,Usa,Organic Search,Premium
CUST105477,2025-05-02,Male,45,Boston,Usa,Email,Mainstream
CUST102314,2023-12-19,Female,40,Unknown,Usa,Paid Search,Premium
CUST102554,2024-01-24,Female,44,Austin,Usa,Organic Search,Mainstream
CUST101417,2023-08-02,Male,34,Atlanta,Usa,Referral,Premium
CUST103096,2024-04-23,Female,18,New York,Usa,Organic Search,Mainstream
CUST100025,2023-01-05,Female,29,San Diego,Usa,Direct,Premium
CUST102409,2024-01-01,Female,30,Minneapolis,Usa,Paid Search,Mainstream
CUST101113,2023-06-18,Female,28,Nashville,Usa,Paid Search,Budget
CUST105963,2025-07-18,Female,21,Denver,Usa,Direct,Budget
CUST101552,2023-08-25,Female,36,Minneapolis,Usa,Affiliate,Mainstream
CUST106009,2025-07-23,Female,35,Unknown,Usa,Paid Search,Mainstream
CUST105252,2025-03-30,Male,33,New York,Usa,Email,Budget
CUST104504,2024-11-26,Male,19,Toronto,Canada,Email,Budget
CUST100433,2023-03-11,Female,49,Atlanta,Usa,Social Media,Budget
CUST104071,2024-09-14,Male,36,Miami,Usa,Referral,Premium
CUST102655,2024-02-11,Female,43,Denver,Usa,Paid Search,Premium
CUST103915,2024-08-22,Male,25,Phoenix,Usa,Paid Search,Budget
CUST104765,2025-01-10,Other/Undisclosed,41,Portland,Usa,Email,Budget
CUST104110,2024-09-21,Male,36,Los Angeles,Usa,Paid Search,Premium
CUST101127,2023-06-21,Female,20,Los Angeles,Usa,Direct,Mainstream
CUST104307,2024-10-25,Female,35,Seattle,Usa,Direct,Budget
CUST105456,2025-04-27,Male,61,Minneapolis,Usa,Social Media,Mainstream
CUST104144,2024-09-28,Male,35,Houston,Usa,Direct,Budget
CUST102518,2024-01-17,Male,43,Chicago,Usa,Organic Search,Premium
CUST106761,2025-11-23,Other/Undisclosed,35,Miami,Usa,Social Media,Mainstream
CUST101102,2023-06-18,Other/Undisclosed,18,Vancouver,Canada,Paid Search,Mainstream
CUST103395,2024-06-04,Female,30,Atlanta,Usa,Affiliate,Mainstream
CUST104766,2025-01-10,Male,33,Atlanta,Usa,Organic Search,Mainstream
CUST105643,2025-05-27,Male,38,Nashville,Usa,Paid Search,Budget
CUST105212,2025-03-25,Male,33,Nashville,Usa,Referral,Mainstream
CUST104883,2025-01-30,Female,23,Boston,Usa,Affiliate,Budget
CUST100194,2023-02-02,Male,27,Austin,Usa,Social Media,Mainstream
CUST100615,2023-04-09,Female,33,Houston,Usa,Paid Search,Budget
CUST100643,2023-04-13,Female,33,San Diego,Usa,Direct,Premium
CUST105055,2025-03-01,Female,28,Portland,Usa,Social Media,Mainstream
CUST103116,2024-04-26,Female,41,Calgary,Canada,Paid Search,Mainstream
CUST103402,2024-06-05,Male,22,Dallas,Usa,Direct,Premium
CUST102776,2024-03-04,Female,46,Boston,Usa,Paid Search,Budget
CUST105767,2025-06-18,Male,27,Atlanta,Usa,Social Media,Mainstream
CUST105944,2025-07-15,Male,49,Boston,Usa,Social Media,Premium
CUST103383,2024-06-03,Male,28,Los Angeles,Usa,Paid Search,Premium
CUST100330,2023-02-23,Female,24,Houston,Usa,Organic Search,Mainstream
CUST102207,2023-12-04,Male,42,Nashville,Usa,Paid Search,Premium
CUST104605,2024-12-14,Female,36,San Diego,Usa,Referral,Mainstream
CUST105062,2025-03-01,Male,18,Seattle,Usa,Organic Search,Premium
CUST102670,2024-02-14,Other/Undisclosed,18,New York,Usa,Social Media,Premium
CUST100972,2023-05-30,Male,19,Miami,Usa,Social Media,Mainstream
CUST100483,2023-03-18,Female,33,Austin,Usa,Social Media,Premium
CUST102420,2024-01-03,Female,18,Nashville,Usa,Referral,Budget
CUST102602,2024-02-03,Male,35,Minneapolis,Usa,Paid Search,Mainstream
CUST100719,2023-04-23,Male,49,Los Angeles,Usa,Paid Search,Mainstream
CUST103801,2024-08-06,Male,34,Toronto,Canada,Email,Mainstream
CUST102059,2023-11-13,Female,35,New York,Usa,Affiliate,Budget
CUST102803,2024-03-07,Female,26,Nashville,Usa,Paid Search,Mainstream
CUST102566,2024-01-27,Female,20,Portland,Usa,Organic Search,Mainstream
CUST104698,2024-12-29,Female,34,New York,Usa,Affiliate,Budget
CUST100032,2023-01-06,Female,31,Seattle,Usa,Social Media,Budget
CUST100664,2023-04-15,Male,39,Phoenix,Usa,Organic Search,Budget
CUST105533,2025-05-11,Male,19,San Diego,Usa,Social Media,Mainstream
CUST104803,2025-01-16,Female,25,Calgary,Canada,Social Media,Budget
CUST105806,2025-06-24,Male,37,Los Angeles,Usa,Affiliate,Budget
CUST101444,2023-08-06,Female,53,Chicago,Usa,Social Media,Budget
CUST103347,2024-05-28,Female,34,Miami,Usa,Paid Search,Mainstream
CUST102792,2024-03-06,Male,44,Seattle,Usa,Paid Search,Budget
CUST105809,2025-06-24,Male,41,New York,Usa,Social Media,Premium
CUST106856,2025-12-09,Female,32,Los Angeles,Usa,Referral,Mainstream
CUST101705,2023-09-21,Female,50,Houston,Usa,Social Media,Mainstream
CUST104979,2025-02-16,Male,55,Austin,Usa,Direct,Budget
CUST105312,2025-04-07,Male,23,Atlanta,Usa,Referral,Mainstream
CUST106821,2025-12-03,Female,47,Montreal,Canada,Paid Search,Mainstream
CUST104050,2024-09-11,Male,45,Houston,Usa,Organic Search,Budget
CUST104679,2024-12-25,Female,33,Portland,Usa,Email,Budget
CUST100118,2023-01-20,Female,42,Houston,Usa,Direct,Mainstream
CUST102277,2023-12-14,Female,47,Boston,Usa,Organic Search,Budget
CUST102905,2024-03-24,Male,33,Vancouver,Canada,Paid Search,Budget
CUST101401,2023-08-01,Female,37,Phoenix,Usa,Email,Mainstream
CUST100739,2023-04-25,Male,54,San Diego,Usa,Paid Search,Mainstream
CUST102456,2024-01-08,Female,61,Minneapolis,Usa,Email,Premium
CUST100170,2023-01-29,Female,37,Los Angeles,Usa,Organic Search,Mainstream
CUST100540,2023-03-28,Female,25,Miami,Usa,Social Media,Premium
CUST100883,2023-05-17,Female,31,New York,Usa,Direct,Budget
CUST105270,2025-04-01,Female,37,Portland,Usa,Paid Search,Mainstream
CUST104463,2024-11-19,Male,38,New York,Usa,Organic Search,Mainstream
CUST103752,2024-07-31,Male,31,Dallas,Usa,Paid Search,Mainstream
CUST103790,2024-08-04,Female,28,San Diego,Usa,Referral,Budget
CUST100674,2023-04-17,Male,44,Nashville,Usa,Email,Mainstream
CUST103209,2024-05-09,Female,29,Boston,Usa,Direct,Mainstream
CUST106591,2025-10-24,Female,18,Phoenix,Usa,Direct,Mainstream
CUST102915,2024-03-26,Female,27,Boston,Usa,Referral,Budget
CUST106137,2025-08-13,Male,24,Portland,Usa,Referral,Mainstream
CUST101815,2023-10-06,Female,29,Boston,Usa,Paid Search,Mainstream
CUST106985,2025-12-28,Male,65,Minneapolis,Usa,Paid Search,Mainstream
CUST103571,2024-07-04,Female,25,Phoenix,Usa,Organic Search,Budget
CUST102100,2023-11-19,Female,40,Boston,Usa,Social Media,Mainstream
CUST104213,2024-10-09,Female,42,Austin,Usa,Organic Search,Budget
CUST106971,2025-12-26,Male,54,Boston,Usa,Email,Budget
CUST105926,2025-07-12,Female,51,Miami,Usa,Paid Search,Mainstream
CUST102101,2023-11-19,Female,41,Toronto,Canada,Email,Mainstream
CUST105960,2025-07-17,Male,50,Los Angeles,Usa,Organic Search,Premium
CUST103910,2024-08-21,Male,32,Houston,Usa,Paid Search,Premium
CUST101548,2023-08-24,Female,36,Chicago,Usa,Social Media,Premium
CUST104210,2024-10-08,Female,54,Atlanta,Usa,Social Media,Premium
CUST103323,2024-05-26,Female,42,Toronto,Canada,Organic Search,Mainstream
CUST100355,2023-02-26,Female,50,Chicago,Usa,Direct,Mainstream
CUST104906,2025-02-04,Female,36,Toronto,Canada,Email,Mainstream
CUST103764,2024-08-01,Male,41,Denver,Usa,Paid Search,Mainstream
CUST106537,2025-10-18,Male,21,Chicago,Usa,Paid Search,Premium
CUST102535,2024-01-20,Male,41,Austin,Usa,Organic Search,Budget
CUST106226,2025-08-29,Female,35,Denver,Usa,Organic Search,Mainstream
CUST103220,2024-05-10,Female,27,Denver,Usa,Paid Search,Mainstream
CUST105011,2025-02-21,Female,51,Denver,Usa,Organic Search,Budget
CUST102373,2023-12-28,Female,42,Dallas,Usa,Social Media,Mainstream
CUST101051,2023-06-11,Male,23,Miami,Usa,Paid Search,Budget
CUST103074,2024-04-20,Female,47,Vancouver,Canada,Referral,Budget
CUST102321,2023-12-20,Male,42,New York,Usa,Direct,Premium
CUST104490,2024-11-24,Male,24,Atlanta,Usa,Affiliate,Budget
CUST104534,2024-11-30,Female,41,Denver,Usa,Organic Search,Mainstream
CUST101751,2023-09-26,Female,29,Austin,Usa,Direct,Budget
CUST103443,2024-06-12,Male,20,Nashville,Usa,Organic Search,Mainstream
CUST101772,2023-09-29,Male,30,Atlanta,Usa,Paid Search,Premium
CUST101196,2023-07-01,Female,25,Atlanta,Usa,Organic Search,Mainstream
CUST101878,2023-10-16,Female,27,Phoenix,Usa,Organic Search,Mainstream
CUST102668,2024-02-14,Female,30,Atlanta,Usa,Email,Budget
CUST102016,2023-11-07,Female,50,Miami,Usa,Social Media,Mainstream
CUST102005,2023-11-06,Female,36,San Diego,Usa,Email,Budget
CUST105705,2025-06-05,Male,40,Miami,Usa,Paid Search,Mainstream
CUST101482,2023-08-11,Female,38,Portland,Usa,Referral,Premium
CUST103237,2024-05-12,Male,32,Boston,Usa,Direct,Mainstream
CUST100328,2023-02-23,Male,43,Minneapolis,Usa,Paid Search,Budget
CUST100648,2023-04-14,Female,26,Austin,Usa,Referral,Budget
CUST102945,2024-03-30,Female,31,Nashville,Usa,Paid Search,Premium
CUST103410,2024-06-06,Male,18,Atlanta,Usa,Paid Search,Budget
CUST101123,2023-06-20,Male,26,Nashville,Usa,Affiliate,Budget
CUST103877,2024-08-16,Male,39,Nashville,Usa,Paid Search,Mainstream
CUST102788,2024-03-06,Female,27,Los Angeles,Usa,Organic Search,Budget
CUST104656,2024-12-21,Male,47,Vancouver,Canada,Paid Search,Budget
CUST103437,2024-06-11,Male,56,Boston,Usa,Paid Search,Budget
CUST105576,2025-05-18,Male,27,Minneapolis,Usa,Email,Budget
CUST103903,2024-08-20,Female,33,Dallas,Usa,Social Media,Budget
CUST105890,2025-07-06,Male,40,Atlanta,Usa,Direct,Premium
CUST101259,2023-07-11,Male,26,Calgary,Canada,Affiliate,Mainstream
CUST104161,2024-10-01,Other/Undisclosed,33,New York,Usa,Direct,Budget
CUST105861,2025-07-02,Female,33,Atlanta,Usa,Paid Search,Premium
CUST106874,2025-12-12,Male,36,Los Angeles,Usa,Email,Premium
CUST101519,2023-08-18,Female,41,Dallas,Usa,Email,Budget
CUST101378,2023-07-28,Female,45,Chicago,Usa,Social Media,Mainstream
CUST105133,2025-03-14,Male,47,Seattle,Usa,Organic Search,Mainstream
CUST101023,2023-06-06,Male,33,Boston,Usa,Paid Search,Mainstream
CUST104794,2025-01-14,Male,26,Phoenix,Usa,Organic Search,Premium
CUST102918,2024-03-26,Male,24,Toronto,Canada,Paid Search,Budget
CUST104003,2024-09-05,Female,36,Phoenix,Usa,Direct,Budget
CUST105002,2025-02-20,Female,34,Portland,Usa,Paid Search,Mainstream
CUST103849,2024-08-13,Female,51,Dallas,Usa,Paid Search,Mainstream
CUST100912,2023-05-21,Male,32,Denver,Usa,Social Media,Mainstream
CUST102857,2024-03-16,Male,42,Denver,Usa,Direct,Budget
CUST106076,2025-08-02,Female,71,Dallas,Usa,Email,Mainstream
CUST101675,2023-09-16,Female,29,Chicago,Usa,Social Media,Budget
CUST101746,2023-09-26,Female,20,Austin,Usa,Social Media,Premium
CUST103026,2024-04-13,Female,40,Minneapolis,Usa,Email,Budget
CUST100532,2023-03-27,Male,36,Vancouver,Canada,Affiliate,Premium
CUST101736,2023-09-25,Female,31,Miami,Usa,Referral,Mainstream
CUST101629,2023-09-07,Other/Undisclosed,38,Dallas,Usa,Paid Search,Mainstream
CUST104638,2024-12-19,Male,51,Minneapolis,Usa,Organic Search,Premium
CUST100430,2023-03-10,Female,30,Dallas,Usa,Organic Search,Premium
CUST101808,2023-10-05,Female,48,Nashville,Usa,Paid Search,Budget
CUST104471,2024-11-20,Female,34,Miami,Usa,Affiliate,Mainstream
CUST106244,2025-09-01,Male,51,Atlanta,Usa,Social Media,Mainstream
CUST104387,2024-11-06,Female,24,Toronto,Canada,Paid Search,Mainstream
CUST106178,2025-08-20,Female,48,Dallas,Usa,Referral,Premium
CUST100234,2023-02-08,Female,36,San Diego,Usa,Paid Search,Mainstream
CUST104819,2025-01-18,Female,35,Houston,Usa,Direct,Budget
CUST102222,2023-12-06,Female,30,Dallas,Usa,Organic Search,Mainstream
CUST105329,2025-04-10,Male,25,Atlanta,Usa,Organic Search,Premium
CUST103946,2024-08-28,Male,28,Nashville,Usa,Social Media,Budget
CUST106317,2025-09-15,Female,46,San Diego,Usa,Paid Search,Mainstream
CUST104331,2024-10-29,Male,33,Toronto,Canada,Direct,Mainstream
CUST106274,2025-09-07,Male,26,Houston,Usa,Organic Search,Budget
CUST101948,2023-10-27,Female,50,Los Angeles,Usa,Email,Budget
CUST105377,2025-04-15,Male,31,Boston,Usa,Paid Search,Budget
CUST106864,2025-12-10,Female,26,Minneapolis,Usa,Organic Search,Budget
CUST104335,2024-10-30,Female,37,Minneapolis,Usa,Paid Search,Mainstream
CUST106935,2025-12-20,Other/Undisclosed,30,Seattle,Usa,Social Media,Mainstream
CUST101995,2023-11-04,Female,45,Seattle,Usa,Paid Search,Budget
CUST102671,2024-02-14,Female,49,Montreal,Canada,Social Media,Budget
CUST106605,2025-10-27,Female,18,Nashville,Usa,Social Media,Mainstream
CUST102224,2023-12-06,Male,24,Dallas,Usa,Organic Search,Mainstream
CUST101106,2023-06-18,Male,37,Austin,Usa,Organic Search,Mainstream
CUST105798,2025-06-23,Male,39,Miami,Usa,Social Media,Mainstream
CUST100818,2023-05-07,Male,18,Montreal,Canada,Social Media,Mainstream
CUST103480,2024-06-20,Other/Undisclosed,26,Seattle,Usa,Organic Search,Premium
CUST104098,2024-09-18,Female,48,Toronto,Canada,Direct,Premium
CUST103916,2024-08-23,Female,41,Vancouver,Canada,Social Media,Mainstream
CUST105110,2025-03-10,Female,42,Houston,Usa,Paid Search,Mainstream
CUST101697,2023-09-19,Female,42,Unknown,Usa,Referral,Mainstream
CUST103550,2024-06-30,Other/Undisclosed,30,Houston,Usa,Affiliate,Mainstream
CUST100136,2023-01-24,Male,28,Los Angeles,Usa,Direct,Budget
CUST101642,2023-09-10,Female,27,Portland,Usa,Organic Search,Budget
CUST105411,2025-04-21,Female,40,San Diego,Usa,Social Media,Mainstream
CUST105501,2025-05-05,Female,49,Miami,Usa,Referral,Mainstream
CUST106234,2025-08-30,Female,37,Phoenix,Usa,Email,Premium
CUST101180,2023-06-29,Male,34,New York,Usa,Social Media,Premium
CUST104410,2024-11-09,Other/Undisclosed,39,Los Angeles,Usa,Organic Search,Mainstream
CUST100888,2023-05-18,Male,27,Dallas,Usa,Referral,Mainstream
CUST102987,2024-04-05,Male,30,New York,Usa,Affiliate,Mainstream
CUST103704,2024-07-25,Male,41,Atlanta,Usa,Paid Search,Premium
CUST102437,2024-01-06,Female,29,Minneapolis,Usa,Organic Search,Premium
CUST105733,2025-06-12,Male,18,Vancouver,Canada,Social Media,Mainstream
CUST104030,2024-09-08,Female,33,Portland,Usa,Referral,Premium
CUST100817,2023-05-07,Male,39,San Diego,Usa,Social Media,Budget
CUST101111,2023-06-18,Female,30,Portland,Usa,Email,Mainstream
CUST104394,2024-11-07,Female,27,Houston,Usa,Paid Search,Mainstream
CUST102341,2023-12-23,Female,33,Boston,Usa,Affiliate,Budget
CUST103167,2024-05-03,Female,44,San Diego,Usa,Paid Search,Budget
CUST105184,2025-03-20,Female,24,San Diego,Usa,Referral,Budget
CUST104778,2025-01-12,Male,22,Chicago,Usa,Direct,Mainstream
CUST104614,2024-12-15,Female,45,Nashville,Usa,Organic Search,Mainstream
CUST103065,2024-04-19,Male,38,Toronto,Canada,Email,Budget
CUST101264,2023-07-11,Female,31,Los Angeles,Usa,Organic Search,Mainstream
CUST100990,2023-06-02,Female,22,Chicago,Usa,Referral,Premium
CUST101464,2023-08-09,Female,31,Montreal,Canada,Email,Mainstream
CUST101739,2023-09-25,Male,34,Seattle,Usa,Social Media,Premium
CUST106885,2025-12-14,Female,21,Los Angeles,Usa,Organic Search,Budget
CUST103458,2024-06-16,Female,30,Minneapolis,Usa,Referral,Premium
CUST100353,2023-02-26,Female,33,Toronto,Canada,Social Media,Mainstream
CUST105361,2025-04-14,Female,50,Austin,Usa,Referral,Mainstream
CUST103731,2024-07-28,Female,24,Denver,Usa,Affiliate,Premium
CUST103434,2024-06-10,Male,31,Boston,Usa,Email,Mainstream
CUST104936,2025-02-10,Female,53,Unknown,Usa,Organic Search,Premium
CUST101489,2023-08-13,Female,19,Minneapolis,Usa,Paid Search,Premium
CUST104726,2025-01-03,Male,48,Nashville,Usa,Paid Search,Premium
CUST104712,2025-01-01,Male,31,New York,Usa,Social Media,Mainstream
CUST103130,2024-04-29,Male,52,Denver,Usa,Referral,Mainstream
CUST101228,2023-07-06,Male,20,Miami,Usa,Direct,Premium
CUST104184,2024-10-05,Female,35,Calgary,Canada,Paid Search,Mainstream
CUST104449,2024-11-16,Male,43,Denver,Usa,Paid Search,Mainstream
CUST104428,2024-11-11,Female,39,New York,Usa,Social Media,Mainstream
CUST106657,2025-11-05,Male,29,Phoenix,Usa,Paid Search,Mainstream
CUST103745,2024-07-30,Other/Undisclosed,60,New York,Usa,Email,Mainstream
CUST106580,2025-10-24,Female,36,Nashville,Usa,Social Media,Budget
CUST100052,2023-01-08,Female,41,Vancouver,Canada,Email,Budget
CUST105874,2025-07-04,Male,31,Minneapolis,Usa,Paid Search,Premium
CUST103824,2024-08-09,Male,25,Seattle,Usa,Direct,Budget
CUST104925,2025-02-07,Female,51,New York,Usa,Organic Search,Budget
CUST103085,2024-04-22,Female,40,Minneapolis,Usa,Social Media,Budget
CUST100159,2023-01-27,Female,18,Minneapolis,Usa,Social Media,Mainstream
CUST104332,2024-10-30,Female,55,Montreal,Canada,Organic Search,Mainstream
CUST101587,2023-09-01,Female,46,Austin,Usa,Social Media,Mainstream
CUST101589,2023-09-01,Female,23,Houston,Usa,Email,Budget
CUST101479,2023-08-10,Male,44,Los Angeles,Usa,Social Media,Mainstream
CUST104407,2024-11-08,Male,57,Calgary,Canada,Paid Search,Mainstream
CUST103145,2024-05-01,Female,40,Seattle,Usa,Paid Search,Mainstream
CUST101469,2023-08-10,Male,32,New York,Usa,Paid Search,Budget
CUST105825,2025-06-26,Female,50,Los Angeles,Usa,Affiliate,Mainstream
CUST103094,2024-04-23,Other/Undisclosed,27,Austin,Usa,Referral,Mainstream
CUST103880,2024-08-17,Female,44,New York,Usa,Direct,Mainstream
CUST105263,2025-03-31,Male,27,Boston,Usa,Paid Search,Budget
CUST102078,2023-11-15,Male,36,Portland,Usa,Email,Budget
CUST106887,2025-12-14,Male,31,Nashville,Usa,Paid Search,Budget
CUST104417,2024-11-09,Female,35,San Diego,Usa,Social Media,Budget
CUST104303,2024-10-24,Female,27,Calgary,Canada,Social Media,Mainstream
CUST106931,2025-12-20,Male,45,Chicago,Usa,Referral,Premium
CUST103800,2024-08-06,Female,43,Houston,Usa,Organic Search,Budget
CUST102828,2024-03-11,Female,18,Denver,Usa,Paid Search,Mainstream
CUST100436,2023-03-12,Female,52,Atlanta,Usa,Direct,Budget
CUST106598,2025-10-26,Female,41,Houston,Usa,Social Media,Budget
CUST106810,2025-11-30,Female,35,Seattle,Usa,Paid Search,Mainstream
CUST102960,2024-04-01,Female,31,Portland,Usa,Paid Search,Mainstream
CUST104686,2024-12-27,Female,38,Seattle,Usa,Referral,Budget
CUST101588,2023-09-01,Male,31,Chicago,Usa,Paid Search,Mainstream
CUST104657,2024-12-21,Female,39,Phoenix,Usa,Paid Search,Budget
CUST102780,2024-03-05,Male,27,Toronto,Canada,Email,Mainstream
CUST105174,2025-03-19,Female,39,Minneapolis,Usa,Organic Search,Budget
CUST101590,2023-09-01,Female,20,Los Angeles,Usa,Organic Search,Premium
CUST104287,2024-10-21,Male,41,New York,Usa,Paid Search,Mainstream
CUST100973,2023-05-30,Female,26,Austin,Usa,Paid Search,Premium
CUST101238,2023-07-08,Female,47,Austin,Usa,Organic Search,Budget
CUST102951,2024-03-30,Female,18,Minneapolis,Usa,Paid Search,Budget
CUST102342,2023-12-23,Female,68,Los Angeles,Usa,Email,Mainstream
CUST105039,2025-02-26,Female,25,New York,Usa,Paid Search,Mainstream
CUST104204,2024-10-07,Female,38,Minneapolis,Usa,Social Media,Premium
CUST106908,2025-12-16,Male,32,Unknown,Usa,Email,Budget
CUST106006,2025-07-23,Male,48,San Diego,Usa,Paid Search,Mainstream
CUST102231,2023-12-07,Male,24,San Diego,Usa,Referral,Budget
CUST103518,2024-06-26,Female,61,Seattle,Usa,Organic Search,Mainstream
CUST101497,2023-08-14,Female,45,Miami,Usa,Social Media,Premium
CUST100449,2023-03-14,Female,18,Miami,Usa,Referral,Premium
CUST102369,2023-12-27,Female,42,New York,Usa,Organic Search,Budget
CUST103753,2024-07-31,Male,45,Minneapolis,Usa,Social Media,Budget
CUST103429,2024-06-09,Other/Undisclosed,38,Portland,Usa,Paid Search,Mainstream
CUST106148,2025-08-15,Female,54,Unknown,Usa,Paid Search,Premium
CUST102422,2024-01-04,Male,33,Miami,Usa,Social Media,Budget
CUST106312,2025-09-15,Male,30,Phoenix,Usa,Organic Search,Premium
CUST104051,2024-09-11,Male,53,San Diego,Usa,Social Media,Mainstream
CUST104128,2024-09-25,Female,35,Calgary,Canada,Social Media,Budget
CUST101551,2023-08-24,Female,43,Minneapolis,Usa,Email,Mainstream
CUST106236,2025-08-30,Female,18,Vancouver,Canada,Social Media,Mainstream
CUST101146,2023-06-24,Male,32,Denver,Usa,Social Media,Premium
CUST104604,2024-12-14,Male,34,Chicago,Usa,Paid Search,Premium
CUST102092,2023-11-17,Male,20,San Diego,Usa,Paid Search,Premium
CUST101313,2023-07-19,Male,35,Minneapolis,Usa,Paid Search,Mainstream
CUST102015,2023-11-07,Other/Undisclosed,18,Unknown,Usa,Social Media,Premium
CUST100187,2023-02-01,Male,27,Miami,Usa,Organic Search,Budget
CUST103806,2024-08-06,Female,26,Nashville,Usa,Affiliate,Mainstream
CUST103426,2024-06-09,Female,41,Chicago,Usa,Social Media,Budget
CUST105941,2025-07-15,Male,29,Vancouver,Canada,Organic Search,Premium
CUST101381,2023-07-28,Male,43,Montreal,Canada,Paid Search,Mainstream
CUST106261,2025-09-04,Female,25,Minneapolis,Usa,Paid Search,Premium
CUST100413,2023-03-08,Female,28,Nashville,Usa,Organic Search,Mainstream
CUST104306,2024-10-25,Male,32,Portland,Usa,Paid Search,Budget
CUST103455,2024-06-15,Female,39,Boston,Usa,Social Media,Premium
CUST100941,2023-05-25,Female,31,Portland,Usa,Social Media,Mainstream
CUST100801,2023-05-05,Male,20,Austin,Usa,Social Media,Mainstream
CUST103336,2024-05-27,Female,57,New York,Usa,Referral,Budget
CUST106589,2025-10-24,Female,45,Minneapolis,Usa,Email,Budget
CUST102750,2024-02-29,Male,37,San Diego,Usa,Organic Search,Mainstream
CUST103759,2024-07-31,Female,45,Los Angeles,Usa,Paid Search,Mainstream
CUST104486,2024-11-23,Male,23,Denver,Usa,Paid Search,Premium
CUST100256,2023-02-10,Female,27,Nashville,Usa,Organic Search,Premium
CUST104022,2024-09-08,Female,27,New York,Usa,Paid Search,Premium
CUST106899,2025-12-16,Male,18,Houston,Usa,Paid Search,Budget
CUST103199,2024-05-08,Female,29,Seattle,Usa,Social Media,Premium
CUST102235,2023-12-08,Male,41,Miami,Usa,Direct,Budget
CUST100647,2023-04-14,Male,36,Dallas,Usa,Paid Search,Premium
CUST101767,2023-09-28,Male,41,Seattle,Usa,Paid Search,Budget
CUST104818,2025-01-18,Female,38,Phoenix,Usa,Social Media,Budget
CUST103482,2024-06-21,Female,55,Vancouver,Canada,Social Media,Premium
CUST105018,2025-02-23,Female,48,Houston,Usa,Social Media,Budget
CUST105940,2025-07-15,Male,18,San Diego,Usa,Email,Mainstream
CUST103666,2024-07-19,Male,51,San Diego,Usa,Organic Search,Budget
CUST100024,2023-01-05,Female,26,Dallas,Usa,Organic Search,Budget
CUST105559,2025-05-15,Male,22,Houston,Usa,Email,Mainstream
CUST101088,2023-06-16,Male,39,Phoenix,Usa,Social Media,Budget
CUST104949,2025-02-12,Male,46,Dallas,Usa,Social Media,Premium
CUST102694,2024-02-18,Female,31,Montreal,Canada,Social Media,Mainstream
CUST106119,2025-08-09,Male,44,Portland,Usa,Social Media,Mainstream
CUST105357,2025-04-13,Male,28,Minneapolis,Usa,Paid Search,Mainstream
CUST100112,2023-01-19,Male,35,Boston,Usa,Paid Search,Mainstream
CUST102841,2024-03-14,Male,29,Unknown,Usa,Direct,Mainstream
CUST102311,2023-12-19,Female,38,New York,Usa,Email,Budget
CUST103441,2024-06-11,Female,39,New York,Usa,Paid Search,Mainstream
CUST106106,2025-08-07,Female,29,Miami,Usa,Affiliate,Premium
CUST106681,2025-11-09,Male,40,Houston,Usa,Social Media,Mainstream
CUST104705,2024-12-31,Female,55,Denver,Usa,Organic Search,Mainstream
CUST100056,2023-01-09,Female,48,Los Angeles,Usa,Paid Search,Premium
CUST101309,2023-07-18,Male,38,Austin,Usa,Referral,Mainstream
CUST100695,2023-04-20,Female,48,Toronto,Canada,Organic Search,Mainstream
CUST105118,2025-03-10,Female,42,San Diego,Usa,Affiliate,Mainstream
CUST101227,2023-07-06,Female,40,Houston,Usa,Organic Search,Premium
CUST101999,2023-11-04,Female,29,Denver,Usa,Referral,Premium
CUST100276,2023-02-14,Male,18,Austin,Usa,Referral,Budget
CUST103710,2024-07-25,Female,29,Los Angeles,Usa,Social Media,Mainstream
CUST104047,2024-09-11,Female,18,Miami,Usa,Paid Search,Budget
CUST101833,2023-10-08,Female,38,Minneapolis,Usa,Paid Search,Mainstream
CUST105573,2025-05-17,Male,34,Denver,Usa,Direct,Mainstream
CUST100682,2023-04-18,Male,57,Austin,Usa,Social Media,Budget
CUST104222,2024-10-11,Female,48,Calgary,Canada,Email,Premium
CUST106624,2025-10-31,Female,39,Vancouver,Canada,Paid Search,Mainstream
CUST105086,2025-03-05,Female,36,San Diego,Usa,Direct,Mainstream
CUST104457,2024-11-17,Female,50,Minneapolis,Usa,Social Media,Mainstream
CUST101137,2023-06-22,Male,38,Los Angeles,Usa,Organic Search,Mainstream
CUST102767,2024-03-02,Male,34,San Diego,Usa,Email,Mainstream
CUST104706,2024-12-31,Female,26,Austin,Usa,Organic Search,Premium
CUST100942,2023-05-25,Male,37,Los Angeles,Usa,Email,Mainstream
CUST101036,2023-06-07,Male,29,Seattle,Usa,Organic Search,Mainstream
CUST106337,2025-09-20,Female,45,Houston,Usa,Direct,Premium
CUST105667,2025-05-30,Female,34,Minneapolis,Usa,Organic Search,Mainstream
CUST101346,2023-07-25,Female,28,Portland,Usa,Paid Search,Budget
CUST103567,2024-07-04,Male,18,Atlanta,Usa,Email,Mainstream
CUST104808,2025-01-17,Female,35,Austin,Usa,Affiliate,Mainstream
CUST102784,2024-03-05,Male,50,Minneapolis,Usa,Social Media,Premium
CUST103908,2024-08-21,Male,32,Toronto,Canada,Email,Mainstream
CUST102384,2023-12-29,Female,24,Calgary,Canada,Referral,Premium
CUST102988,2024-04-05,Female,48,New York,Usa,Paid Search,Budget
CUST100115,2023-01-20,Male,20,Atlanta,Usa,Affiliate,Budget
CUST104899,2025-02-03,Male,38,Portland,Usa,Email,Budget
CUST103400,2024-06-05,Female,18,Vancouver,Canada,Paid Search,Budget
CUST106999,2025-12-30,Male,35,Portland,Usa,Email,Mainstream
CUST103119,2024-04-26,Female,44,Los Angeles,Usa,Email,Budget
CUST104291,2024-10-22,Female,35,Vancouver,Canada,Direct,Mainstream
CUST105072,2025-03-03,Male,36,Boston,Usa,Paid Search,Mainstream
CUST105049,2025-02-28,Male,25,Los Angeles,Usa,Referral,Premium
CUST102819,2024-03-10,Male,24,Austin,Usa,Affiliate,Premium
CUST104240,2024-10-13,Female,25,Houston,Usa,Paid Search,Budget
CUST103837,2024-08-11,Female,41,Los Angeles,Usa,Organic Search,Premium
CUST106789,2025-11-28,Female,34,Montreal,Canada,Organic Search,Budget
CUST105783,2025-06-20,Female,18,Denver,Usa,Direct,Mainstream
CUST100081,2023-01-13,Male,35,San Diego,Usa,Organic Search,Mainstream
CUST103021,2024-04-11,Female,47,Houston,Usa,Direct,Budget
CUST101972,2023-10-31,Male,27,Los Angeles,Usa,Social Media,Mainstream
CUST101714,2023-09-21,Female,39,Nashville,Usa,Paid Search,Mainstream
CUST103536,2024-06-28,Female,44,Portland,Usa,Referral,Budget
CUST104510,2024-11-27,Other/Undisclosed,30,Calgary,Canada,Social Media,Mainstream
CUST105673,2025-05-31,Female,63,San Diego,Usa,Email,Premium
CUST103896,2024-08-19,Female,18,Austin,Usa,Social Media,Mainstream
CUST104536,2024-12-01,Female,35,Chicago,Usa,Organic Search,Mainstream
CUST101946,2023-10-27,Male,18,Chicago,Usa,Organic Search,Premium
CUST104441,2024-11-15,Female,47,Minneapolis,Usa,Organic Search,Premium
CUST104104,2024-09-20,Male,28,Denver,Usa,Paid Search,Mainstream
CUST106777,2025-11-26,Female,34,Minneapolis,Usa,Paid Search,Premium
CUST103488,2024-06-22,Female,31,Seattle,Usa,Social Media,Mainstream
CUST101610,2023-09-05,Female,32,Toronto,Canada,Organic Search,Budget
CUST104880,2025-01-30,Female,34,Miami,Usa,Paid Search,Mainstream
CUST101251,2023-07-10,Female,29,Houston,Usa,Email,Mainstream
CUST104020,2024-09-08,Female,39,Boston,Usa,Direct,Mainstream
CUST103070,2024-04-20,Male,28,Calgary,Canada,Organic Search,Mainstream
CUST104280,2024-10-20,Male,43,Austin,Usa,Organic Search,Budget
CUST106871,2025-12-12,Female,43,Portland,Usa,Paid Search,Mainstream
CUST106033,2025-07-26,Female,31,Montreal,Canada,Affiliate,Budget
CUST105419,2025-04-23,Male,40,Denver,Usa,Referral,Premium
CUST105457,2025-04-27,Male,36,Chicago,Usa,Referral,Mainstream
CUST103375,2024-06-02,Female,36,Phoenix,Usa,Paid Search,Budget
CUST100665,2023-04-15,Female,32,Los Angeles,Usa,Organic Search,Mainstream
CUST102194,2023-12-02,Male,27,Portland,Usa,Affiliate,Budget
CUST105863,2025-07-03,Female,18,Boston,Usa,Paid Search,Budget
CUST105984,2025-07-20,Male,40,Boston,Usa,Social Media,Mainstream
CUST101017,2023-06-05,Female,34,Toronto,Canada,Email,Mainstream
CUST100557,2023-03-30,Male,35,Vancouver,Canada,Direct,Mainstream
CUST104631,2024-12-17,Male,25,New York,Usa,Social Media,Budget
CUST104383,2024-11-05,Male,55,Portland,Usa,Paid Search,Mainstream
CUST101207,2023-07-03,Female,18,Calgary,Canada,Direct,Budget
CUST106702,2025-11-15,Female,56,Calgary,Canada,Organic Search,Budget
CUST105520,2025-05-08,Female,34,Phoenix,Usa,Direct,Budget
CUST101510,2023-08-17,Female,42,Portland,Usa,Social Media,Budget
CUST106290,2025-09-10,Female,26,Nashville,Usa,Email,Budget
CUST104574,2024-12-10,Other/Undisclosed,34,Toronto,Canada,Referral,Mainstream
CUST103211,2024-05-09,Male,34,Nashville,Usa,Social Media,Budget
CUST105064,2025-03-02,Female,42,Los Angeles,Usa,Affiliate,Mainstream
CUST105422,2025-04-23,Female,27,Seattle,Usa,Affiliate,Budget
CUST100266,2023-02-12,Female,24,Calgary,Canada,Organic Search,Budget
CUST103751,2024-07-30,Female,35,Dallas,Usa,Paid Search,Mainstream
CUST101140,2023-06-23,Female,30,Chicago,Usa,Social Media,Premium
CUST103162,2024-05-03,Female,30,Minneapolis,Usa,Referral,Premium
CUST102111,2023-11-21,Male,23,San Diego,Usa,Social Media,Premium
CUST104093,2024-09-18,Male,30,San Diego,Usa,Organic Search,Mainstream
CUST101909,2023-10-21,Male,36,Miami,Usa,Email,Premium
CUST106060,2025-07-31,Male,33,Dallas,Usa,Paid Search,Premium
CUST106000,2025-07-22,Male,33,Boston,Usa,Direct,Budget
CUST100656,2023-04-15,Male,42,Unknown,Usa,Affiliate,Budget
CUST104730,2025-01-04,Female,56,Atlanta,Usa,Direct,Premium
CUST104966,2025-02-15,Female,20,Denver,Usa,Social Media,Budget
CUST104503,2024-11-26,Female,48,Chicago,Usa,Referral,Mainstream
CUST100998,2023-06-03,Male,40,Minneapolis,Usa,Email,Mainstream
CUST105652,2025-05-28,Female,49,Nashville,Usa,Social Media,Mainstream
CUST102834,2024-03-12,Male,58,Seattle,Usa,Affiliate,Budget
CUST102809,2024-03-08,Male,56,Montreal,Canada,Direct,Mainstream
CUST101784,2023-10-01,Female,42,Miami,Usa,Paid Search,Mainstream
CUST101237,2023-07-08,Female,44,Minneapolis,Usa,Affiliate,Premium
CUST105858,2025-07-02,Male,40,Nashville,Usa,Paid Search,Budget
CUST105368,2025-04-15,Female,38,Seattle,Usa,Referral,Mainstream
CUST104373,2024-11-03,Female,55,Los Angeles,Usa,Affiliate,Budget
CUST105351,2025-04-13,Female,30,San Diego,Usa,Paid Search,Mainstream
CUST105706,2025-06-05,Male,37,Los Angeles,Usa,Affiliate,Budget
CUST106943,2025-12-22,Male,30,Nashville,Usa,Social Media,Mainstream
CUST102186,2023-12-01,Female,43,Austin,Usa,Direct,Budget
CUST102913,2024-03-25,Male,47,Dallas,Usa,Affiliate,Premium
CUST101134,2023-06-21,Male,20,Houston,Usa,Social Media,Budget
CUST100908,2023-05-21,Male,33,San Diego,Usa,Organic Search,Premium
CUST106014,2025-07-24,Female,39,San Diego,Usa,Organic Search,Budget
CUST101303,2023-07-17,Female,50,Austin,Usa,Email,Mainstream
CUST106562,2025-10-22,Male,19,Nashville,Usa,Organic Search,Mainstream
CUST101627,2023-09-07,Female,50,Seattle,Usa,Organic Search,Mainstream
CUST104523,2024-11-29,Female,18,Portland,Usa,Email,Mainstream
CUST101522,2023-08-19,Male,50,Seattle,Usa,Social Media,Premium
CUST100835,2023-05-10,Female,35,Seattle,Usa,Direct,Mainstream
CUST100358,2023-02-27,Male,43,Denver,Usa,Affiliate,Budget
CUST100138,2023-01-24,Male,30,Houston,Usa,Social Media,Mainstream
CUST100299,2023-02-18,Female,46,Denver,Usa,Social Media,Mainstream
CUST101556,2023-08-25,Female,67,Dallas,Usa,Paid Search,Budget
CUST101003,2023-06-03,Female,30,Houston,Usa,Direct,Budget
CUST100382,2023-03-04,Male,51,Minneapolis,Usa,Direct,Budget
CUST106292,2025-09-10,Female,40,Vancouver,Canada,Affiliate,Budget
CUST105169,2025-03-18,Male,38,Toronto,Canada,Organic Search,Mainstream
CUST105435,2025-04-25,Male,28,New York,Usa,Email,Mainstream
CUST100761,2023-04-28,Male,48,Los Angeles,Usa,Social Media,Premium
CUST105595,2025-05-21,Male,35,Houston,Usa,Social Media,Premium
CUST105102,2025-03-08,Female,23,Dallas,Usa,Organic Search,Mainstream
CUST104101,2024-09-20,Other/Undisclosed,44,San Diego,Usa,Social Media,Mainstream
CUST105755,2025-06-16,Female,43,Los Angeles,Usa,Email,Budget
CUST104076,2024-09-16,Male,42,Atlanta,Usa,Paid Search,Mainstream
CUST106791,2025-11-28,Male,37,New York,Usa,Affiliate,Mainstream
CUST104832,2025-01-21,Female,36,Denver,Usa,Email,Budget
CUST101402,2023-08-01,Female,35,Nashville,Usa,Direct,Mainstream
CUST104466,2024-11-19,Female,38,Seattle,Usa,Social Media,Mainstream
CUST106038,2025-07-28,Male,28,Phoenix,Usa,Referral,Budget
CUST102721,2024-02-22,Female,26,Denver,Usa,Referral,Budget
CUST101932,2023-10-24,Male,35,Atlanta,Usa,Direct,Mainstream
CUST104257,2024-10-16,Female,28,Denver,Usa,Social Media,Mainstream
CUST103560,2024-07-02,Female,39,Portland,Usa,Organic Search,Premium
CUST106321,2025-09-16,Male,27,Calgary,Canada,Organic Search,Premium
CUST106356,2025-09-24,Male,18,Austin,Usa,Affiliate,Mainstream
CUST104032,2024-09-09,Female,35,Montreal,Canada,Affiliate,Mainstream
CUST106643,2025-11-03,Female,48,Boston,Usa,Direct,Budget
CUST103055,2024-04-18,Female,23,Nashville,Usa,Social Media,Budget
CUST106008,2025-07-23,Male,33,Dallas,Usa,Paid Search,Budget
CUST103937,2024-08-26,Female,43,San Diego,Usa,Social Media,Budget
CUST104677,2024-12-24,Male,27,Miami,Usa,Organic Search,Mainstream
CUST102685,2024-02-17,Male,35,Montreal,Canada,Referral,Budget
CUST106881,2025-12-14,Male,59,Toronto,Canada,Email,Premium
CUST100058,2023-01-09,Male,26,Boston,Usa,Paid Search,Mainstream
CUST100076,2023-01-12,Male,45,Chicago,Usa,Paid Search,Mainstream
CUST100796,2023-05-04,Female,48,Seattle,Usa,Paid Search,Budget
CUST102416,2024-01-03,Male,41,Phoenix,Usa,Email,Mainstream
CUST102248,2023-12-11,Other/Undisclosed,29,Seattle,Usa,Affiliate,Budget
CUST105367,2025-04-15,Female,21,Minneapolis,Usa,Social Media,Budget
CUST100785,2023-05-02,Female,46,Calgary,Canada,Direct,Premium
CUST106846,2025-12-07,Female,31,New York,Usa,Referral,Premium
CUST106847,2025-12-08,Male,36,New York,Usa,Organic Search,Budget
CUST103158,2024-05-03,Male,27,New York,Usa,Paid Search,Premium
CUST103106,2024-04-25,Male,37,Chicago,Usa,Referral,Premium
CUST100123,2023-01-22,Male,18,Boston,Usa,Affiliate,Mainstream
CUST102217,2023-12-05,Other/Undisclosed,39,Vancouver,Canada,Email,Budget
CUST104751,2025-01-08,Female,20,Portland,Usa,Organic Search,Budget
CUST106646,2025-11-04,Female,33,Seattle,Usa,Organic Search,Premium
CUST106393,2025-09-30,Male,39,Dallas,Usa,Organic Search,Mainstream
CUST103827,2024-08-10,Female,36,Austin,Usa,Affiliate,Mainstream
CUST104354,2024-11-01,Female,47,Atlanta,Usa,Direct,Budget
CUST105424,2025-04-23,Female,32,Vancouver,Canada,Referral,Premium
CUST100910,2023-05-21,Female,38,Seattle,Usa,Paid Search,Mainstream
CUST102172,2023-11-28,Female,33,Montreal,Canada,Email,Budget
CUST101850,2023-10-10,Male,36,Boston,Usa,Email,Budget
CUST102309,2023-12-18,Male,20,New York,Usa,Social Media,Budget
CUST106582,2025-10-24,Female,19,Phoenix,Usa,Referral,Premium
CUST103634,2024-07-14,Female,46,Los Angeles,Usa,Organic Search,Budget
CUST101257,2023-07-11,Other/Undisclosed,34,Dallas,Usa,Social Media,Mainstream
CUST102495,2024-01-14,Female,33,San Diego,Usa,Paid Search,Budget
CUST105300,2025-04-05,Female,36,Seattle,Usa,Paid Search,Budget
CUST104505,2024-11-26,Male,31,Seattle,Usa,Direct,Mainstream
CUST103501,2024-06-24,Male,35,Phoenix,Usa,Social Media,Budget
CUST101178,2023-06-28,Female,35,Dallas,Usa,Paid Search,Mainstream
CUST105291,2025-04-04,Male,18,Miami,Usa,Organic Search,Budget
CUST106023,2025-07-25,Female,34,Miami,Usa,Organic Search,Mainstream
CUST103650,2024-07-17,Female,30,Boston,Usa,Paid Search,Mainstream
CUST100442,2023-03-12,Female,56,Los Angeles,Usa,Email,Premium
CUST105388,2025-04-17,Male,59,Nashville,Usa,Paid Search,Mainstream
CUST101399,2023-07-31,Male,36,Boston,Usa,Direct,Mainstream
CUST102973,2024-04-02,Male,38,Vancouver,Canada,Paid Search,Mainstream
CUST102884,2024-03-22,Female,55,Phoenix,Usa,Organic Search,Budget
CUST101457,2023-08-08,Female,41,Phoenix,Usa,Paid Search,Premium
CUST104316,2024-10-27,Female,22,Montreal,Canada,Email,Budget
CUST106699,2025-11-14,Male,44,Houston,Usa,Paid Search,Budget
CUST103459,2024-06-16,Male,40,Dallas,Usa,Paid Search,Budget
CUST101054,2023-06-11,Female,41,Montreal,Canada,Paid Search,Mainstream
CUST104622,2024-12-16,Male,25,Chicago,Usa,Paid Search,Budget
CUST104157,2024-09-30,Male,24,Nashville,Usa,Direct,Mainstream
CUST103275,2024-05-19,Female,35,Boston,Usa,Organic Search,Budget
CUST105389,2025-04-17,Female,42,Houston,Usa,Email,Mainstream
CUST103699,2024-07-24,Male,36,Portland,Usa,Organic Search,Budget
CUST100929,2023-05-24,Female,42,Houston,Usa,Paid Search,Mainstream
CUST101415,2023-08-02,Male,55,Seattle,Usa,Organic Search,Budget
CUST102372,2023-12-28,Female,27,Phoenix,Usa,Social Media,Premium
CUST104967,2025-02-15,Female,26,Austin,Usa,Paid Search,Mainstream
CUST101829,2023-10-07,Female,44,Seattle,Usa,Email,Budget
CUST105805,2025-06-24,Female,38,Minneapolis,Usa,Email,Budget
CUST103887,2024-08-18,Female,37,Chicago,Usa,Social Media,Premium
CUST104562,2024-12-06,Female,29,New York,Usa,Organic Search,Budget
CUST104930,2025-02-08,Female,53,San Diego,Usa,Social Media,Budget
CUST106552,2025-10-21,Male,47,Portland,Usa,Social Media,Mainstream
CUST101502,2023-08-15,Male,48,Denver,Usa,Paid Search,Premium
CUST105662,2025-05-28,Male,34,Phoenix,Usa,Paid Search,Premium
CUST101450,2023-08-07,Female,28,Calgary,Canada,Social Media,Mainstream
CUST105762,2025-06-16,Male,46,Portland,Usa,Referral,Premium
CUST102011,2023-11-06,Female,47,Minneapolis,Usa,Affiliate,Mainstream
CUST105328,2025-04-10,Female,29,New York,Usa,Email,Mainstream
CUST103515,2024-06-26,Other/Undisclosed,57,Denver,Usa,Social Media,Budget
CUST104774,2025-01-12,Female,27,Seattle,Usa,Paid Search,Budget
CUST105946,2025-07-15,Female,50,San Diego,Usa,Paid Search,Mainstream
CUST106748,2025-11-20,Female,37,Portland,Usa,Social Media,Budget
CUST103977,2024-08-31,Female,26,San Diego,Usa,Email,Budget
CUST103264,2024-05-17,Female,50,Vancouver,Canada,Direct,Budget
CUST105670,2025-05-30,Female,39,Vancouver,Canada,Social Media,Mainstream
CUST106024,2025-07-25,Female,35,San Diego,Usa,Paid Search,Mainstream
CUST104427,2024-11-11,Female,38,Austin,Usa,Referral,Budget
CUST105194,2025-03-21,Male,54,Portland,Usa,Social Media,Budget
CUST100006,2023-01-02,Female,20,Denver,Usa,Affiliate,Mainstream
CUST102980,2024-04-03,Male,19,Dallas,Usa,Paid Search,Budget
CUST102487,2024-01-12,Female,32,Nashville,Usa,Email,Mainstream
CUST103361,2024-05-31,Male,30,Austin,Usa,Direct,Mainstream
CUST100678,2023-04-17,Male,18,Miami,Usa,Paid Search,Mainstream
CUST101943,2023-10-27,Male,35,Phoenix,Usa,Social Media,Budget
CUST106451,2025-10-08,Other/Undisclosed,40,San Diego,Usa,Paid Search,Budget
CUST106472,2025-10-10,Other/Undisclosed,48,Chicago,Usa,Direct,Mainstream
CUST105947,2025-07-15,Female,35,Los Angeles,Usa,Social Media,Mainstream
CUST105396,2025-04-18,Female,31,Los Angeles,Usa,Social Media,Budget
CUST104615,2024-12-15,Male,19,Dallas,Usa,Direct,Mainstream
CUST102607,2024-02-04,Female,57,Montreal,Canada,Social Media,Mainstream
CUST106408,2025-10-02,Female,40,Calgary,Canada,Organic Search,Budget
CUST106665,2025-11-07,Male,33,Toronto,Canada,Paid Search,Budget
CUST106468,2025-10-09,Female,52,Chicago,Usa,Email,Budget
CUST106677,2025-11-09,Male,39,Calgary,Canada,Organic Search,Budget
CUST101064,2023-06-13,Female,22,Dallas,Usa,Email,Budget
CUST102894,2024-03-23,Male,53,Denver,Usa,Organic Search,Mainstream
CUST104461,2024-11-18,Female,47,Miami,Usa,Organic Search,Premium
CUST104601,2024-12-13,Female,39,Seattle,Usa,Organic Search,Mainstream
CUST102242,2023-12-09,Male,35,Miami,Usa,Social Media,Budget
CUST101474,2023-08-10,Male,33,Chicago,Usa,Referral,Budget
CUST105210,2025-03-24,Male,34,Miami,Usa,Email,Mainstream
CUST101889,2023-10-17,Male,35,Nashville,Usa,Organic Search,Mainstream
CUST103435,2024-06-11,Male,18,Phoenix,Usa,Affiliate,Budget
CUST104640,2024-12-19,Female,24,Houston,Usa,Affiliate,Budget
CUST101053,2023-06-11,Male,41,Miami,Usa,Direct,Mainstream
CUST103705,2024-07-25,Female,56,New York,Usa,Organic Search,Mainstream
CUST102021,2023-11-08,Female,50,Dallas,Usa,Email,Mainstream
CUST105532,2025-05-11,Female,41,New York,Usa,Paid Search,Mainstream
CUST105008,2025-02-21,Male,34,Montreal,Canada,Organic Search,Mainstream
CUST106370,2025-09-26,Female,35,San Diego,Usa,Referral,Budget
CUST102658,2024-02-12,Female,35,San Diego,Usa,Email,Mainstream
CUST102467,2024-01-10,Female,36,Seattle,Usa,Social Media,Mainstream
CUST103834,2024-08-11,Female,18,Miami,Usa,Paid Search,Mainstream
CUST101130,2023-06-21,Female,27,Atlanta,Usa,Affiliate,Premium
CUST101461,2023-08-08,Female,18,Boston,Usa,Affiliate,Mainstream
CUST105523,2025-05-09,Female,51,Seattle,Usa,Email,Mainstream
CUST106364,2025-09-26,Female,51,Portland,Usa,Paid Search,Premium
CUST103365,2024-05-31,Female,38,Nashville,Usa,Email,Premium
CUST106987,2025-12-29,Female,42,Seattle,Usa,Paid Search,Premium
CUST104296,2024-10-23,Female,38,Seattle,Usa,Affiliate,Mainstream
CUST103350,2024-05-29,Other/Undisclosed,46,San Diego,Usa,Social Media,Premium
CUST102968,2024-04-02,Male,29,Houston,Usa,Paid Search,Mainstream
CUST100222,2023-02-06,Male,46,Vancouver,Canada,Social Media,Mainstream
CUST106515,2025-10-16,Female,50,Atlanta,Usa,Paid Search,Budget
CUST100048,2023-01-08,Female,44,Chicago,Usa,Email,Mainstream
CUST100573,2023-04-03,Female,30,Houston,Usa,Organic Search,Budget
CUST101236,2023-07-08,Male,30,Houston,Usa,Direct,Budget
CUST105349,2025-04-12,Other/Undisclosed,29,Miami,Usa,Affiliate,Mainstream
CUST103033,2024-04-14,Female,18,Phoenix,Usa,Organic Search,Mainstream
CUST106815,2025-12-02,Male,38,San Diego,Usa,Affiliate,Premium
CUST103382,2024-06-03,Female,28,Phoenix,Usa,Social Media,Mainstream
CUST106315,2025-09-15,Female,42,Nashville,Usa,Social Media,Mainstream
CUST102282,2023-12-15,Female,35,Los Angeles,Usa,Paid Search,Budget
CUST104761,2025-01-09,Female,51,Minneapolis,Usa,Email,Mainstream
CUST100267,2023-02-13,Female,41,Unknown,Usa,Direct,Budget
CUST101104,2023-06-18,Male,41,Calgary,Canada,Paid Search,Premium
CUST102305,2023-12-18,Male,47,New York,Usa,Organic Search,Budget
CUST105531,2025-05-11,Male,27,Seattle,Usa,Affiliate,Mainstream
CUST105981,2025-07-20,Female,47,Houston,Usa,Paid Search,Mainstream
CUST101935,2023-10-25,Female,26,New York,Usa,Organic Search,Budget
CUST100386,2023-03-04,Other/Undisclosed,37,New York,Usa,Social Media,Budget
CUST101701,2023-09-20,Female,67,Portland,Usa,Email,Mainstream
CUST101628,2023-09-07,Male,47,Portland,Usa,Direct,Budget
CUST103585,2024-07-06,Male,18,New York,Usa,Paid Search,Budget
CUST105476,2025-05-01,Female,25,Denver,Usa,Email,Mainstream
CUST102714,2024-02-21,Female,23,Calgary,Canada,Paid Search,Budget
CUST104122,2024-09-24,Female,18,Phoenix,Usa,Social Media,Budget
CUST104996,2025-02-18,Female,37,Calgary,Canada,Affiliate,Budget
CUST106150,2025-08-15,Male,26,Portland,Usa,Organic Search,Mainstream
CUST101563,2023-08-26,Female,30,Houston,Usa,Organic Search,Mainstream
CUST103622,2024-07-11,Male,51,Houston,Usa,Direct,Mainstream
CUST105990,2025-07-21,Female,22,Atlanta,Usa,Paid Search,Budget
CUST102760,2024-03-02,Male,27,Miami,Usa,Direct,Mainstream
CUST103189,2024-05-06,Female,38,Houston,Usa,Paid Search,Premium
CUST104509,2024-11-27,Male,46,San Diego,Usa,Organic Search,Mainstream
CUST100209,2023-02-04,Male,43,Phoenix,Usa,Email,Mainstream
CUST100909,2023-05-21,Female,21,Vancouver,Canada,Referral,Mainstream
CUST101289,2023-07-14,Male,41,Portland,Usa,Organic Search,Premium
CUST106500,2025-10-14,Male,49,Denver,Usa,Direct,Mainstream
CUST101866,2023-10-13,Female,41,Vancouver,Canada,Email,Premium
CUST101842,2023-10-09,Male,27,Dallas,Usa,Social Media,Mainstream
CUST102497,2024-01-14,Male,25,Los Angeles,Usa,Organic Search,Budget
CUST106786,2025-11-27,Male,25,Miami,Usa,Paid Search,Premium
CUST100104,2023-01-18,Male,27,Chicago,Usa,Direct,Budget
CUST100958,2023-05-28,Female,19,Boston,Usa,Social Media,Budget
CUST101793,2023-10-02,Male,21,Nashville,Usa,Email,Mainstream
CUST102088,2023-11-17,Female,45,Austin,Usa,Organic Search,Budget
CUST102702,2024-02-19,Female,43,Chicago,Usa,Paid Search,Mainstream
CUST105782,2025-06-20,Female,47,Calgary,Canada,Email,Mainstream
CUST100331,2023-02-23,Male,32,Boston,Usa,Paid Search,Premium
CUST104105,2024-09-20,Other/Undisclosed,41,Atlanta,Usa,Social Media,Mainstream
CUST104343,2024-10-30,Male,35,Miami,Usa,Paid Search,Premium
CUST105096,2025-03-07,Male,29,Atlanta,Usa,Referral,Mainstream
CUST104127,2024-09-25,Male,18,Dallas,Usa,Affiliate,Mainstream
CUST102459,2024-01-08,Female,26,Miami,Usa,Social Media,Mainstream
CUST101774,2023-09-29,Female,44,Vancouver,Canada,Email,Budget
CUST104908,2025-02-04,Male,30,New York,Usa,Paid Search,Premium
CUST104940,2025-02-10,Male,40,Houston,Usa,Direct,Premium
CUST104362,2024-11-02,Female,33,Atlanta,Usa,Organic Search,Premium
CUST104588,2024-12-12,Female,36,Toronto,Canada,Affiliate,Mainstream
CUST102686,2024-02-17,Male,33,Boston,Usa,Social Media,Budget
CUST106066,2025-07-31,Female,39,Minneapolis,Usa,Paid Search,Mainstream
CUST105708,2025-06-06,Female,34,Austin,Usa,Affiliate,Budget
CUST105558,2025-05-15,Female,26,Los Angeles,Usa,Direct,Premium
CUST106648,2025-11-04,Female,18,Los Angeles,Usa,Affiliate,Budget
CUST102897,2024-03-23,Female,44,Portland,Usa,Social Media,Premium
CUST101710,2023-09-21,Female,42,Vancouver,Canada,Referral,Budget
CUST105410,2025-04-21,Female,56,New York,Usa,Affiliate,Budget
CUST105370,2025-04-15,Female,36,Denver,Usa,Paid Search,Mainstream
CUST102478,2024-01-11,Female,18,Denver,Usa,Social Media,Mainstream
CUST105650,2025-05-27,Female,34,Seattle,Usa,Social Media,Premium
CUST105284,2025-04-03,Male,18,New York,Usa,Organic Search,Budget
CUST101366,2023-07-26,Female,49,Dallas,Usa,Organic Search,Mainstream
CUST100173,2023-01-29,Female,47,Calgary,Canada,Direct,Mainstream
CUST100858,2023-05-14,Female,38,Chicago,Usa,Email,Mainstream
CUST105165,2025-03-18,Male,27,Chicago,Usa,Affiliate,Mainstream
CUST105176,2025-03-19,Male,39,Denver,Usa,Affiliate,Mainstream
CUST103524,2024-06-27,Female,27,Chicago,Usa,Paid Search,Mainstream
CUST103321,2024-05-26,Male,29,New York,Usa,Social Media,Mainstream
CUST104031,2024-09-08,Female,22,Denver,Usa,Organic Search,Mainstream
CUST106131,2025-08-13,Other/Undisclosed,18,Los Angeles,Usa,Organic Search,Budget
CUST104398,2024-11-07,Male,34,Chicago,Usa,Paid Search,Mainstream
CUST103985,2024-09-01,Male,33,Seattle,Usa,Affiliate,Budget
CUST101952,2023-10-28,Male,35,Houston,Usa,Affiliate,Mainstream
CUST103311,2024-05-24,Female,37,Denver,Usa,Social Media,Budget
CUST102492,2024-01-13,Other/Undisclosed,18,Vancouver,Canada,Social Media,Mainstream
CUST104198,2024-10-06,Female,55,Denver,Usa,Paid Search,Mainstream
CUST104355,2024-11-01,Male,23,Denver,Usa,Paid Search,Premium
CUST102036,2023-11-10,Female,35,Portland,Usa,Email,Mainstream
CUST105951,2025-07-16,Female,45,Montreal,Canada,Social Media,Budget
CUST106726,2025-11-17,Male,55,Los Angeles,Usa,Organic Search,Mainstream
CUST105154,2025-03-16,Female,44,Dallas,Usa,Organic Search,Budget
CUST103403,2024-06-05,Female,35,Minneapolis,Usa,Paid Search,Mainstream
CUST100018,2023-01-04,Female,51,Seattle,Usa,Referral,Budget
CUST103691,2024-07-23,Female,37,Nashville,Usa,Email,Budget
CUST105303,2025-04-06,Female,24,Denver,Usa,Social Media,Budget
CUST100000,2023-01-01,Female,57,Nashville,Usa,Email,Mainstream
CUST103628,2024-07-12,Male,36,Toronto,Canada,Organic Search,Budget
CUST105566,2025-05-16,Female,49,Dallas,Usa,Email,Mainstream
CUST102174,2023-11-28,Female,34,Denver,Usa,Organic Search,Mainstream
CUST101356,2023-07-25,Female,25,Chicago,Usa,Email,Mainstream
CUST105228,2025-03-27,Female,44,Minneapolis,Usa,Social Media,Budget
CUST106463,2025-10-09,Other/Undisclosed,37,Portland,Usa,Social Media,Premium
CUST105718,2025-06-08,Male,39,Toronto,Canada,Social Media,Premium
CUST102826,2024-03-11,Male,56,Montreal,Canada,Organic Search,Mainstream
CUST104231,2024-10-12,Female,30,Denver,Usa,Referral,Premium
CUST100396,2023-03-05,Female,33,Calgary,Canada,Organic Search,Mainstream
CUST105283,2025-04-02,Female,27,Montreal,Canada,Paid Search,Budget
CUST103112,2024-04-26,Female,18,Boston,Usa,Organic Search,Budget
CUST100182,2023-01-30,Female,30,Phoenix,Usa,Email,Mainstream
CUST105491,2025-05-04,Female,41,Chicago,Usa,Social Media,Premium
CUST105561,2025-05-15,Male,36,Austin,Usa,Referral,Mainstream
CUST101812,2023-10-06,Female,59,Montreal,Canada,Paid Search,Budget
CUST104529,2024-11-30,Male,60,Phoenix,Usa,Organic Search,Mainstream
CUST106410,2025-10-02,Female,38,Atlanta,Usa,Affiliate,Budget
CUST105101,2025-03-08,Female,18,Houston,Usa,Social Media,Budget
CUST100816,2023-05-07,Male,52,Phoenix,Usa,Affiliate,Mainstream
CUST101572,2023-08-29,Female,45,San Diego,Usa,Paid Search,Mainstream
CUST104870,2025-01-27,Female,31,Chicago,Usa,Direct,Premium
CUST101800,2023-10-03,Female,33,Seattle,Usa,Affiliate,Premium
CUST102280,2023-12-14,Other/Undisclosed,37,Miami,Usa,Affiliate,Budget
CUST102429,2024-01-04,Female,44,Miami,Usa,Paid Search,Premium
CUST105563,2025-05-15,Male,36,Boston,Usa,Referral,Budget
CUST104701,2024-12-29,Other/Undisclosed,35,Los Angeles,Usa,Paid Search,Budget
CUST106538,2025-10-18,Female,33,Atlanta,Usa,Paid Search,Mainstream
CUST104309,2024-10-25,Female,42,Seattle,Usa,Referral,Mainstream
CUST106069,2025-08-01,Male,26,Denver,Usa,Direct,Budget
CUST104885,2025-01-31,Female,45,Atlanta,Usa,Direct,Budget
CUST106029,2025-07-25,Female,45,Atlanta,Usa,Affiliate,Mainstream
CUST101830,2023-10-07,Male,31,Toronto,Canada,Paid Search,Budget
CUST100601,2023-04-07,Male,23,Montreal,Canada,Social Media,Mainstream
CUST105828,2025-06-26,Female,30,Miami,Usa,Organic Search,Budget
CUST104919,2025-02-05,Female,29,Los Angeles,Usa,Affiliate,Mainstream
CUST105318,2025-04-08,Male,56,Calgary,Canada,Email,Mainstream
CUST100554,2023-03-30,Male,29,Los Angeles,Usa,Paid Search,Budget
CUST101159,2023-06-26,Female,18,Minneapolis,Usa,Organic Search,Mainstream
CUST101213,2023-07-04,Male,30,Austin,Usa,Affiliate,Mainstream
CUST100880,2023-05-17,Female,35,New York,Usa,Direct,Mainstream
CUST101325,2023-07-21,Female,18,Los Angeles,Usa,Social Media,Mainstream
CUST104310,2024-10-25,Female,42,San Diego,Usa,Affiliate,Mainstream
CUST100997,2023-06-03,Female,39,Houston,Usa,Organic Search,Premium
CUST100700,2023-04-20,Female,36,Phoenix,Usa,Social Media,Mainstream
CUST102700,2024-02-19,Female,34,Atlanta,Usa,Organic Search,Mainstream
CUST105037,2025-02-26,Male,30,Denver,Usa,Referral,Mainstream
CUST101847,2023-10-10,Male,36,Nashville,Usa,Organic Search,Mainstream
CUST106346,2025-09-22,Male,29,Boston,Usa,Affiliate,Mainstream
CUST102796,2024-03-06,Male,32,Miami,Usa,Email,Mainstream
CUST101455,2023-08-07,Female,61,Seattle,Usa,Email,Budget
CUST105888,2025-07-06,Female,18,Minneapolis,Usa,Social Media,Mainstream
CUST104099,2024-09-19,Male,40,Denver,Usa,Paid Search,Premium
CUST103982,2024-09-01,Female,28,Austin,Usa,Organic Search,Mainstream
CUST100866,2023-05-15,Female,28,Miami,Usa,Paid Search,Budget
CUST105375,2025-04-15,Female,52,Nashville,Usa,Paid Search,Premium
CUST101644,2023-09-11,Female,37,Minneapolis,Usa,Organic Search,Mainstream
CUST102140,2023-11-25,Female,31,Calgary,Canada,Paid Search,Budget
CUST106639,2025-11-03,Female,40,Houston,Usa,Paid Search,Budget
CUST103520,2024-06-26,Other/Undisclosed,43,Nashville,Usa,Social Media,Premium
CUST105938,2025-07-14,Female,40,San Diego,Usa,Email,Mainstream
CUST105677,2025-05-31,Female,34,Calgary,Canada,Referral,Mainstream
CUST101490,2023-08-13,Female,18,Chicago,Usa,Organic Search,Mainstream
CUST104498,2024-11-25,Female,22,Los Angeles,Usa,Email,Mainstream
CUST104194,2024-10-06,Female,28,Atlanta,Usa,Organic Search,Premium
CUST100729,2023-04-24,Female,56,Calgary,Canada,Paid Search,Premium
CUST104663,2024-12-22,Female,54,Nashville,Usa,Organic Search,Premium
CUST100779,2023-05-02,Male,36,Los Angeles,Usa,Referral,Premium
CUST102620,2024-02-06,Female,50,Phoenix,Usa,Social Media,Mainstream
CUST101936,2023-10-26,Male,44,Vancouver,Canada,Direct,Premium
CUST103793,2024-08-05,Female,36,Houston,Usa,Organic Search,Budget
CUST106559,2025-10-22,Other/Undisclosed,33,Houston,Usa,Affiliate,Mainstream
CUST106063,2025-07-31,Male,49,Austin,Usa,Paid Search,Premium
CUST103333,2024-05-27,Other/Undisclosed,36,New York,Usa,Direct,Premium
CUST101110,2023-06-18,Male,35,Phoenix,Usa,Paid Search,Mainstream
CUST103655,2024-07-18,Male,36,Minneapolis,Usa,Social Media,Premium
CUST105711,2025-06-07,Female,24,Denver,Usa,Social Media,Mainstream
CUST106284,2025-09-09,Female,49,Austin,Usa,Social Media,Mainstream
CUST102998,2024-04-07,Female,24,Seattle,Usa,Email,Premium
CUST102394,2023-12-30,Female,23,Denver,Usa,Paid Search,Mainstream
CUST101185,2023-06-30,Female,25,Dallas,Usa,Social Media,Mainstream
CUST102007,2023-11-06,Female,26,New York,Usa,Social Media,Premium
CUST100193,2023-02-02,Female,35,Houston,Usa,Organic Search,Premium
CUST101515,2023-08-17,Female,29,New York,Usa,Affiliate,Budget
CUST105620,2025-05-24,Male,43,Phoenix,Usa,Email,Mainstream
CUST100578,2023-04-04,Female,33,New York,Usa,Organic Search,Mainstream
CUST102123,2023-11-22,Male,33,Miami,Usa,Paid Search,Budget
CUST101429,2023-08-04,Female,29,Seattle,Usa,Paid Search,Premium
CUST100771,2023-04-30,Female,51,Los Angeles,Usa,Email,Budget
CUST102587,2024-01-31,Female,46,Chicago,Usa,Email,Premium
CUST102395,2023-12-30,Male,32,Toronto,Canada,Social Media,Budget
CUST106967,2025-12-25,Female,50,Austin,Usa,Email,Premium
CUST101846,2023-10-10,Male,37,Houston,Usa,Social Media,Mainstream
CUST100131,2023-01-23,Other/Undisclosed,37,Nashville,Usa,Paid Search,Premium
CUST100178,2023-01-30,Female,28,Los Angeles,Usa,Paid Search,Premium
CUST103740,2024-07-29,Male,39,Houston,Usa,Social Media,Budget
CUST106279,2025-09-08,Male,20,Calgary,Canada,Social Media,Budget
CUST101811,2023-10-06,Female,29,Phoenix,Usa,Affiliate,Premium
CUST104502,2024-11-26,Female,39,Denver,Usa,Social Media,Premium
CUST106984,2025-12-28,Female,33,Seattle,Usa,Social Media,Budget
CUST102580,2024-01-30,Female,35,Seattle,Usa,Direct,Mainstream
CUST104538,2024-12-01,Female,29,Vancouver,Canada,Affiliate,Mainstream
CUST104661,2024-12-22,Female,21,Nashville,Usa,Email,Budget
CUST102652,2024-02-11,Female,25,Seattle,Usa,Organic Search,Budget
CUST104879,2025-01-29,Female,53,San Diego,Usa,Paid Search,Mainstream
CUST102073,2023-11-15,Male,43,Atlanta,Usa,Social Media,Budget
CUST100658,2023-04-15,Female,22,Boston,Usa,Social Media,Premium
CUST101896,2023-10-18,Female,30,San Diego,Usa,Email,Budget
CUST105166,2025-03-18,Female,40,New York,Usa,Affiliate,Budget
CUST102606,2024-02-04,Other/Undisclosed,18,Calgary,Canada,Affiliate,Budget
CUST102221,2023-12-06,Female,45,Phoenix,Usa,Paid Search,Mainstream
CUST103659,2024-07-18,Female,25,Boston,Usa,Paid Search,Mainstream
CUST106651,2025-11-04,Male,33,Montreal,Canada,Email,Mainstream
CUST102379,2023-12-28,Female,26,Portland,Usa,Direct,Budget
CUST101447,2023-08-07,Male,41,San Diego,Usa,Organic Search,Premium
CUST106741,2025-11-19,Female,36,Atlanta,Usa,Paid Search,Budget
CUST100342,2023-02-25,Male,42,Toronto,Canada,Referral,Mainstream
CUST103372,2024-06-01,Female,39,Dallas,Usa,Organic Search,Mainstream
CUST104527,2024-11-29,Male,46,Los Angeles,Usa,Social Media,Budget
CUST106196,2025-08-23,Female,33,Nashville,Usa,Paid Search,Budget
CUST102527,2024-01-20,Female,18,New York,Usa,Paid Search,Mainstream
CUST100727,2023-04-24,Female,24,Austin,Usa,Direct,Budget
CUST106779,2025-11-26,Other/Undisclosed,55,Unknown,Usa,Affiliate,Budget
CUST100976,2023-05-31,Female,32,Seattle,Usa,Direct,Mainstream
CUST104012,2024-09-07,Female,40,New York,Usa,Paid Search,Budget
CUST104882,2025-01-30,Female,25,Boston,Usa,Affiliate,Budget
CUST101928,2023-10-24,Male,42,Seattle,Usa,Affiliate,Mainstream
CUST103516,2024-06-26,Female,48,Phoenix,Usa,Social Media,Mainstream
CUST106762,2025-11-23,Female,35,New York,Usa,Paid Search,Mainstream
CUST104582,2024-12-11,Female,25,Miami,Usa,Social Media,Budget
CUST106848,2025-12-08,Female,47,Dallas,Usa,Social Media,Mainstream
CUST103755,2024-07-31,Female,25,Los Angeles,Usa,Social Media,Budget
CUST106751,2025-11-20,Other/Undisclosed,53,Los Angeles,Usa,Social Media,Premium
CUST103940,2024-08-27,Male,40,Nashville,Usa,Organic Search,Budget
CUST101299,2023-07-16,Male,48,Portland,Usa,Social Media,Mainstream
CUST105681,2025-06-01,Female,56,Austin,Usa,Organic Search,Mainstream
CUST106458,2025-10-08,Female,18,Unknown,Usa,Organic Search,Mainstream
CUST100660,2023-04-15,Female,49,Miami,Usa,Affiliate,Mainstream
CUST101790,2023-10-01,Female,41,Miami,Usa,Organic Search,Mainstream
CUST101492,2023-08-13,Male,23,Dallas,Usa,Paid Search,Mainstream
CUST104724,2025-01-03,Female,40,Seattle,Usa,Social Media,Mainstream
CUST100493,2023-03-19,Female,32,Portland,Usa,Email,Mainstream
CUST103647,2024-07-17,Male,21,Nashville,Usa,Social Media,Mainstream
CUST105510,2025-05-07,Female,33,Nashville,Usa,Affiliate,Mainstream
CUST104942,2025-02-11,Female,28,Miami,Usa,Direct,Premium
CUST102315,2023-12-19,Male,38,Minneapolis,Usa,Paid Search,Budget
CUST106529,2025-10-17,Male,18,Portland,Usa,Paid Search,Mainstream
CUST106474,2025-10-11,Male,25,New York,Usa,Social Media,Premium
CUST106898,2025-12-15,Male,28,Los Angeles,Usa,Direct,Premium
CUST101085,2023-06-15,Male,20,Atlanta,Usa,Organic Search,Mainstream
CUST106632,2025-11-01,Female,20,New York,Usa,Email,Premium
CUST106456,2025-10-08,Male,40,Denver,Usa,Organic Search,Mainstream
CUST100694,2023-04-19,Female,33,Seattle,Usa,Email,Budget
CUST101278,2023-07-13,Female,56,Seattle,Usa,Organic Search,Premium
CUST103198,2024-05-07,Male,33,Boston,Usa,Email,Mainstream
CUST104959,2025-02-13,Female,33,Boston,Usa,Organic Search,Budget
CUST104747,2025-01-07,Female,40,Nashville,Usa,Email,Budget
CUST101621,2023-09-06,Female,32,San Diego,Usa,Affiliate,Premium
CUST104078,2024-09-16,Female,29,Boston,Usa,Paid Search,Mainstream
CUST103708,2024-07-25,Female,32,Dallas,Usa,Social Media,Mainstream
CUST103944,2024-08-28,Female,28,Miami,Usa,Email,Mainstream
CUST102561,2024-01-25,Female,29,New York,Usa,Social Media,Budget
CUST104913,2025-02-05,Female,18,Atlanta,Usa,Paid Search,Budget
CUST105634,2025-05-26,Female,31,Minneapolis,Usa,Social Media,Mainstream
CUST100067,2023-01-10,Female,47,Seattle,Usa,Organic Search,Mainstream
CUST101731,2023-09-24,Male,23,Montreal,Canada,Social Media,Mainstream
CUST105586,2025-05-19,Female,55,Austin,Usa,Email,Premium
CUST102269,2023-12-13,Male,33,Houston,Usa,Referral,Mainstream
CUST106191,2025-08-22,Female,44,Atlanta,Usa,Paid Search,Premium
CUST106152,2025-08-16,Female,28,Vancouver,Canada,Email,Premium
CUST104587,2024-12-11,Female,33,Nashville,Usa,Direct,Budget
CUST105538,2025-05-11,Female,47,Denver,Usa,Affiliate,Mainstream
CUST100820,2023-05-08,Male,38,Chicago,Usa,Paid Search,Mainstream
CUST101226,2023-07-06,Male,27,Unknown,Usa,Direct,Mainstream
CUST101677,2023-09-16,Female,25,Chicago,Usa,Direct,Mainstream
CUST105879,2025-07-05,Female,39,Vancouver,Canada,Social Media,Mainstream
CUST102867,2024-03-17,Female,44,Boston,Usa,Organic Search,Mainstream
CUST103447,2024-06-12,Male,30,Seattle,Usa,Social Media,Mainstream
CUST105128,2025-03-13,Female,49,Denver,Usa,Organic Search,Budget
CUST102367,2023-12-27,Male,54,Seattle,Usa,Paid Search,Budget
CUST104159,2024-10-01,Female,37,Montreal,Canada,Direct,Mainstream
CUST104685,2024-12-26,Male,28,Minneapolis,Usa,Direct,Mainstream
CUST102512,2024-01-16,Female,18,Nashville,Usa,Organic Search,Premium
CUST105453,2025-04-27,Other/Undisclosed,28,Seattle,Usa,Social Media,Premium
CUST102723,2024-02-23,Female,38,Boston,Usa,Affiliate,Mainstream
CUST106267,2025-09-05,Male,35,Minneapolis,Usa,Paid Search,Mainstream
CUST106452,2025-10-08,Male,43,Boston,Usa,Referral,Budget
CUST105192,2025-03-21,Female,21,Los Angeles,Usa,Paid Search,Premium
CUST101143,2023-06-23,Female,24,Phoenix,Usa,Social Media,Premium
CUST100397,2023-03-05,Female,45,Unknown,Usa,Social Media,Premium
CUST106479,2025-10-11,Female,46,Phoenix,Usa,Social Media,Mainstream
CUST106366,2025-09-26,Female,41,Atlanta,Usa,Paid Search,Budget
CUST100786,2023-05-02,Male,38,Dallas,Usa,Paid Search,Budget
CUST106028,2025-07-25,Male,28,Portland,Usa,Paid Search,Budget
CUST106077,2025-08-02,Male,38,Austin,Usa,Paid Search,Budget
CUST101398,2023-07-31,Male,38,Denver,Usa,Organic Search,Mainstream
CUST101659,2023-09-13,Female,31,Dallas,Usa,Paid Search,Mainstream
CUST104340,2024-10-30,Male,18,Nashville,Usa,Paid Search,Mainstream
CUST106392,2025-09-29,Female,25,Miami,Usa,Referral,Premium
CUST103134,2024-04-29,Male,41,Nashville,Usa,Direct,Budget
CUST103789,2024-08-04,Female,33,San Diego,Usa,Referral,Mainstream
CUST103398,2024-06-05,Male,35,Boston,Usa,Organic Search,Mainstream
CUST102220,2023-12-06,Male,34,Dallas,Usa,Organic Search,Budget
CUST100979,2023-05-31,Other/Undisclosed,29,Vancouver,Canada,Social Media,Budget
CUST102331,2023-12-22,Female,44,Atlanta,Usa,Email,Budget
CUST103784,2024-08-04,Male,19,San Diego,Usa,Referral,Premium
CUST101298,2023-07-16,Male,21,Houston,Usa,Paid Search,Premium
CUST104266,2024-10-18,Male,36,Nashville,Usa,Referral,Budget
CUST104633,2024-12-18,Male,64,Denver,Usa,Organic Search,Premium
CUST106530,2025-10-17,Male,38,New York,Usa,Email,Mainstream
CUST103693,2024-07-24,Female,36,Boston,Usa,Affiliate,Premium
CUST100082,2023-01-14,Female,20,Minneapolis,Usa,Referral,Budget
CUST101967,2023-10-30,Female,34,New York,Usa,Social Media,Budget
CUST104442,2024-11-15,Male,44,Phoenix,Usa,Email,Mainstream
CUST105498,2025-05-05,Other/Undisclosed,40,Vancouver,Canada,Referral,Mainstream
CUST104716,2025-01-01,Male,41,Phoenix,Usa,Email,Mainstream
CUST106732,2025-11-18,Female,20,Boston,Usa,Organic Search,Budget
CUST104288,2024-10-22,Female,20,Portland,Usa,Organic Search,Budget
CUST102903,2024-03-24,Female,28,Houston,Usa,Direct,Premium
CUST100423,2023-03-09,Male,31,Dallas,Usa,Affiliate,Premium
CUST106089,2025-08-04,Female,20,Portland,Usa,Direct,Premium
CUST101904,2023-10-20,Female,37,Austin,Usa,Direct,Budget
CUST106376,2025-09-27,Male,30,New York,Usa,Organic Search,Budget
CUST101530,2023-08-20,Female,52,Portland,Usa,Affiliate,Premium
CUST103917,2024-08-23,Male,28,New York,Usa,Email,Mainstream
CUST104984,2025-02-17,Male,38,Denver,Usa,Social Media,Mainstream
CUST101565,2023-08-27,Female,20,New York,Usa,Organic Search,Budget
CUST105195,2025-03-21,Female,34,San Diego,Usa,Organic Search,Mainstream
CUST103618,2024-07-10,Female,29,Boston,Usa,Affiliate,Premium
CUST100839,2023-05-11,Male,38,Calgary,Canada,Organic Search,Budget
CUST104302,2024-10-24,Female,18,Dallas,Usa,Paid Search,Mainstream
CUST100141,2023-01-25,Female,36,Minneapolis,Usa,Affiliate,Budget
CUST105807,2025-06-24,Male,28,Minneapolis,Usa,Direct,Premium
CUST101377,2023-07-28,Male,48,Toronto,Canada,Direct,Mainstream
CUST103674,2024-07-21,Female,35,Dallas,Usa,Organic Search,Mainstream
CUST106918,2025-12-19,Female,20,Portland,Usa,Email,Mainstream
CUST106894,2025-12-15,Male,48,Calgary,Canada,Referral,Premium
CUST103808,2024-08-06,Female,49,Chicago,Usa,Social Media,Budget
CUST101138,2023-06-22,Female,37,Chicago,Usa,Paid Search,Budget
CUST102257,2023-12-11,Female,33,Atlanta,Usa,Organic Search,Premium
CUST101787,2023-10-01,Female,24,Atlanta,Usa,Paid Search,Budget
CUST103938,2024-08-27,Female,45,Dallas,Usa,Social Media,Budget
CUST104546,2024-12-03,Male,41,Miami,Usa,Organic Search,Mainstream
CUST100459,2023-03-15,Female,41,Austin,Usa,Direct,Premium
CUST106645,2025-11-04,Male,58,Los Angeles,Usa,Email,Mainstream
CUST100948,2023-05-26,Female,39,Vancouver,Canada,Social Media,Budget
CUST103700,2024-07-24,Female,26,Minneapolis,Usa,Social Media,Budget
CUST101336,2023-07-23,Female,26,Los Angeles,Usa,Social Media,Budget
CUST105597,2025-05-21,Female,44,Nashville,Usa,Organic Search,Budget
CUST101602,2023-09-03,Female,38,Dallas,Usa,Email,Mainstream
CUST102238,2023-12-09,Male,37,Calgary,Canada,Organic Search,Mainstream
CUST100639,2023-04-13,Male,29,Chicago,Usa,Affiliate,Premium
CUST106790,2025-11-28,Female,57,Portland,Usa,Direct,Premium
CUST103830,2024-08-10,Female,31,Vancouver,Canada,Referral,Budget
CUST104844,2025-01-24,Male,36,New York,Usa,Email,Budget
CUST106283,2025-09-09,Female,25,Nashville,Usa,Paid Search,Budget
CUST101070,2023-06-14,Female,36,Phoenix,Usa,Referral,Budget
CUST100155,2023-01-27,Female,44,Montreal,Canada,Paid Search,Premium
CUST102295,2023-12-17,Male,41,Seattle,Usa,Organic Search,Mainstream
CUST106233,2025-08-30,Female,58,Denver,Usa,Organic Search,Mainstream
CUST101089,2023-06-16,Male,26,Portland,Usa,Paid Search,Budget
CUST102940,2024-03-29,Female,27,New York,Usa,Paid Search,Budget
CUST105945,2025-07-15,Female,25,Los Angeles,Usa,Email,Budget
CUST100930,2023-05-24,Female,29,Dallas,Usa,Affiliate,Premium
CUST102909,2024-03-25,Female,33,Seattle,Usa,Affiliate,Mainstream
CUST104512,2024-11-27,Male,41,Los Angeles,Usa,Email,Mainstream
CUST106450,2025-10-08,Female,41,Calgary,Canada,Direct,Budget
CUST103247,2024-05-14,Female,34,Denver,Usa,Referral,Mainstream
CUST106384,2025-09-28,Female,32,Atlanta,Usa,Email,Budget
CUST106566,2025-10-22,Female,20,Boston,Usa,Paid Search,Mainstream
CUST106223,2025-08-28,Female,32,Denver,Usa,Affiliate,Mainstream
CUST106521,2025-10-16,Female,36,Los Angeles,Usa,Social Media,Mainstream
CUST106551,2025-10-21,Female,32,Chicago,Usa,Social Media,Budget
CUST101698,2023-09-19,Male,19,San Diego,Usa,Direct,Mainstream
CUST106614,2025-10-30,Female,45,Atlanta,Usa,Affiliate,Mainstream
CUST106994,2025-12-30,Male,32,New York,Usa,Referral,Budget
CUST104743,2025-01-06,Female,46,Seattle,Usa,Referral,Mainstream
CUST103831,2024-08-11,Male,49,Chicago,Usa,Affiliate,Premium
CUST106405,2025-10-02,Male,22,Montreal,Canada,Referral,Mainstream
CUST106395,2025-09-30,Male,55,Houston,Usa,Email,Premium
CUST100985,2023-06-01,Female,36,New York,Usa,Paid Search,Budget
CUST101821,2023-10-07,Male,26,Austin,Usa,Direct,Budget
CUST100587,2023-04-05,Male,28,Minneapolis,Usa,Paid Search,Mainstream
CUST106708,2025-11-16,Female,32,San Diego,Usa,Organic Search,Mainstream
CUST104866,2025-01-27,Female,51,Vancouver,Canada,Social Media,Mainstream
CUST106400,2025-10-01,Female,32,Minneapolis,Usa,Direct,Budget
CUST106990,2025-12-29,Female,37,Phoenix,Usa,Affiliate,Budget
CUST105296,2025-04-04,Female,43,San Diego,Usa,Organic Search,Mainstream
CUST103557,2024-07-02,Female,48,Phoenix,Usa,Email,Premium
CUST101395,2023-07-31,Female,31,Phoenix,Usa,Social Media,Budget
CUST100264,2023-02-12,Female,50,Los Angeles,Usa,Organic Search,Premium
CUST103547,2024-06-30,Female,43,Phoenix,Usa,Affiliate,Budget
CUST106369,2025-09-26,Male,20,Phoenix,Usa,Referral,Mainstream
CUST106417,2025-10-03,Female,32,Houston,Usa,Paid Search,Budget
CUST104950,2025-02-12,Male,36,Seattle,Usa,Email,Budget
CUST103864,2024-08-14,Female,42,Miami,Usa,Paid Search,Mainstream
CUST105834,2025-06-27,Male,18,Minneapolis,Usa,Organic Search,Budget
CUST102400,2023-12-31,Male,25,Houston,Usa,Organic Search,Budget
CUST105075,2025-03-03,Female,42,Houston,Usa,Paid Search,Premium
CUST103711,2024-07-25,Male,28,New York,Usa,Referral,Budget
CUST100246,2023-02-09,Female,32,Austin,Usa,Paid Search,Budget
CUST101594,2023-09-02,Other/Undisclosed,28,Houston,Usa,Direct,Budget
CUST106838,2025-12-05,Female,36,Calgary,Canada,Paid Search,Premium
CUST104742,2025-01-06,Other/Undisclosed,28,Minneapolis,Usa,Direct,Budget
CUST100923,2023-05-22,Female,32,Denver,Usa,Direct,Mainstream
CUST104333,2024-10-30,Male,57,Chicago,Usa,Paid Search,Mainstream
CUST100669,2023-04-16,Female,39,Atlanta,Usa,Organic Search,Budget
CUST103604,2024-07-08,Female,42,Denver,Usa,Direct,Mainstream
CUST101910,2023-10-21,Female,38,Toronto,Canada,Email,Mainstream
CUST105341,2025-04-11,Female,34,Los Angeles,Usa,Paid Search,Premium
CUST103958,2024-08-29,Female,33,Houston,Usa,Direct,Budget
CUST102696,2024-02-18,Male,41,Miami,Usa,Paid Search,Budget
CUST102591,2024-02-01,Female,36,Atlanta,Usa,Social Media,Premium
CUST101781,2023-09-30,Female,18,Houston,Usa,Paid Search,Mainstream
CUST103013,2024-04-10,Male,38,New York,Usa,Organic Search,Mainstream
CUST102307,2023-12-18,Male,22,San Diego,Usa,Email,Budget
CUST106084,2025-08-03,Male,33,Portland,Usa,Organic Search,Mainstream
CUST103690,2024-07-23,Female,20,Dallas,Usa,Email,Premium
CUST100687,2023-04-19,Female,20,Toronto,Canada,Direct,Premium
CUST100612,2023-04-09,Male,18,Chicago,Usa,Direct,Budget
CUST103200,2024-05-08,Female,42,Austin,Usa,Referral,Mainstream
CUST102267,2023-12-13,Male,33,Chicago,Usa,Paid Search,Mainstream
CUST106743,2025-11-19,Female,41,Austin,Usa,Organic Search,Budget
CUST105337,2025-04-11,Male,34,Houston,Usa,Affiliate,Premium
CUST101898,2023-10-19,Male,49,Miami,Usa,Social Media,Premium
CUST105413,2025-04-22,Female,35,Seattle,Usa,Referral,Mainstream
CUST100258,2023-02-11,Male,35,Toronto,Canada,Email,Mainstream
CUST102924,2024-03-27,Female,29,Portland,Usa,Organic Search,Budget
CUST102822,2024-03-10,Male,37,Boston,Usa,Paid Search,Mainstream
CUST103339,2024-05-27,Male,31,Vancouver,Canada,Social Media,Budget
CUST103525,2024-06-27,Female,33,Austin,Usa,Email,Budget
CUST102285,2023-12-16,Male,35,New York,Usa,Organic Search,Premium
CUST100484,2023-03-18,Female,33,Phoenix,Usa,Direct,Budget
CUST102211,2023-12-04,Female,44,Vancouver,Canada,Organic Search,Budget
CUST106588,2025-10-24,Female,53,Miami,Usa,Paid Search,Mainstream
CUST102555,2024-01-24,Female,29,New York,Usa,Organic Search,Premium
CUST100007,2023-01-02,Male,40,Phoenix,Usa,Affiliate,Premium
CUST103657,2024-07-18,Male,25,Denver,Usa,Direct,Mainstream
CUST105957,2025-07-17,Female,53,Chicago,Usa,Paid Search,Mainstream
CUST102426,2024-01-04,Male,36,Boston,Usa,Organic Search,Mainstream
CUST101814,2023-10-06,Female,18,Phoenix,Usa,Social Media,Budget
CUST102274,2023-12-14,Female,39,Los Angeles,Usa,Email,Budget
CUST101011,2023-06-04,Female,18,Vancouver,Canada,Email,Mainstream
CUST106554,2025-10-21,Male,18,Miami,Usa,Social Media,Mainstream
CUST101067,2023-06-13,Female,38,San Diego,Usa,Affiliate,Mainstream
CUST101991,2023-11-04,Male,29,Minneapolis,Usa,Social Media,Budget
CUST103970,2024-08-30,Female,50,Toronto,Canada,Organic Search,Premium
CUST104987,2025-02-17,Female,33,Houston,Usa,Paid Search,Mainstream
CUST103867,2024-08-15,Male,40,Chicago,Usa,Social Media,Budget
CUST106270,2025-09-06,Female,50,Minneapolis,Usa,Affiliate,Premium
CUST103048,2024-04-17,Male,38,Phoenix,Usa,Social Media,Budget
CUST100781,2023-05-02,Female,34,Austin,Usa,Email,Mainstream
CUST106828,2025-12-04,Female,19,Minneapolis,Usa,Direct,Mainstream
CUST101749,2023-09-26,Male,35,Atlanta,Usa,Paid Search,Mainstream
CUST102791,2024-03-06,Male,34,Houston,Usa,Email,Mainstream
CUST101091,2023-06-16,Female,41,Boston,Usa,Organic Search,Budget
CUST104842,2025-01-24,Male,39,Austin,Usa,Direct,Premium
CUST106754,2025-11-21,Male,41,Los Angeles,Usa,Referral,Mainstream
CUST105702,2025-06-04,Female,31,Los Angeles,Usa,Affiliate,Premium
CUST102608,2024-02-04,Female,28,Austin,Usa,Direct,Mainstream
CUST106517,2025-10-16,Male,30,New York,Usa,Social Media,Budget
CUST102290,2023-12-16,Male,23,Atlanta,Usa,Organic Search,Budget
CUST101727,2023-09-23,Female,31,Seattle,Usa,Social Media,Mainstream
CUST100610,2023-04-09,Female,18,San Diego,Usa,Paid Search,Mainstream
CUST100343,2023-02-25,Male,48,San Diego,Usa,Direct,Mainstream
CUST105481,2025-05-02,Male,27,Miami,Usa,Paid Search,Mainstream
CUST103750,2024-07-30,Female,44,Minneapolis,Usa,Referral,Budget
CUST103215,2024-05-09,Male,33,Chicago,Usa,Social Media,Budget
CUST100097,2023-01-16,Male,29,New York,Usa,Email,Budget
CUST104922,2025-02-06,Male,23,Portland,Usa,Social Media,Premium
CUST101537,2023-08-22,Female,21,Minneapolis,Usa,Email,Budget
CUST103588,2024-07-06,Female,46,Houston,Usa,Direct,Premium
CUST103648,2024-07-17,Male,37,Denver,Usa,Paid Search,Premium
CUST105594,2025-05-21,Female,22,Boston,Usa,Social Media,Mainstream
CUST101517,2023-08-18,Female,26,Atlanta,Usa,Organic Search,Premium
CUST106902,2025-12-16,Female,48,Montreal,Canada,Referral,Premium
CUST103669,2024-07-20,Female,39,New York,Usa,Paid Search,Premium
CUST102090,2023-11-17,Female,41,New York,Usa,Social Media,Premium
CUST100572,2023-04-03,Female,29,San Diego,Usa,Direct,Budget
CUST106778,2025-11-26,Female,25,Houston,Usa,Paid Search,Budget
CUST105836,2025-06-27,Female,35,Nashville,Usa,Social Media,Budget
CUST103062,2024-04-19,Female,32,Chicago,Usa,Email,Budget
CUST104690,2024-12-28,Male,23,Austin,Usa,Organic Search,Budget
CUST105253,2025-03-30,Male,32,Nashville,Usa,Referral,Premium
CUST104545,2024-12-02,Female,44,Miami,Usa,Referral,Premium
CUST104695,2024-12-28,Female,32,Chicago,Usa,Organic Search,Budget
CUST100370,2023-03-02,Female,34,Boston,Usa,Email,Mainstream
CUST101938,2023-10-26,Male,33,Nashville,Usa,Email,Budget
CUST104961,2025-02-14,Male,30,Dallas,Usa,Paid Search,Mainstream
CUST106067,2025-07-31,Male,36,Portland,Usa,Direct,Premium
CUST103670,2024-07-20,Female,29,San Diego,Usa,Social Media,Mainstream
CUST103652,2024-07-17,Other/Undisclosed,37,Seattle,Usa,Email,Budget
CUST102361,2023-12-26,Female,38,Dallas,Usa,Direct,Mainstream
CUST104260,2024-10-17,Female,25,Los Angeles,Usa,Email,Budget
CUST104366,2024-11-03,Female,43,Atlanta,Usa,Paid Search,Mainstream
CUST106398,2025-09-30,Male,36,Los Angeles,Usa,Paid Search,Budget
CUST103737,2024-07-29,Male,41,Montreal,Canada,Organic Search,Budget
CUST104313,2024-10-26,Female,51,Minneapolis,Usa,Social Media,Premium
CUST105219,2025-03-26,Female,18,Denver,Usa,Social Media,Budget
CUST104865,2025-01-27,Other/Undisclosed,43,Los Angeles,Usa,Affiliate,Mainstream
CUST101171,2023-06-27,Female,30,Calgary,Canada,Organic Search,Premium
CUST105631,2025-05-25,Male,49,Boston,Usa,Direct,Budget
CUST101422,2023-08-04,Female,46,Seattle,Usa,Social Media,Mainstream
CUST106306,2025-09-14,Male,38,San Diego,Usa,Paid Search,Budget
CUST106185,2025-08-22,Female,35,Phoenix,Usa,Social Media,Budget
CUST104607,2024-12-14,Male,29,Chicago,Usa,Email,Premium
CUST100874,2023-05-16,Male,19,Phoenix,Usa,Social Media,Mainstream
CUST102297,2023-12-17,Male,45,Los Angeles,Usa,Social Media,Premium
CUST102643,2024-02-10,Male,32,San Diego,Usa,Referral,Budget
CUST106096,2025-08-05,Female,26,Toronto,Canada,Organic Search,Budget
CUST100840,2023-05-11,Female,48,Vancouver,Canada,Organic Search,Mainstream
CUST100581,2023-04-05,Female,40,Atlanta,Usa,Direct,Budget
CUST100204,2023-02-04,Female,30,Vancouver,Canada,Social Media,Budget
CUST101641,2023-09-10,Male,48,Denver,Usa,Organic Search,Premium
CUST102014,2023-11-07,Female,50,Boston,Usa,Referral,Budget
CUST103253,2024-05-14,Male,29,Chicago,Usa,Paid Search,Mainstream
CUST104325,2024-10-28,Female,39,Nashville,Usa,Direct,Budget
CUST100905,2023-05-21,Male,25,Miami,Usa,Paid Search,Budget
CUST100631,2023-04-11,Male,28,Houston,Usa,Affiliate,Mainstream
CUST104975,2025-02-16,Female,32,Boston,Usa,Organic Search,Budget
CUST104500,2024-11-25,Female,37,San Diego,Usa,Direct,Budget
CUST101974,2023-10-31,Male,36,Denver,Usa,Organic Search,Budget
CUST100162,2023-01-28,Male,55,Houston,Usa,Referral,Premium
CUST104787,2025-01-13,Male,40,New York,Usa,Paid Search,Mainstream
CUST106314,2025-09-15,Other/Undisclosed,33,New York,Usa,Social Media,Mainstream
CUST104462,2024-11-19,Male,42,Chicago,Usa,Email,Budget
CUST100875,2023-05-16,Female,31,Atlanta,Usa,Organic Search,Mainstream
CUST101431,2023-08-05,Male,56,Calgary,Canada,Referral,Budget
CUST105921,2025-07-11,Female,29,Calgary,Canada,Paid Search,Budget
CUST104375,2024-11-04,Female,39,Vancouver,Canada,Email,Mainstream
CUST105451,2025-04-27,Female,49,Denver,Usa,Referral,Budget
CUST102856,2024-03-16,Female,19,Houston,Usa,Social Media,Mainstream
CUST101861,2023-10-12,Female,43,Phoenix,Usa,Email,Mainstream
CUST102659,2024-02-12,Male,31,Boston,Usa,Referral,Premium
CUST103384,2024-06-03,Male,38,Portland,Usa,Direct,Mainstream
CUST106455,2025-10-08,Female,26,Miami,Usa,Social Media,Mainstream
CUST104641,2024-12-19,Female,24,Dallas,Usa,Social Media,Mainstream
CUST103331,2024-05-27,Male,27,Portland,Usa,Direct,Mainstream
CUST105751,2025-06-14,Female,39,Montreal,Canada,Referral,Budget
CUST106330,2025-09-18,Male,29,Atlanta,Usa,Affiliate,Premium
CUST104890,2025-02-01,Male,29,Austin,Usa,Paid Search,Mainstream
CUST102096,2023-11-18,Male,39,Montreal,Canada,Social Media,Premium
CUST102003,2023-11-05,Male,41,Seattle,Usa,Paid Search,Mainstream
CUST100546,2023-03-29,Female,29,Boston,Usa,Social Media,Mainstream
CUST101449,2023-08-07,Male,26,Boston,Usa,Organic Search,Mainstream
CUST106130,2025-08-13,Male,43,Miami,Usa,Referral,Mainstream
CUST102610,2024-02-05,Female,40,Dallas,Usa,Referral,Budget
CUST101900,2023-10-19,Male,27,Montreal,Canada,Email,Mainstream
CUST105537,2025-05-11,Male,38,Montreal,Canada,Direct,Budget
CUST102757,2024-03-01,Female,22,San Diego,Usa,Direct,Budget
CUST101885,2023-10-17,Male,25,Portland,Usa,Paid Search,Premium
CUST106799,2025-11-29,Other/Undisclosed,26,Portland,Usa,Email,Budget
CUST102097,2023-11-19,Female,30,Austin,Usa,Paid Search,Premium
CUST106113,2025-08-08,Female,29,New York,Usa,Referral,Mainstream
CUST106328,2025-09-18,Female,25,Atlanta,Usa,Paid Search,Budget
CUST100836,2023-05-10,Female,18,Portland,Usa,Organic Search,Mainstream
CUST103471,2024-06-19,Female,47,Phoenix,Usa,Paid Search,Budget
CUST105591,2025-05-20,Female,46,Boston,Usa,Paid Search,Budget
CUST102171,2023-11-28,Male,49,San Diego,Usa,Social Media,Mainstream
CUST106040,2025-07-28,Other/Undisclosed,26,Minneapolis,Usa,Email,Budget
CUST105985,2025-07-20,Female,48,Denver,Usa,Social Media,Mainstream
CUST100398,2023-03-05,Female,51,Seattle,Usa,Direct,Mainstream
CUST102010,2023-11-06,Female,35,Denver,Usa,Social Media,Mainstream
CUST106884,2025-12-14,Male,47,Minneapolis,Usa,Email,Budget
CUST101283,2023-07-14,Male,56,Minneapolis,Usa,Social Media,Premium
CUST104941,2025-02-11,Female,42,Houston,Usa,Paid Search,Mainstream
CUST105132,2025-03-13,Female,43,Montreal,Canada,Social Media,Mainstream
CUST104256,2024-10-16,Female,29,New York,Usa,Paid Search,Mainstream
CUST101836,2023-10-09,Male,30,Chicago,Usa,Email,Premium
CUST101019,2023-06-06,Female,54,Dallas,Usa,Paid Search,Budget
CUST101326,2023-07-21,Female,55,Seattle,Usa,Paid Search,Mainstream
CUST104342,2024-10-30,Female,36,Los Angeles,Usa,Organic Search,Premium
CUST100475,2023-03-17,Female,34,Toronto,Canada,Social Media,Mainstream
CUST102810,2024-03-08,Female,35,Nashville,Usa,Email,Premium
CUST105271,2025-04-02,Other/Undisclosed,38,Houston,Usa,Paid Search,Mainstream
CUST101651,2023-09-12,Female,33,Nashville,Usa,Direct,Budget
CUST106525,2025-10-16,Female,54,Boston,Usa,Direct,Mainstream
CUST106007,2025-07-23,Female,49,Miami,Usa,Email,Mainstream
CUST102528,2024-01-20,Male,20,Vancouver,Canada,Referral,Mainstream
CUST101206,2023-07-03,Female,18,Calgary,Canada,Direct,Budget
CUST104560,2024-12-05,Male,49,Phoenix,Usa,Direct,Budget
CUST105402,2025-04-19,Male,33,Atlanta,Usa,Organic Search,Premium
CUST104420,2024-11-10,Male,37,New York,Usa,Email,Budget
CUST100867,2023-05-15,Male,35,San Diego,Usa,Paid Search,Mainstream
CUST102974,2024-04-03,Female,35,Los Angeles,Usa,Direct,Mainstream
CUST100541,2023-03-28,Male,24,Seattle,Usa,Paid Search,Mainstream
CUST101132,2023-06-21,Female,35,Denver,Usa,Organic Search,Mainstream
CUST106816,2025-12-02,Female,31,Houston,Usa,Paid Search,Premium
CUST103390,2024-06-04,Male,48,Minneapolis,Usa,Social Media,Budget
CUST105048,2025-02-27,Male,40,San Diego,Usa,Organic Search,Budget
CUST102962,2024-04-01,Male,32,Boston,Usa,Paid Search,Premium
CUST104155,2024-09-30,Male,45,New York,Usa,Paid Search,Mainstream
CUST103259,2024-05-16,Female,36,Calgary,Canada,Email,Budget
CUST104556,2024-12-04,Male,46,Miami,Usa,Social Media,Premium
CUST106946,2025-12-22,Male,25,Austin,Usa,Paid Search,Budget
CUST102583,2024-01-31,Female,23,Nashville,Usa,Organic Search,Premium
CUST102813,2024-03-08,Female,30,New York,Usa,Email,Mainstream
CUST106111,2025-08-08,Male,39,New York,Usa,Affiliate,Premium
CUST106091,2025-08-04,Female,38,Miami,Usa,Paid Search,Budget
CUST103586,2024-07-06,Male,21,Seattle,Usa,Email,Premium
CUST104590,2024-12-12,Female,33,Vancouver,Canada,Paid Search,Mainstream
CUST105982,2025-07-20,Other/Undisclosed,47,Toronto,Canada,Paid Search,Budget
CUST102630,2024-02-08,Female,28,Portland,Usa,Affiliate,Mainstream
CUST106750,2025-11-20,Male,39,Unknown,Usa,Paid Search,Mainstream
CUST106705,2025-11-15,Male,49,Denver,Usa,Social Media,Budget
CUST101080,2023-06-15,Male,49,Chicago,Usa,Affiliate,Mainstream
CUST104283,2024-10-21,Female,42,Austin,Usa,Referral,Mainstream
CUST102085,2023-11-16,Male,44,Dallas,Usa,Social Media,Premium
CUST102452,2024-01-07,Female,28,Austin,Usa,Referral,Budget
CUST102023,2023-11-08,Male,33,Portland,Usa,Referral,Budget
CUST105395,2025-04-18,Female,46,Calgary,Canada,Direct,Mainstream
CUST100226,2023-02-07,Other/Undisclosed,36,Houston,Usa,Paid Search,Budget
CUST101013,2023-06-05,Female,43,Portland,Usa,Referral,Premium
CUST101929,2023-10-24,Male,39,Portland,Usa,Affiliate,Premium
CUST104945,2025-02-11,Female,18,Phoenix,Usa,Organic Search,Mainstream
CUST101404,2023-08-01,Male,27,Nashville,Usa,Email,Mainstream
CUST102179,2023-11-29,Female,38,Portland,Usa,Email,Mainstream
CUST100697,2023-04-20,Male,28,Austin,Usa,Email,Mainstream
CUST101124,2023-06-20,Female,41,Montreal,Canada,Paid Search,Mainstream
CUST103895,2024-08-19,Male,26,Phoenix,Usa,Paid Search,Premium
CUST101778,2023-09-30,Female,53,Phoenix,Usa,Organic Search,Mainstream
CUST106906,2025-12-16,Male,18,San Diego,Usa,Referral,Mainstream
CUST102634,2024-02-09,Female,33,Seattle,Usa,Referral,Mainstream
CUST103489,2024-06-22,Female,49,Los Angeles,Usa,Affiliate,Mainstream
CUST101037,2023-06-08,Male,50,Atlanta,Usa,Direct,Mainstream
CUST102256,2023-12-11,Female,35,Houston,Usa,Affiliate,Mainstream
CUST104696,2024-12-28,Male,30,Nashville,Usa,Social Media,Budget
CUST106954,2025-12-23,Female,34,Vancouver,Canada,Referral,Premium
CUST100313,2023-02-20,Female,47,Dallas,Usa,Paid Search,Mainstream
CUST102649,2024-02-11,Male,42,Phoenix,Usa,Referral,Mainstream
CUST102281,2023-12-15,Other/Undisclosed,41,Montreal,Canada,Social Media,Mainstream
CUST105030,2025-02-24,Male,22,Minneapolis,Usa,Affiliate,Budget
CUST102547,2024-01-22,Female,27,Boston,Usa,Paid Search,Mainstream
CUST102159,2023-11-27,Male,32,Phoenix,Usa,Paid Search,Mainstream
CUST103137,2024-04-29,Male,36,Atlanta,Usa,Referral,Budget
CUST105843,2025-06-30,Female,36,Toronto,Canada,Organic Search,Budget
CUST103967,2024-08-30,Female,18,Portland,Usa,Affiliate,Mainstream
CUST101428,2023-08-04,Male,29,Los Angeles,Usa,Organic Search,Premium
CUST106035,2025-07-26,Female,41,Chicago,Usa,Referral,Budget
CUST102520,2024-01-18,Other/Undisclosed,36,Boston,Usa,Organic Search,Budget
CUST104508,2024-11-26,Male,26,Boston,Usa,Organic Search,Budget
CUST106485,2025-10-12,Male,52,Houston,Usa,Affiliate,Premium
CUST100448,2023-03-14,Male,30,San Diego,Usa,Paid Search,Budget
CUST104423,2024-11-10,Male,24,Austin,Usa,Organic Search,Mainstream
CUST101284,2023-07-14,Other/Undisclosed,47,Los Angeles,Usa,Social Media,Budget
CUST103727,2024-07-28,Female,62,Houston,Usa,Social Media,Mainstream
CUST100361,2023-02-28,Female,53,Unknown,Canada,Referral,Premium
CUST105664,2025-05-29,Female,20,Minneapolis,Usa,Paid Search,Premium
CUST105602,2025-05-22,Female,42,Denver,Usa,Paid Search,Premium
CUST102460,2024-01-08,Female,48,Minneapolis,Usa,Referral,Mainstream
CUST100022,2023-01-04,Female,47,Minneapolis,Usa,Organic Search,Budget
CUST102066,2023-11-14,Male,43,Phoenix,Usa,Paid Search,Budget
CUST101653,2023-09-12,Female,18,Minneapolis,Usa,Organic Search,Mainstream
CUST100702,2023-04-20,Female,36,Vancouver,Canada,Paid Search,Mainstream
CUST105689,2025-06-02,Male,18,New York,Usa,Social Media,Mainstream
CUST102743,2024-02-26,Male,44,Atlanta,Usa,Affiliate,Mainstream
CUST101376,2023-07-28,Female,37,Houston,Usa,Affiliate,Mainstream
CUST105714,2025-06-08,Female,29,Seattle,Usa,Email,Premium
CUST102468,2024-01-10,Male,56,Austin,Usa,Paid Search,Mainstream
CUST103754,2024-07-31,Female,36,Austin,Usa,Social Media,Mainstream
CUST102325,2023-12-21,Female,49,Portland,Usa,Referral,Premium
CUST100460,2023-03-15,Female,41,Seattle,Usa,Email,Budget
CUST104183,2024-10-05,Male,26,Seattle,Usa,Paid Search,Budget
CUST104082,2024-09-17,Female,52,Dallas,Usa,Affiliate,Budget
CUST101486,2023-08-12,Male,39,Atlanta,Usa,Email,Budget
CUST103678,2024-07-22,Male,36,Calgary,Canada,Email,Budget
CUST100282,2023-02-15,Male,28,Nashville,Usa,Paid Search,Mainstream
CUST104308,2024-10-25,Male,48,Boston,Usa,Direct,Mainstream
CUST103537,2024-06-29,Male,42,Portland,Usa,Paid Search,Budget
CUST104927,2025-02-07,Female,18,Denver,Usa,Paid Search,Mainstream
CUST102581,2024-01-30,Female,29,Miami,Usa,Paid Search,Mainstream
CUST101368,2023-07-27,Female,24,Houston,Usa,Affiliate,Premium
CUST106338,2025-09-20,Male,35,Seattle,Usa,Organic Search,Mainstream
CUST104710,2024-12-31,Female,27,Nashville,Usa,Email,Premium
CUST100597,2023-04-07,Male,21,Austin,Usa,Organic Search,Mainstream
CUST104351,2024-11-01,Male,39,Boston,Usa,Paid Search,Premium
CUST105710,2025-06-07,Male,55,Vancouver,Canada,Paid Search,Budget
CUST106983,2025-12-28,Male,38,New York,Usa,Direct,Premium
CUST106623,2025-10-31,Female,40,Phoenix,Usa,Direct,Budget
CUST105013,2025-02-22,Other/Undisclosed,23,Atlanta,Usa,Paid Search,Premium
CUST103468,2024-06-18,Male,24,Portland,Usa,Paid Search,Mainstream
CUST104575,2024-12-10,Female,63,Denver,Usa,Organic Search,Mainstream
CUST102990,2024-04-05,Female,30,Austin,Usa,Email,Premium
CUST106252,2025-09-03,Female,32,San Diego,Usa,Referral,Mainstream
CUST102544,2024-01-22,Female,50,Seattle,Usa,Email,Premium
CUST105216,2025-03-25,Female,24,Atlanta,Usa,Paid Search,Premium
CUST105141,2025-03-14,Other/Undisclosed,31,Los Angeles,Usa,Social Media,Premium
CUST104066,2024-09-14,Female,30,Los Angeles,Usa,Email,Premium
CUST103988,2024-09-02,Female,40,Portland,Usa,Affiliate,Mainstream
CUST106795,2025-11-28,Male,35,Denver,Usa,Social Media,Mainstream
CUST100685,2023-04-18,Male,33,Denver,Usa,Social Media,Budget
CUST104472,2024-11-20,Female,52,San Diego,Usa,Social Media,Budget
CUST103243,2024-05-13,Female,32,New York,Usa,Social Media,Mainstream
CUST105437,2025-04-25,Female,37,Nashville,Usa,Social Media,Mainstream
CUST104083,2024-09-17,Male,45,New York,Usa,Email,Mainstream
CUST102837,2024-03-13,Female,50,Chicago,Usa,Paid Search,Mainstream
CUST103697,2024-07-24,Male,43,Chicago,Usa,Referral,Mainstream
CUST104040,2024-09-10,Male,18,Dallas,Usa,Paid Search,Premium
CUST102230,2023-12-07,Female,22,Seattle,Usa,Direct,Premium
CUST105230,2025-03-27,Female,18,Boston,Usa,Organic Search,Mainstream
CUST102320,2023-12-20,Male,33,Los Angeles,Usa,Organic Search,Budget
CUST100521,2023-03-24,Female,41,San Diego,Usa,Email,Budget
CUST100522,2023-03-24,Female,33,Phoenix,Usa,Social Media,Budget
CUST105487,2025-05-03,Other/Undisclosed,53,Vancouver,Canada,Direct,Budget
CUST105658,2025-05-28,Female,18,Nashville,Usa,Paid Search,Mainstream
CUST105655,2025-05-28,Male,35,Nashville,Usa,Organic Search,Budget
CUST105740,2025-06-12,Female,43,New York,Usa,Social Media,Premium
CUST100780,2023-05-02,Female,22,San Diego,Usa,Affiliate,Premium
CUST105584,2025-05-19,Female,51,New York,Usa,Organic Search,Budget
CUST104753,2025-01-08,Male,24,San Diego,Usa,Email,Budget
CUST100651,2023-04-14,Female,34,Boston,Usa,Paid Search,Premium
CUST105235,2025-03-28,Female,39,Chicago,Usa,Paid Search,Premium
CUST102196,2023-12-02,Female,57,Chicago,Usa,Social Media,Mainstream
CUST100369,2023-03-02,Female,46,Nashville,Usa,Social Media,Mainstream
CUST104600,2024-12-13,Female,47,Minneapolis,Usa,Paid Search,Premium
CUST104214,2024-10-09,Female,51,Seattle,Usa,Affiliate,Budget
CUST100377,2023-03-02,Male,36,Toronto,Canada,Paid Search,Premium
CUST104928,2025-02-07,Other/Undisclosed,29,Phoenix,Usa,Email,Mainstream
CUST102216,2023-12-05,Male,44,San Diego,Usa,Direct,Mainstream
CUST105346,2025-04-12,Male,49,Dallas,Usa,Social Media,Mainstream
CUST101613,2023-09-05,Male,41,Calgary,Canada,Organic Search,Premium
CUST106307,2025-09-14,Female,33,Seattle,Usa,Paid Search,Mainstream
CUST103632,2024-07-14,Female,46,Nashville,Usa,Organic Search,Mainstream
CUST100962,2023-05-28,Female,27,Phoenix,Usa,Organic Search,Budget
CUST106326,2025-09-16,Male,47,Atlanta,Usa,Email,Mainstream
CUST106595,2025-10-25,Male,43,San Diego,Usa,Email,Premium
CUST105352,2025-04-13,Female,50,Denver,Usa,Referral,Budget
CUST100359,2023-02-27,Female,22,Toronto,Canada,Paid Search,Mainstream
CUST103839,2024-08-11,Male,18,Toronto,Canada,Paid Search,Budget
CUST104694,2024-12-28,Male,25,Minneapolis,Usa,Paid Search,Mainstream
CUST101246,2023-07-09,Female,26,Chicago,Usa,Email,Budget
CUST106114,2025-08-08,Female,44,Unknown,Usa,Referral,Budget
CUST103694,2024-07-24,Male,58,Dallas,Usa,Referral,Premium
CUST105937,2025-07-14,Male,30,Phoenix,Usa,Organic Search,Mainstream
CUST102567,2024-01-27,Female,39,Dallas,Usa,Social Media,Budget
CUST103423,2024-06-08,Female,49,Phoenix,Usa,Organic Search,Premium
CUST102037,2023-11-10,Male,37,San Diego,Usa,Organic Search,Premium
CUST100772,2023-04-30,Male,52,Phoenix,Usa,Direct,Mainstream
CUST106462,2025-10-09,Female,43,Seattle,Usa,Organic Search,Budget
CUST103562,2024-07-03,Female,26,San Diego,Usa,Email,Mainstream
CUST106652,2025-11-04,Female,43,Toronto,Canada,Organic Search,Mainstream
CUST106425,2025-10-05,Other/Undisclosed,45,San Diego,Usa,Paid Search,Mainstream
CUST104643,2024-12-19,Female,46,Seattle,Usa,Social Media,Premium
CUST101674,2023-09-15,Female,28,Minneapolis,Usa,Referral,Mainstream
CUST100365,2023-03-01,Female,47,Denver,Usa,Email,Premium
CUST104606,2024-12-14,Female,35,Austin,Usa,Social Media,Budget
CUST104327,2024-10-28,Female,40,Dallas,Usa,Social Media,Budget
CUST100147,2023-01-26,Female,31,Los Angeles,Usa,Paid Search,Budget
CUST106175,2025-08-20,Female,35,Chicago,Usa,Direct,Mainstream
CUST103088,2024-04-22,Male,36,Boston,Usa,Paid Search,Budget
CUST105544,2025-05-12,Female,18,Chicago,Usa,Email,Premium
CUST100407,2023-03-07,Male,29,Los Angeles,Usa,Social Media,Mainstream
CUST106491,2025-10-13,Female,29,Houston,Usa,Paid Search,Mainstream
CUST103456,2024-06-16,Female,57,Boston,Usa,Direct,Mainstream
CUST104182,2024-10-05,Female,18,Portland,Usa,Organic Search,Mainstream
CUST103576,2024-07-05,Female,34,Nashville,Usa,Organic Search,Mainstream
CUST103271,2024-05-18,Male,41,Dallas,Usa,Social Media,Premium
CUST101031,2023-06-07,Female,51,Seattle,Usa,Paid Search,Budget
CUST104594,2024-12-12,Female,44,Los Angeles,Usa,Email,Mainstream
CUST100855,2023-05-13,Male,26,New York,Usa,Social Media,Mainstream
CUST103926,2024-08-24,Other/Undisclosed,39,Miami,Usa,Affiliate,Mainstream
CUST100078,2023-01-13,Male,29,Seattle,Usa,Affiliate,Budget
CUST102247,2023-12-11,Male,35,Denver,Usa,Referral,Mainstream
CUST106068,2025-08-01,Female,31,Minneapolis,Usa,Social Media,Mainstream
CUST106419,2025-10-03,Male,33,Boston,Usa,Referral,Mainstream
CUST106465,2025-10-09,Female,27,Nashville,Usa,Organic Search,Mainstream
CUST105471,2025-05-01,Female,33,Dallas,Usa,Email,Mainstream
CUST100788,2023-05-03,Other/Undisclosed,35,Phoenix,Usa,Organic Search,Mainstream
CUST102279,2023-12-14,Female,29,Calgary,Canada,Paid Search,Budget
CUST104095,2024-09-18,Male,44,Minneapolis,Usa,Paid Search,Budget
CUST103897,2024-08-19,Female,33,Denver,Usa,Email,Mainstream
CUST105242,2025-03-28,Female,43,Los Angeles,Usa,Organic Search,Budget
CUST105839,2025-06-28,Female,31,Los Angeles,Usa,Organic Search,Budget
CUST103631,2024-07-14,Male,45,Boston,Usa,Social Media,Premium
CUST105257,2025-03-30,Female,36,New York,Usa,Paid Search,Budget
CUST100424,2023-03-09,Female,57,Miami,Usa,Direct,Budget
CUST100392,2023-03-05,Female,18,Chicago,Usa,Organic Search,Mainstream
CUST105241,2025-03-28,Male,32,Austin,Usa,Email,Budget
CUST106635,2025-11-02,Female,24,Phoenix,Usa,Organic Search,Mainstream
CUST104200,2024-10-07,Female,24,Dallas,Usa,Social Media,Budget
CUST102672,2024-02-14,Female,42,Phoenix,Usa,Referral,Budget
CUST106430,2025-10-05,Female,58,Unknown,Usa,Social Media,Mainstream
CUST104741,2025-01-06,Male,25,Calgary,Canada,Organic Search,Budget
CUST103493,2024-06-22,Female,39,Miami,Usa,Organic Search,Mainstream
CUST101459,2023-08-08,Male,28,Los Angeles,Usa,Social Media,Mainstream
CUST105067,2025-03-02,Female,35,New York,Usa,Organic Search,Mainstream
CUST104652,2024-12-20,Male,46,Seattle,Usa,Social Media,Premium
CUST103835,2024-08-11,Male,31,Atlanta,Usa,Paid Search,Mainstream
CUST105438,2025-04-25,Female,28,Nashville,Usa,Paid Search,Mainstream
CUST106692,2025-11-12,Female,27,Portland,Usa,Paid Search,Mainstream
CUST105452,2025-04-27,Female,18,Los Angeles,Usa,Paid Search,Premium
CUST102355,2023-12-26,Male,27,Seattle,Usa,Social Media,Premium
CUST102442,2024-01-06,Female,31,Seattle,Usa,Organic Search,Premium
CUST105465,2025-04-30,Female,25,Portland,Usa,Paid Search,Mainstream
CUST100464,2023-03-15,Female,48,Minneapolis,Usa,Paid Search,Premium
CUST100163,2023-01-28,Male,42,Austin,Usa,Paid Search,Mainstream
CUST106083,2025-08-03,Male,48,Los Angeles,Usa,Organic Search,Budget
CUST106733,2025-11-18,Female,29,Miami,Usa,Email,Premium
CUST106739,2025-11-19,Female,40,Denver,Usa,Organic Search,Premium
CUST106974,2025-12-26,Female,20,Minneapolis,Usa,Social Media,Mainstream
CUST102009,2023-11-06,Male,32,Chicago,Usa,Referral,Budget
CUST103084,2024-04-22,Female,33,Vancouver,Canada,Social Media,Premium
CUST100900,2023-05-20,Male,31,Los Angeles,Usa,Paid Search,Budget
CUST105500,2025-05-05,Male,48,Los Angeles,Usa,Organic Search,Premium
CUST102293,2023-12-17,Female,27,Atlanta,Usa,Organic Search,Budget
CUST104481,2024-11-22,Male,33,Montreal,Canada,Paid Search,Budget
CUST103716,2024-07-26,Male,31,Toronto,Canada,Affiliate,Mainstream
CUST105833,2025-06-27,Male,47,Vancouver,Canada,Paid Search,Mainstream
CUST101764,2023-09-28,Female,35,Toronto,Canada,Social Media,Mainstream
CUST101549,2023-08-24,Other/Undisclosed,38,New York,Usa,Email,Mainstream
CUST103029,2024-04-13,Female,36,Chicago,Usa,Social Media,Premium
CUST105302,2025-04-05,Female,21,Miami,Usa,Email,Mainstream
CUST102044,2023-11-11,Female,60,Nashville,Usa,Paid Search,Budget
CUST100767,2023-04-29,Male,45,Los Angeles,Usa,Paid Search,Budget
CUST101508,2023-08-16,Male,20,Atlanta,Usa,Organic Search,Mainstream
CUST106835,2025-12-05,Male,55,Atlanta,Usa,Direct,Budget
CUST104517,2024-11-28,Male,31,Denver,Usa,Direct,Mainstream
CUST104219,2024-10-10,Female,41,Nashville,Usa,Affiliate,Budget
CUST105842,2025-06-30,Male,43,Austin,Usa,Paid Search,Mainstream
CUST104591,2024-12-12,Female,32,Dallas,Usa,Referral,Premium
CUST103292,2024-05-21,Male,33,Houston,Usa,Organic Search,Budget
CUST100819,2023-05-07,Female,62,Atlanta,Usa,Referral,Mainstream
CUST101403,2023-08-01,Male,24,Houston,Usa,Organic Search,Premium
CUST101382,2023-07-29,Male,37,Montreal,Canada,Social Media,Budget
CUST102148,2023-11-26,Female,34,San Diego,Usa,Social Media,Mainstream
CUST101638,2023-09-10,Female,33,Calgary,Canada,Direct,Mainstream
CUST106763,2025-11-23,Female,43,Denver,Usa,Organic Search,Premium
CUST100399,2023-03-06,Female,41,Houston,Usa,Social Media,Premium
CUST100882,2023-05-17,Female,40,Minneapolis,Usa,Paid Search,Mainstream
CUST103565,2024-07-04,Male,29,Los Angeles,Usa,Organic Search,Mainstream
CUST106280,2025-09-09,Female,25,Chicago,Usa,Paid Search,Mainstream
CUST101179,2023-06-28,Male,41,Atlanta,Usa,Email,Mainstream
CUST104244,2024-10-14,Male,22,Austin,Usa,Direct,Mainstream
CUST104786,2025-01-13,Female,36,Los Angeles,Usa,Paid Search,Budget
CUST102130,2023-11-24,Female,40,Miami,Usa,Direct,Budget
CUST100456,2023-03-15,Other/Undisclosed,39,Austin,Usa,Social Media,Mainstream
CUST101950,2023-10-28,Female,34,New York,Usa,Affiliate,Budget
CUST100689,2023-04-19,Female,36,Boston,Usa,Organic Search,Mainstream
CUST105950,2025-07-16,Male,18,Calgary,Canada,Paid Search,Mainstream
CUST101953,2023-10-28,Female,18,Boston,Usa,Direct,Mainstream
CUST102710,2024-02-21,Female,42,Boston,Usa,Referral,Premium
CUST105209,2025-03-24,Female,28,Miami,Usa,Paid Search,Budget
CUST104349,2024-10-31,Male,38,Boston,Usa,Referral,Mainstream
CUST106101,2025-08-07,Female,59,Denver,Usa,Email,Budget
CUST101884,2023-10-17,Female,37,Denver,Usa,Direct,Premium
CUST105286,2025-04-03,Male,41,Unknown,Usa,Paid Search,Mainstream
CUST106210,2025-08-25,Male,42,Seattle,Usa,Organic Search,Budget
CUST102494,2024-01-13,Male,43,Houston,Usa,Organic Search,Budget
CUST103036,2024-04-14,Female,47,Boston,Usa,Paid Search,Mainstream
CUST103603,2024-07-08,Female,39,Chicago,Usa,Email,Mainstream
CUST100845,2023-05-11,Male,29,Phoenix,Usa,Direct,Budget
CUST100542,2023-03-28,Female,48,San Diego,Usa,Organic Search,Budget
CUST103724,2024-07-27,Male,50,Miami,Usa,Organic Search,Mainstream
CUST104187,2024-10-05,Male,41,Denver,Usa,Paid Search,Mainstream
CUST103679,2024-07-22,Female,45,Portland,Usa,Social Media,Premium
CUST105613,2025-05-23,Female,37,Phoenix,Usa,Paid Search,Mainstream
CUST105752,2025-06-14,Male,29,Denver,Usa,Social Media,Premium
CUST104816,2025-01-18,Male,37,Atlanta,Usa,Paid Search,Mainstream
CUST102964,2024-04-01,Female,52,New York,Usa,Paid Search,Budget
CUST102529,2024-01-20,Female,52,Minneapolis,Usa,Organic Search,Budget
CUST101048,2023-06-10,Male,41,Houston,Usa,Social Media,Mainstream
CUST101960,2023-10-29,Male,35,Austin,Usa,Paid Search,Mainstream
CUST102530,2024-01-20,Female,35,Nashville,Usa,Paid Search,Mainstream
CUST105167,2025-03-18,Male,29,Boston,Usa,Social Media,Premium
CUST100237,2023-02-08,Male,42,Dallas,Usa,Referral,Budget
CUST101133,2023-06-21,Female,37,Austin,Usa,Affiliate,Budget
CUST105817,2025-06-25,Female,39,Minneapolis,Usa,Organic Search,Budget
CUST104259,2024-10-16,Male,44,Chicago,Usa,Social Media,Premium
CUST105186,2025-03-20,Male,35,New York,Usa,Social Media,Mainstream
CUST105274,2025-04-02,Male,40,Denver,Usa,Referral,Mainstream
CUST105416,2025-04-22,Female,35,Boston,Usa,Social Media,Mainstream
CUST102978,2024-04-03,Female,27,Dallas,Usa,Social Media,Budget
CUST106162,2025-08-17,Female,31,Phoenix,Usa,Social Media,Mainstream
CUST106912,2025-12-17,Female,33,Dallas,Usa,Direct,Budget
CUST106793,2025-11-28,Female,30,Denver,Usa,Direct,Budget
CUST103919,2024-08-23,Female,30,Los Angeles,Usa,Paid Search,Budget
CUST103138,2024-04-30,Male,24,Vancouver,Canada,Social Media,Mainstream
CUST106271,2025-09-06,Male,18,New York,Usa,Affiliate,Mainstream
CUST104073,2024-09-14,Female,51,Seattle,Usa,Paid Search,Mainstream
CUST106039,2025-07-28,Female,30,Minneapolis,Usa,Social Media,Mainstream
CUST103229,2024-05-11,Male,26,Atlanta,Usa,Organic Search,Mainstream
CUST101826,2023-10-07,Male,22,Los Angeles,Usa,Paid Search,Premium
CUST100593,2023-04-06,Female,47,Portland,Usa,Organic Search,Premium
CUST102725,2024-02-24,Female,53,Dallas,Usa,Organic Search,Premium
CUST104137,2024-09-27,Male,35,Dallas,Usa,Email,Mainstream
CUST100560,2023-04-01,Other/Undisclosed,24,Dallas,Usa,Referral,Mainstream
CUST105506,2025-05-06,Female,44,Seattle,Usa,Referral,Mainstream
CUST104935,2025-02-10,Male,36,San Diego,Usa,Affiliate,Mainstream
CUST100243,2023-02-09,Female,41,Minneapolis,Usa,Paid Search,Mainstream
CUST104437,2024-11-13,Female,55,San Diego,Usa,Direct,Mainstream
CUST104861,2025-01-26,Male,40,Boston,Usa,Organic Search,Mainstream
CUST100405,2023-03-07,Male,46,Nashville,Usa,Organic Search,Mainstream
CUST101442,2023-08-06,Male,33,New York,Usa,Email,Budget
CUST100261,2023-02-12,Female,23,New York,Usa,Paid Search,Mainstream
CUST105036,2025-02-25,Female,38,Vancouver,Canada,Direct,Premium
CUST106412,2025-10-03,Male,40,Denver,Usa,Paid Search,Mainstream
CUST101689,2023-09-18,Male,52,Seattle,Usa,Email,Budget
CUST101725,2023-09-23,Female,22,Austin,Usa,Social Media,Mainstream
CUST102496,2024-01-14,Male,32,New York,Usa,Referral,Mainstream
CUST104717,2025-01-01,Male,21,Los Angeles,Usa,Organic Search,Mainstream
CUST100340,2023-02-25,Male,34,Unknown,Canada,Social Media,Mainstream
CUST104894,2025-02-02,Female,39,Denver,Usa,Direct,Budget
CUST101601,2023-09-03,Female,37,Phoenix,Usa,Social Media,Premium
CUST104576,2024-12-10,Female,23,Seattle,Usa,Direct,Mainstream
CUST103725,2024-07-27,Female,38,Denver,Usa,Organic Search,Budget
CUST106966,2025-12-25,Female,18,Seattle,Usa,Paid Search,Mainstream
CUST102785,2024-03-05,Male,27,Toronto,Canada,Paid Search,Mainstream
CUST101523,2023-08-19,Male,50,Denver,Usa,Email,Mainstream
CUST105231,2025-03-27,Female,52,Atlanta,Usa,Organic Search,Budget
CUST106238,2025-08-31,Male,47,Phoenix,Usa,Paid Search,Premium
CUST106513,2025-10-15,Female,42,Denver,Usa,Referral,Budget
CUST101766,2023-09-28,Female,47,Vancouver,Canada,Email,Mainstream
CUST106939,2025-12-21,Female,54,Dallas,Usa,Organic Search,Budget
CUST104037,2024-09-09,Male,37,Boston,Usa,Paid Search,Mainstream
CUST105555,2025-05-14,Male,56,Denver,Usa,Affiliate,Budget
CUST105696,2025-06-03,Male,28,Miami,Usa,Organic Search,Mainstream
CUST106573,2025-10-23,Male,38,Montreal,Canada,Organic Search,Premium
CUST100363,2023-03-01,Female,29,Boston,Usa,Paid Search,Premium
CUST106958,2025-12-23,Female,27,Montreal,Canada,Email,Budget
CUST106323,2025-09-16,Female,35,Atlanta,Usa,Organic Search,Mainstream
CUST104443,2024-11-15,Female,35,Nashville,Usa,Paid Search,Mainstream
CUST105603,2025-05-22,Male,22,Seattle,Usa,Organic Search,Premium
CUST106492,2025-10-13,Female,46,San Diego,Usa,Social Media,Budget
CUST102562,2024-01-25,Female,23,Atlanta,Usa,Social Media,Premium
CUST105082,2025-03-05,Female,24,Phoenix,Usa,Paid Search,Premium
CUST106445,2025-10-07,Female,31,Boston,Usa,Paid Search,Budget
CUST103083,2024-04-21,Female,30,Atlanta,Usa,Organic Search,Premium
CUST106476,2025-10-11,Male,35,Los Angeles,Usa,Social Media,Mainstream
CUST102102,2023-11-19,Male,32,Dallas,Usa,Social Media,Mainstream
CUST100632,2023-04-12,Female,51,Portland,Usa,Affiliate,Budget
CUST102493,2024-01-13,Male,29,Boston,Usa,Organic Search,Mainstream
CUST102665,2024-02-13,Male,24,Denver,Usa,Social Media,Premium
CUST105090,2025-03-06,Female,38,Phoenix,Usa,Organic Search,Mainstream
CUST104406,2024-11-08,Male,25,Calgary,Canada,Social Media,Premium
CUST106074,2025-08-02,Female,41,Houston,Usa,Email,Mainstream
CUST106357,2025-09-24,Male,18,Seattle,Usa,Direct,Budget
CUST102334,2023-12-22,Female,45,Phoenix,Usa,Social Media,Mainstream
CUST105385,2025-04-16,Female,21,Nashville,Usa,Paid Search,Mainstream
CUST103619,2024-07-10,Male,50,Calgary,Canada,Organic Search,Budget
CUST103883,2024-08-18,Female,44,Nashville,Usa,Social Media,Mainstream
CUST104764,2025-01-09,Male,34,Minneapolis,Usa,Paid Search,Mainstream
CUST104211,2024-10-08,Male,37,Chicago,Usa,Affiliate,Mainstream
CUST101494,2023-08-14,Male,37,Seattle,Usa,Paid Search,Premium
CUST102401,2023-12-31,Female,25,New York,Usa,Organic Search,Mainstream
CUST103874,2024-08-16,Female,33,Atlanta,Usa,Paid Search,Budget
CUST101232,2023-07-06,Female,41,Miami,Usa,Direct,Premium
CUST102661,2024-02-12,Male,34,Houston,Usa,Direct,Mainstream
CUST102817,2024-03-09,Male,29,Dallas,Usa,Direct,Budget
CUST106422,2025-10-04,Male,39,Atlanta,Usa,Paid Search,Mainstream
CUST106883,2025-12-14,Male,43,Portland,Usa,Email,Mainstream
CUST104153,2024-09-29,Female,58,Miami,Usa,Paid Search,Mainstream
CUST105688,2025-06-02,Male,35,Chicago,Usa,Social Media,Budget
CUST103061,2024-04-19,Female,21,Dallas,Usa,Organic Search,Mainstream
CUST106010,2025-07-23,Male,49,Chicago,Usa,Referral,Budget
CUST106959,2025-12-23,Male,27,Vancouver,Canada,Social Media,Mainstream
CUST101735,2023-09-25,Male,44,Houston,Usa,Paid Search,Budget
CUST102823,2024-03-10,Female,60,New York,Usa,Social Media,Premium
CUST106193,2025-08-22,Female,40,Houston,Usa,Social Media,Premium
CUST104812,2025-01-17,Female,55,Phoenix,Usa,Social Media,Budget
CUST102475,2024-01-10,Female,19,Dallas,Usa,Paid Search,Budget
CUST102564,2024-01-26,Female,34,New York,Usa,Paid Search,Mainstream
CUST105922,2025-07-12,Male,43,Unknown,Usa,Email,Mainstream
CUST105434,2025-04-25,Male,38,Seattle,Usa,Organic Search,Budget
CUST100707,2023-04-21,Female,53,Toronto,Canada,Organic Search,Premium
CUST103046,2024-04-17,Female,44,Houston,Usa,Organic Search,Budget
CUST106001,2025-07-22,Male,41,Nashville,Usa,Social Media,Mainstream
CUST105364,2025-04-14,Female,21,Los Angeles,Usa,Social Media,Budget
CUST100072,2023-01-12,Female,35,Miami,Usa,Referral,Mainstream
CUST104448,2024-11-16,Female,18,Miami,Usa,Direct,Mainstream
CUST106576,2025-10-23,Female,42,Houston,Usa,Affiliate,Budget
CUST101190,2023-06-30,Female,28,Austin,Usa,Affiliate,Budget
CUST102601,2024-02-03,Female,28,Phoenix,Usa,Email,Mainstream
CUST101125,2023-06-20,Male,47,Denver,Usa,Email,Premium
CUST101241,2023-07-09,Female,53,Phoenix,Usa,Direct,Mainstream
CUST106297,2025-09-11,Female,41,Houston,Usa,Organic Search,Mainstream
CUST105802,2025-06-23,Female,28,Montreal,Canada,Email,Budget
CUST103351,2024-05-29,Female,53,Denver,Usa,Email,Mainstream
CUST104008,2024-09-06,Male,29,Chicago,Usa,Social Media,Mainstream
CUST101577,2023-08-30,Female,32,Atlanta,Usa,Paid Search,Mainstream
CUST103906,2024-08-21,Male,39,San Diego,Usa,Paid Search,Budget
CUST103729,2024-07-28,Other/Undisclosed,33,Montreal,Canada,Email,Budget
CUST104358,2024-11-01,Male,31,Vancouver,Canada,Affiliate,Mainstream
CUST101343,2023-07-24,Female,37,Toronto,Canada,Direct,Mainstream
CUST100440,2023-03-12,Female,37,Los Angeles,Usa,Email,Premium
CUST101100,2023-06-18,Male,30,Vancouver,Canada,Paid Search,Budget
CUST102637,2024-02-09,Female,29,Portland,Usa,Paid Search,Mainstream
CUST104947,2025-02-11,Male,18,New York,Usa,Social Media,Budget
CUST100649,2023-04-14,Female,48,Phoenix,Usa,Affiliate,Mainstream
CUST101546,2023-08-24,Female,32,Chicago,Usa,Paid Search,Budget
CUST105343,2025-04-12,Male,44,Nashville,Usa,Organic Search,Mainstream
CUST105363,2025-04-14,Male,47,Miami,Usa,Direct,Budget
CUST102852,2024-03-16,Male,43,Atlanta,Usa,Direct,Premium
CUST103503,2024-06-24,Female,38,Portland,Usa,Affiliate,Premium
CUST105059,2025-03-01,Male,38,Austin,Usa,Social Media,Budget
CUST100630,2023-04-11,Male,18,San Diego,Usa,Organic Search,Premium
CUST101249,2023-07-10,Female,56,Seattle,Usa,Organic Search,Mainstream
CUST104800,2025-01-15,Male,43,Portland,Usa,Paid Search,Budget
CUST100482,2023-03-18,Male,22,Vancouver,Canada,Direct,Budget
CUST101584,2023-08-31,Male,47,Boston,Usa,Social Media,Budget
CUST104676,2024-12-24,Male,35,Denver,Usa,Paid Search,Mainstream
CUST101462,2023-08-09,Female,39,Los Angeles,Usa,Organic Search,Budget
CUST103040,2024-04-15,Male,18,Chicago,Usa,Direct,Mainstream
CUST105404,2025-04-20,Male,28,Houston,Usa,Referral,Mainstream
CUST103273,2024-05-18,Other/Undisclosed,39,Denver,Usa,Social Media,Budget
CUST103683,2024-07-22,Female,40,Los Angeles,Usa,Paid Search,Mainstream
CUST104145,2024-09-28,Female,22,Miami,Usa,Email,Mainstream
CUST106361,2025-09-25,Female,52,Miami,Usa,Email,Mainstream
CUST103225,2024-05-10,Female,39,Miami,Usa,Affiliate,Budget
CUST101072,2023-06-14,Female,28,Miami,Usa,Email,Budget
CUST102631,2024-02-09,Male,51,Nashville,Usa,Referral,Mainstream
CUST101660,2023-09-14,Other/Undisclosed,35,Houston,Usa,Organic Search,Mainstream
CUST102425,2024-01-04,Female,40,Denver,Usa,Affiliate,Budget
CUST105928,2025-07-12,Male,42,Los Angeles,Usa,Organic Search,Mainstream
CUST105338,2025-04-11,Female,47,San Diego,Usa,Direct,Budget
CUST103097,2024-04-23,Female,20,Montreal,Canada,Email,Mainstream
CUST103976,2024-08-31,Female,35,Seattle,Usa,Social Media,Mainstream
CUST106291,2025-09-10,Female,54,Minneapolis,Usa,Social Media,Mainstream
CUST106673,2025-11-09,Female,29,Dallas,Usa,Social Media,Budget
CUST104991,2025-02-18,Male,51,Boston,Usa,Paid Search,Premium
CUST105572,2025-05-17,Male,41,New York,Usa,Email,Mainstream
CUST101408,2023-08-02,Male,31,Austin,Usa,Email,Premium
CUST101845,2023-10-10,Female,21,Phoenix,Usa,Paid Search,Budget
CUST101798,2023-10-03,Female,36,Vancouver,Canada,Referral,Premium
CUST103957,2024-08-29,Male,19,Los Angeles,Usa,Social Media,Budget
CUST101475,2023-08-10,Female,29,Austin,Usa,Direct,Mainstream
CUST100035,2023-01-06,Male,46,Atlanta,Usa,Direct,Budget
CUST100444,2023-03-13,Female,25,Chicago,Usa,Direct,Mainstream
CUST102359,2023-12-26,Female,53,Minneapolis,Usa,Organic Search,Budget
CUST103654,2024-07-18,Male,46,Atlanta,Usa,Paid Search,Mainstream
CUST103179,2024-05-05,Female,38,San Diego,Usa,Organic Search,Budget
CUST101286,2023-07-14,Female,49,Phoenix,Usa,Paid Search,Budget
CUST105205,2025-03-23,Female,50,Denver,Usa,Direct,Mainstream
CUST104445,2024-11-15,Female,47,Toronto,Canada,Direct,Budget
CUST103416,2024-06-07,Female,39,Nashville,Usa,Paid Search,Budget
CUST102137,2023-11-24,Male,18,Minneapolis,Usa,Social Media,Mainstream
CUST102636,2024-02-09,Male,36,Nashville,Usa,Direct,Budget
CUST104016,2024-09-07,Male,18,Nashville,Usa,Paid Search,Mainstream
CUST106794,2025-11-28,Female,27,Miami,Usa,Email,Budget
CUST101681,2023-09-17,Female,38,Dallas,Usa,Social Media,Mainstream
CUST105112,2025-03-10,Male,33,Vancouver,Canada,Affiliate,Budget
CUST101692,2023-09-18,Female,42,Chicago,Usa,Paid Search,Budget
CUST105715,2025-06-08,Male,39,Seattle,Usa,Referral,Premium
CUST105599,2025-05-21,Other/Undisclosed,43,Portland,Usa,Organic Search,Mainstream
CUST103635,2024-07-14,Male,42,Miami,Usa,Paid Search,Mainstream
CUST100372,2023-03-02,Female,47,New York,Usa,Paid Search,Budget
CUST105398,2025-04-18,Female,37,Dallas,Usa,Social Media,Premium
CUST106659,2025-11-06,Male,19,San Diego,Usa,Paid Search,Budget
CUST100140,2023-01-25,Female,40,San Diego,Usa,Paid Search,Premium
CUST104419,2024-11-10,Female,40,Seattle,Usa,Email,Premium
CUST106548,2025-10-20,Other/Undisclosed,48,Nashville,Usa,Organic Search,Premium
CUST105780,2025-06-20,Male,45,Miami,Usa,Organic Search,Mainstream
CUST100714,2023-04-22,Male,18,Houston,Usa,Referral,Mainstream
CUST103188,2024-05-06,Female,46,Denver,Usa,Email,Mainstream
CUST106206,2025-08-24,Male,23,Vancouver,Canada,Paid Search,Mainstream
CUST104431,2024-11-11,Female,48,Portland,Usa,Social Media,Mainstream
CUST104914,2025-02-05,Female,25,Atlanta,Usa,Referral,Budget
CUST100406,2023-03-07,Male,18,Minneapolis,Usa,Organic Search,Premium
CUST100020,2023-01-04,Female,27,Seattle,Usa,Paid Search,Mainstream
CUST101004,2023-06-03,Female,38,New York,Usa,Direct,Budget
CUST102411,2024-01-01,Female,34,Los Angeles,Usa,Direct,Budget
CUST102545,2024-01-22,Female,28,Chicago,Usa,Social Media,Premium
CUST102390,2023-12-29,Other/Undisclosed,36,Houston,Usa,Social Media,Mainstream
CUST105648,2025-05-27,Female,30,Dallas,Usa,Paid Search,Mainstream
CUST100042,2023-01-06,Male,33,Austin,Usa,Direct,Budget
CUST102830,2024-03-11,Female,44,Chicago,Usa,Email,Budget
CUST103371,2024-06-01,Male,35,Denver,Usa,Social Media,Budget
CUST103022,2024-04-11,Female,44,Atlanta,Usa,Social Media,Mainstream
CUST103364,2024-05-31,Female,40,Seattle,Usa,Direct,Budget
CUST104399,2024-11-07,Female,56,Los Angeles,Usa,Organic Search,Mainstream
CUST100011,2023-01-02,Male,29,Minneapolis,Usa,Email,Premium
CUST104760,2025-01-09,Female,41,Atlanta,Usa,Social Media,Premium
CUST101177,2023-06-28,Female,35,Boston,Usa,Social Media,Premium
CUST101947,2023-10-27,Female,32,Minneapolis,Usa,Social Media,Budget
CUST102501,2024-01-14,Female,43,Miami,Usa,Paid Search,Budget
CUST102863,2024-03-17,Female,41,Nashville,Usa,Email,Premium
CUST103865,2024-08-14,Female,39,San Diego,Usa,Organic Search,Budget
CUST101026,2023-06-06,Male,25,Dallas,Usa,Paid Search,Mainstream
CUST103848,2024-08-13,Female,18,San Diego,Usa,Direct,Mainstream
CUST102989,2024-04-05,Other/Undisclosed,36,Houston,Usa,Social Media,Budget
CUST100961,2023-05-28,Female,25,Seattle,Usa,Paid Search,Mainstream
CUST102889,2024-03-22,Female,23,New York,Usa,Referral,Mainstream
CUST103015,2024-04-10,Female,38,San Diego,Usa,Paid Search,Budget
CUST103338,2024-05-27,Other/Undisclosed,37,Portland,Usa,Affiliate,Budget
CUST104960,2025-02-14,Male,31,Austin,Usa,Referral,Mainstream
CUST100735,2023-04-25,Female,19,Unknown,Canada,Social Media,Budget
CUST104400,2024-11-07,Female,33,Vancouver,Canada,Social Media,Budget
CUST101440,2023-08-06,Male,35,Los Angeles,Usa,Organic Search,Mainstream
CUST102875,2024-03-19,Female,43,Austin,Usa,Direct,Mainstream
CUST103986,2024-09-01,Female,32,Atlanta,Usa,Paid Search,Mainstream
CUST100916,2023-05-22,Female,45,San Diego,Usa,Organic Search,Mainstream
CUST106481,2025-10-12,Female,55,Houston,Usa,Organic Search,Mainstream
CUST105484,2025-05-03,Male,32,Vancouver,Canada,Social Media,Premium
CUST104089,2024-09-17,Female,23,Boston,Usa,Social Media,Mainstream
CUST106494,2025-10-13,Female,31,Seattle,Usa,Paid Search,Budget
CUST105492,2025-05-04,Female,30,Seattle,Usa,Paid Search,Budget
CUST102772,2024-03-03,Male,20,Austin,Usa,Email,Mainstream
CUST101624,2023-09-06,Female,18,Boston,Usa,Direct,Budget
CUST105574,2025-05-18,Male,36,Austin,Usa,Referral,Premium
CUST100821,2023-05-08,Female,39,Vancouver,Canada,Referral,Mainstream
CUST101367,2023-07-27,Female,47,Dallas,Usa,Social Media,Budget
CUST103712,2024-07-26,Male,18,Miami,Usa,Social Media,Mainstream
CUST106316,2025-09-15,Female,36,New York,Usa,Social Media,Budget
CUST100850,2023-05-12,Female,36,San Diego,Usa,Email,Budget
CUST101000,2023-06-03,Female,32,Denver,Usa,Paid Search,Mainstream
CUST105221,2025-03-26,Female,40,Phoenix,Usa,Social Media,Mainstream
CUST104114,2024-09-22,Female,59,Dallas,Usa,Email,Mainstream
CUST101637,2023-09-09,Female,26,Seattle,Usa,Referral,Premium
CUST101667,2023-09-15,Male,34,Austin,Usa,Referral,Budget
CUST104589,2024-12-12,Female,29,Chicago,Usa,Email,Mainstream
CUST103173,2024-05-04,Female,18,Seattle,Usa,Direct,Budget
CUST106259,2025-09-04,Female,38,Phoenix,Usa,Organic Search,Budget
CUST101347,2023-07-25,Male,29,Denver,Usa,Paid Search,Mainstream
CUST105489,2025-05-04,Female,57,Boston,Usa,Direct,Mainstream
CUST103230,2024-05-11,Male,49,Nashville,Usa,Direct,Budget
CUST104939,2025-02-10,Female,36,Dallas,Usa,Organic Search,Budget
CUST105400,2025-04-19,Female,23,Austin,Usa,Email,Mainstream
CUST104783,2025-01-12,Female,45,Los Angeles,Usa,Paid Search,Premium
CUST103232,2024-05-12,Male,34,Nashville,Usa,Email,Premium
CUST105753,2025-06-15,Male,35,Austin,Usa,Email,Mainstream
CUST100703,2023-04-21,Male,18,Phoenix,Usa,Email,Premium
CUST105604,2025-05-22,Male,51,Minneapolis,Usa,Email,Budget
CUST103291,2024-05-21,Female,29,Portland,Usa,Affiliate,Budget
CUST103673,2024-07-20,Male,41,Boston,Usa,Paid Search,Budget
CUST102408,2024-01-01,Female,60,Denver,Usa,Affiliate,Budget
CUST101327,2023-07-21,Female,44,Denver,Usa,Paid Search,Budget
CUST106543,2025-10-19,Male,45,Los Angeles,Usa,Direct,Budget
CUST105853,2025-07-01,Male,44,Austin,Usa,Email,Budget
CUST104440,2024-11-14,Female,36,Denver,Usa,Social Media,Mainstream
CUST105876,2025-07-04,Other/Undisclosed,20,Phoenix,Usa,Social Media,Budget
CUST100986,2023-06-01,Male,32,San Diego,Usa,Social Media,Mainstream
CUST105583,2025-05-19,Female,22,Austin,Usa,Referral,Budget
CUST106378,2025-09-27,Female,30,Denver,Usa,Organic Search,Mainstream
CUST106047,2025-07-29,Male,18,New York,Usa,Email,Budget
CUST105823,2025-06-26,Male,34,Miami,Usa,Organic Search,Mainstream
CUST104049,2024-09-11,Female,53,Chicago,Usa,Paid Search,Mainstream
CUST103485,2024-06-21,Male,38,San Diego,Usa,Paid Search,Budget
CUST102474,2024-01-10,Other/Undisclosed,19,Austin,Usa,Referral,Budget
CUST103873,2024-08-16,Male,29,New York,Usa,Social Media,Mainstream
CUST101198,2023-07-01,Female,33,Portland,Usa,Paid Search,Budget
CUST104181,2024-10-05,Male,37,Seattle,Usa,Organic Search,Budget
CUST101518,2023-08-18,Male,23,Montreal,Canada,Direct,Premium
CUST105831,2025-06-27,Female,49,Chicago,Usa,Email,Budget
CUST101799,2023-10-03,Female,46,San Diego,Usa,Organic Search,Mainstream
CUST101014,2023-06-05,Female,45,San Diego,Usa,Paid Search,Budget
CUST100128,2023-01-23,Male,28,Miami,Usa,Organic Search,Budget
CUST101364,2023-07-26,Male,34,Houston,Usa,Organic Search,Budget
CUST105405,2025-04-20,Female,42,Minneapolis,Usa,Direct,Mainstream
CUST104470,2024-11-20,Male,51,Seattle,Usa,Paid Search,Premium
CUST100891,2023-05-19,Male,20,Portland,Usa,Paid Search,Mainstream
CUST102793,2024-03-06,Other/Undisclosed,18,Unknown,Usa,Email,Budget
CUST105905,2025-07-09,Male,35,San Diego,Usa,Organic Search,Mainstream
CUST104403,2024-11-08,Male,40,New York,Usa,Affiliate,Mainstream
CUST106695,2025-11-13,Male,41,Nashville,Usa,Paid Search,Mainstream
CUST106094,2025-08-05,Female,33,Minneapolis,Usa,Direct,Budget
CUST103249,2024-05-14,Male,28,Boston,Usa,Social Media,Budget
CUST101208,2023-07-03,Female,23,Minneapolis,Usa,Organic Search,Budget
CUST103868,2024-08-15,Male,31,Phoenix,Usa,Social Media,Budget
CUST106980,2025-12-27,Other/Undisclosed,29,Atlanta,Usa,Social Media,Mainstream
CUST104065,2024-09-13,Male,45,Toronto,Canada,Organic Search,Mainstream
CUST106669,2025-11-08,Female,38,Phoenix,Usa,Paid Search,Mainstream
CUST101239,2023-07-08,Male,35,Minneapolis,Usa,Paid Search,Mainstream
CUST102289,2023-12-16,Female,26,Phoenix,Usa,Organic Search,Budget
CUST102740,2024-02-26,Male,33,San Diego,Usa,Social Media,Premium
CUST100275,2023-02-14,Female,54,Toronto,Canada,Organic Search,Mainstream
CUST104585,2024-12-11,Male,18,Seattle,Usa,Referral,Premium
CUST101035,2023-06-07,Female,22,Nashville,Usa,Organic Search,Budget
CUST101229,2023-07-06,Female,23,Calgary,Canada,Paid Search,Budget
CUST101008,2023-06-03,Male,45,Nashville,Usa,Referral,Mainstream
CUST103828,2024-08-10,Female,32,Vancouver,Canada,Affiliate,Mainstream
CUST102532,2024-01-20,Female,30,Miami,Usa,Referral,Budget
CUST104293,2024-10-22,Female,31,San Diego,Usa,Social Media,Mainstream
CUST101058,2023-06-12,Female,34,Houston,Usa,Paid Search,Premium
CUST105213,2025-03-25,Male,55,Dallas,Usa,Paid Search,Budget
CUST100281,2023-02-15,Male,31,Houston,Usa,Affiliate,Budget
CUST101043,2023-06-10,Female,44,Vancouver,Canada,Paid Search,Mainstream
CUST101316,2023-07-19,Female,64,Boston,Usa,Organic Search,Budget
CUST100968,2023-05-29,Other/Undisclosed,36,Denver,Usa,Affiliate,Budget
CUST102381,2023-12-28,Female,18,Denver,Usa,Paid Search,Budget
CUST105610,2025-05-23,Other/Undisclosed,49,Calgary,Canada,Organic Search,Budget
CUST101939,2023-10-26,Female,42,Houston,Usa,Social Media,Mainstream
CUST105045,2025-02-27,Female,41,Boston,Usa,Paid Search,Mainstream
CUST101274,2023-07-13,Female,29,Calgary,Canada,Organic Search,Budget
CUST100619,2023-04-10,Female,36,Minneapolis,Usa,Paid Search,Budget
CUST105106,2025-03-09,Female,48,Phoenix,Usa,Organic Search,Budget
CUST101742,2023-09-25,Female,20,Seattle,Usa,Referral,Premium
CUST101390,2023-07-30,Female,22,Chicago,Usa,Email,Mainstream
CUST105978,2025-07-20,Female,36,Los Angeles,Usa,Social Media,Budget
CUST101579,2023-08-31,Male,18,Seattle,Usa,Direct,Mainstream
CUST101655,2023-09-12,Female,18,New York,Usa,Organic Search,Mainstream
CUST103568,2024-07-04,Female,47,Denver,Usa,Direct,Budget
CUST102352,2023-12-25,Female,37,Minneapolis,Usa,Social Media,Mainstream
CUST102212,2023-12-04,Other/Undisclosed,43,Denver,Usa,Email,Budget
CUST106993,2025-12-29,Female,31,Chicago,Usa,Direct,Mainstream
CUST103178,2024-05-05,Female,18,Vancouver,Canada,Paid Search,Budget
CUST103192,2024-05-07,Male,36,Nashville,Usa,Email,Budget
CUST101307,2023-07-18,Male,32,Denver,Usa,Paid Search,Mainstream
CUST100575,2023-04-03,Female,25,Phoenix,Usa,Paid Search,Mainstream
CUST102360,2023-12-26,Male,28,New York,Usa,Social Media,Budget
CUST101280,2023-07-13,Female,23,Denver,Usa,Paid Search,Budget
CUST105720,2025-06-08,Other/Undisclosed,45,Miami,Usa,Social Media,Budget
CUST104957,2025-02-13,Male,29,Denver,Usa,Paid Search,Mainstream
CUST105820,2025-06-25,Male,18,Los Angeles,Usa,Social Media,Budget
CUST101993,2023-11-04,Female,43,San Diego,Usa,Organic Search,Budget
CUST102639,2024-02-09,Female,40,Portland,Usa,Social Media,Mainstream
CUST100269,2023-02-13,Male,29,Seattle,Usa,Social Media,Mainstream
CUST100629,2023-04-11,Male,30,Montreal,Canada,Social Media,Mainstream
CUST105204,2025-03-23,Female,51,Chicago,Usa,Paid Search,Budget
CUST103081,2024-04-21,Male,42,Austin,Usa,Affiliate,Mainstream
CUST103466,2024-06-18,Female,33,Toronto,Canada,Direct,Budget
CUST106138,2025-08-13,Male,18,Minneapolis,Usa,Referral,Budget
CUST104396,2024-11-07,Male,27,Chicago,Usa,Organic Search,Mainstream
CUST104023,2024-09-08,Female,55,Portland,Usa,Email,Premium
CUST106661,2025-11-06,Male,34,Atlanta,Usa,Email,Mainstream
CUST102046,2023-11-12,Other/Undisclosed,53,Calgary,Canada,Affiliate,Budget
CUST104356,2024-11-01,Female,25,Chicago,Usa,Affiliate,Budget
CUST105521,2025-05-08,Other/Undisclosed,29,Phoenix,Usa,Organic Search,Budget
CUST102113,2023-11-21,Male,20,Nashville,Usa,Organic Search,Mainstream
CUST100027,2023-01-05,Female,50,Nashville,Usa,Organic Search,Budget
CUST102040,2023-11-10,Other/Undisclosed,45,Denver,Usa,Social Media,Mainstream
CUST103928,2024-08-24,Male,53,Miami,Usa,Referral,Mainstream
CUST106354,2025-09-23,Female,18,Houston,Usa,Referral,Premium
CUST103216,2024-05-09,Male,40,Chicago,Usa,Paid Search,Mainstream
CUST106549,2025-10-20,Male,53,Dallas,Usa,Direct,Mainstream
CUST103814,2024-08-07,Female,39,Austin,Usa,Paid Search,Budget
CUST100129,2023-01-23,Female,18,Dallas,Usa,Email,Mainstream
CUST105659,2025-05-28,Female,43,Atlanta,Usa,Affiliate,Mainstream
CUST106903,2025-12-16,Male,39,Phoenix,Usa,Social Media,Budget
CUST104599,2024-12-13,Male,33,Seattle,Usa,Paid Search,Budget
CUST100013,2023-01-03,Other/Undisclosed,30,Minneapolis,Usa,Organic Search,Budget
CUST106032,2025-07-26,Other/Undisclosed,24,Phoenix,Usa,Organic Search,Budget
CUST104476,2024-11-21,Male,54,Vancouver,Canada,Social Media,Budget
CUST101525,2023-08-19,Male,43,Toronto,Canada,Paid Search,Mainstream
CUST102365,2023-12-27,Female,57,Calgary,Canada,Paid Search,Budget
CUST104648,2024-12-20,Male,30,Minneapolis,Usa,Referral,Budget
CUST103052,2024-04-17,Male,44,New York,Usa,Organic Search,Budget
CUST104005,2024-09-05,Male,32,Portland,Usa,Social Media,Mainstream
CUST102340,2023-12-23,Female,27,Minneapolis,Usa,Affiliate,Budget
CUST100374,2023-03-02,Other/Undisclosed,19,Los Angeles,Usa,Social Media,Budget
CUST106079,2025-08-03,Female,32,San Diego,Usa,Organic Search,Mainstream
CUST106043,2025-07-28,Female,35,San Diego,Usa,Paid Search,Budget
CUST100939,2023-05-25,Female,35,Nashville,Usa,Social Media,Budget
CUST106730,2025-11-18,Female,56,Toronto,Canada,Referral,Mainstream
CUST104573,2024-12-09,Female,47,Phoenix,Usa,Organic Search,Budget
CUST102147,2023-11-25,Female,37,Portland,Usa,Referral,Mainstream
CUST103591,2024-07-07,Male,29,Montreal,Canada,Social Media,Premium
CUST105557,2025-05-14,Other/Undisclosed,30,Phoenix,Usa,Social Media,Mainstream
CUST106382,2025-09-28,Male,30,San Diego,Usa,Organic Search,Premium
CUST105913,2025-07-10,Other/Undisclosed,34,Atlanta,Usa,Social Media,Mainstream
CUST103623,2024-07-11,Male,51,Seattle,Usa,Email,Premium
CUST100529,2023-03-25,Male,31,Miami,Usa,Social Media,Budget
CUST103714,2024-07-26,Male,53,Austin,Usa,Paid Search,Budget
CUST104732,2025-01-05,Male,34,Boston,Usa,Email,Mainstream
CUST101269,2023-07-12,Male,49,Phoenix,Usa,Direct,Premium
CUST104281,2024-10-21,Female,36,Phoenix,Usa,Affiliate,Premium
CUST101394,2023-07-30,Male,41,Houston,Usa,Organic Search,Mainstream
CUST104850,2025-01-24,Male,45,Chicago,Usa,Social Media,Budget
CUST104009,2024-09-06,Male,22,Minneapolis,Usa,Referral,Budget
CUST104390,2024-11-06,Female,31,New York,Usa,Social Media,Premium
CUST101797,2023-10-03,Female,18,Houston,Usa,Affiliate,Premium
CUST102979,2024-04-03,Female,39,Atlanta,Usa,Email,Mainstream
CUST101441,2023-08-06,Female,38,Nashville,Usa,Email,Premium
CUST105900,2025-07-08,Male,20,Dallas,Usa,Email,Mainstream
CUST106852,2025-12-09,Male,37,Boston,Usa,Paid Search,Premium
CUST103811,2024-08-07,Female,18,Phoenix,Usa,Organic Search,Budget
CUST101273,2023-07-13,Female,40,Phoenix,Usa,Social Media,Budget
CUST104703,2024-12-30,Male,22,Los Angeles,Usa,Social Media,Premium
CUST101712,2023-09-21,Other/Undisclosed,37,Chicago,Usa,Organic Search,Budget
CUST100955,2023-05-27,Female,60,Los Angeles,Usa,Organic Search,Mainstream
CUST105202,2025-03-23,Female,21,Chicago,Usa,Organic Search,Mainstream
CUST105983,2025-07-20,Male,38,San Diego,Usa,Direct,Budget
CUST106215,2025-08-27,Female,33,Miami,Usa,Referral,Budget
CUST106553,2025-10-21,Female,33,Houston,Usa,Direct,Mainstream
CUST100403,2023-03-06,Female,38,Boston,Usa,Organic Search,Mainstream
CUST102071,2023-11-14,Female,38,New York,Usa,Affiliate,Budget
CUST106679,2025-11-09,Male,37,Denver,Usa,Direct,Mainstream
CUST101977,2023-10-31,Female,30,Los Angeles,Usa,Email,Budget
CUST100158,2023-01-27,Male,18,Denver,Usa,Organic Search,Budget
CUST103888,2024-08-18,Female,32,Seattle,Usa,Direct,Budget
CUST100902,2023-05-20,Female,46,Miami,Usa,Paid Search,Premium
CUST100352,2023-02-26,Female,34,Austin,Usa,Affiliate,Mainstream
CUST104540,2024-12-02,Female,36,Atlanta,Usa,Social Media,Mainstream
CUST104130,2024-09-26,Female,26,Austin,Usa,Paid Search,Mainstream
CUST100754,2023-04-27,Male,46,Portland,Usa,Paid Search,Budget
CUST102971,2024-04-02,Male,21,San Diego,Usa,Affiliate,Budget
CUST102920,2024-03-26,Female,39,Phoenix,Usa,Paid Search,Mainstream
CUST100311,2023-02-20,Female,23,Calgary,Canada,Referral,Budget
CUST104644,2024-12-19,Male,23,Miami,Usa,Affiliate,Premium
CUST100661,2023-04-15,Female,36,Denver,Usa,Paid Search,Premium
CUST101989,2023-11-03,Male,31,Seattle,Usa,Organic Search,Mainstream
CUST103665,2024-07-19,Female,39,Calgary,Canada,Paid Search,Mainstream
CUST100306,2023-02-19,Male,44,Portland,Usa,Referral,Mainstream
CUST102335,2023-12-22,Female,51,New York,Usa,Referral,Mainstream
CUST104790,2025-01-13,Male,38,Boston,Usa,Organic Search,Mainstream
CUST102356,2023-12-26,Male,35,Miami,Usa,Email,Premium
CUST103702,2024-07-25,Female,34,Chicago,Usa,Organic Search,Mainstream
CUST103804,2024-08-06,Female,36,Minneapolis,Usa,Social Media,Mainstream
CUST101927,2023-10-24,Male,52,Phoenix,Usa,Paid Search,Budget
CUST106982,2025-12-28,Male,47,Calgary,Canada,Direct,Budget
CUST103427,2024-06-09,Male,34,San Diego,Usa,Paid Search,Budget
CUST100749,2023-04-27,Male,30,Unknown,Canada,Organic Search,Mainstream
CUST103638,2024-07-15,Male,22,Portland,Usa,Email,Mainstream
CUST106120,2025-08-10,Female,39,Seattle,Usa,Organic Search,Budget
CUST101266,2023-07-12,Male,27,Boston,Usa,Affiliate,Premium
CUST106189,2025-08-22,Female,41,Boston,Usa,Paid Search,Premium
CUST106213,2025-08-26,Male,47,Toronto,Canada,Referral,Premium
CUST103595,2024-07-07,Female,40,New York,Usa,Email,Mainstream
CUST102134,2023-11-24,Female,43,San Diego,Usa,Organic Search,Budget
CUST105066,2025-03-02,Male,49,Chicago,Usa,Paid Search,Premium
CUST104109,2024-09-21,Male,32,Chicago,Usa,Paid Search,Premium
CUST104969,2025-02-15,Female,26,Los Angeles,Usa,Social Media,Premium
CUST104904,2025-02-04,Male,24,Nashville,Usa,Organic Search,Premium
CUST100514,2023-03-23,Male,36,Seattle,Usa,Referral,Budget
CUST106285,2025-09-09,Male,32,Montreal,Canada,Referral,Budget
CUST100409,2023-03-07,Male,27,Miami,Usa,Paid Search,Mainstream
CUST105243,2025-03-29,Male,47,San Diego,Usa,Organic Search,Mainstream
CUST106955,2025-12-23,Male,33,Unknown,Usa,Paid Search,Budget
CUST106093,2025-08-05,Male,23,Seattle,Usa,Social Media,Premium
CUST100207,2023-02-04,Male,64,Minneapolis,Usa,Email,Budget
CUST100458,2023-03-15,Female,37,Chicago,Usa,Paid Search,Mainstream
CUST102054,2023-11-12,Male,40,San Diego,Usa,Paid Search,Mainstream
CUST102430,2024-01-04,Other/Undisclosed,33,Portland,Usa,Organic Search,Mainstream
CUST100250,2023-02-10,Female,48,Denver,Usa,Social Media,Budget
CUST106005,2025-07-22,Male,27,Minneapolis,Usa,Paid Search,Budget
CUST101107,2023-06-18,Female,19,Toronto,Canada,Direct,Budget
CUST105703,2025-06-04,Female,35,Miami,Usa,Email,Mainstream
CUST101713,2023-09-21,Male,38,Portland,Usa,Social Media,Budget
CUST103911,2024-08-22,Male,49,Houston,Usa,Social Media,Mainstream
CUST100715,2023-04-22,Female,47,Nashville,Usa,Organic Search,Mainstream
CUST100552,2023-03-30,Female,37,Los Angeles,Usa,Organic Search,Mainstream
CUST101439,2023-08-06,Female,43,Seattle,Usa,Organic Search,Premium
CUST102270,2023-12-13,Male,38,Miami,Usa,Direct,Budget
CUST103144,2024-05-01,Male,18,Denver,Usa,Social Media,Mainstream
CUST106712,2025-11-16,Female,20,Portland,Usa,Organic Search,Mainstream
CUST101925,2023-10-24,Male,42,Vancouver,Canada,Paid Search,Mainstream
CUST100634,2023-04-12,Female,34,Austin,Usa,Email,Budget
CUST100316,2023-02-21,Female,37,Seattle,Usa,Social Media,Mainstream
CUST106602,2025-10-26,Male,37,Minneapolis,Usa,Referral,Mainstream
CUST100427,2023-03-09,Male,30,Houston,Usa,Direct,Budget
CUST105214,2025-03-25,Female,40,Austin,Usa,Email,Premium
CUST100105,2023-01-18,Female,26,Unknown,Canada,Paid Search,Premium
CUST103041,2024-04-16,Female,45,Houston,Usa,Social Media,Mainstream
CUST104238,2024-10-13,Female,46,Nashville,Usa,Affiliate,Budget
CUST102169,2023-11-27,Male,24,Phoenix,Usa,Organic Search,Budget
CUST101709,2023-09-21,Female,43,Phoenix,Usa,Email,Mainstream
CUST100089,2023-01-14,Female,25,Atlanta,Usa,Social Media,Mainstream
CUST102241,2023-12-09,Male,18,Austin,Usa,Email,Budget
CUST103174,2024-05-04,Male,41,Atlanta,Usa,Direct,Mainstream
CUST105246,2025-03-29,Male,46,Boston,Usa,Paid Search,Premium
CUST101949,2023-10-28,Female,33,Denver,Usa,Social Media,Budget
CUST104044,2024-09-10,Female,57,Dallas,Usa,Email,Budget
CUST102848,2024-03-15,Female,53,Nashville,Usa,Paid Search,Mainstream
CUST100001,2023-01-01,Male,44,Toronto,Canada,Email,Budget
CUST104337,2024-10-30,Male,38,Boston,Usa,Paid Search,Budget
CUST100935,2023-05-25,Male,23,Austin,Usa,Social Media,Budget
CUST106020,2025-07-24,Male,31,Nashville,Usa,Paid Search,Mainstream
CUST102720,2024-02-22,Female,32,Portland,Usa,Organic Search,Mainstream
CUST100591,2023-04-06,Male,38,Montreal,Canada,Email,Mainstream
CUST105273,2025-04-02,Male,41,Miami,Usa,Paid Search,Mainstream
CUST102936,2024-03-29,Female,35,Calgary,Canada,Affiliate,Mainstream
CUST102448,2024-01-07,Female,53,Dallas,Usa,Affiliate,Premium
CUST101576,2023-08-30,Female,34,Los Angeles,Usa,Referral,Premium
CUST105872,2025-07-04,Male,21,Miami,Usa,Paid Search,Budget
CUST100213,2023-02-05,Male,39,Miami,Usa,Direct,Premium
CUST100778,2023-05-01,Female,51,Phoenix,Usa,Organic Search,Premium
CUST103496,2024-06-23,Male,49,Atlanta,Usa,Direct,Mainstream
CUST105516,2025-05-07,Male,27,Atlanta,Usa,Organic Search,Mainstream
CUST102043,2023-11-11,Male,37,Seattle,Usa,Affiliate,Premium
CUST106934,2025-12-20,Female,18,Chicago,Usa,Social Media,Mainstream
CUST101567,2023-08-28,Female,32,Calgary,Canada,Direct,Mainstream
CUST100165,2023-01-28,Female,23,Austin,Usa,Paid Search,Budget
CUST104702,2024-12-29,Female,29,Denver,Usa,Direct,Premium
CUST103566,2024-07-04,Male,52,Toronto,Canada,Social Media,Premium
CUST105381,2025-04-16,Male,58,San Diego,Usa,Direct,Premium
CUST106684,2025-11-10,Female,46,Boston,Usa,Organic Search,Budget
CUST102013,2023-11-07,Female,33,Boston,Usa,Organic Search,Budget
CUST100273,2023-02-14,Male,48,New York,Usa,Organic Search,Budget
CUST103860,2024-08-14,Female,34,Minneapolis,Usa,Paid Search,Budget
CUST104167,2024-10-02,Female,28,Denver,Usa,Paid Search,Budget
CUST103788,2024-08-04,Male,39,Phoenix,Usa,Organic Search,Mainstream
CUST100394,2023-03-05,Male,45,Phoenix,Usa,Social Media,Premium
CUST100583,2023-04-05,Female,30,Phoenix,Usa,Social Media,Budget
CUST106518,2025-10-16,Female,46,Boston,Usa,Direct,Budget
CUST105781,2025-06-20,Other/Undisclosed,29,Montreal,Canada,Paid Search,Mainstream
CUST106723,2025-11-17,Male,58,Dallas,Usa,Paid Search,Premium
CUST100520,2023-03-24,Female,21,Miami,Usa,Paid Search,Budget
CUST101763,2023-09-28,Male,38,Houston,Usa,Direct,Mainstream
CUST101875,2023-10-15,Male,38,Toronto,Canada,Organic Search,Mainstream
CUST103965,2024-08-30,Female,18,Phoenix,Usa,Paid Search,Mainstream
CUST103344,2024-05-28,Male,48,Los Angeles,Usa,Organic Search,Mainstream
CUST102253,2023-12-11,Male,54,Portland,Usa,Direct,Mainstream
CUST103224,2024-05-10,Female,42,Chicago,Usa,Paid Search,Mainstream
CUST100526,2023-03-25,Male,18,Dallas,Usa,Email,Mainstream
CUST102946,2024-03-30,Male,32,New York,Usa,Affiliate,Premium
CUST104473,2024-11-21,Female,40,Austin,Usa,Affiliate,Budget
CUST103899,2024-08-20,Male,33,Phoenix,Usa,Affiliate,Mainstream
CUST100692,2023-04-19,Female,36,Phoenix,Usa,Direct,Premium
CUST106644,2025-11-04,Female,35,Minneapolis,Usa,Social Media,Mainstream
CUST104444,2024-11-15,Male,42,Chicago,Usa,Organic Search,Budget
CUST103633,2024-07-14,Female,32,Seattle,Usa,Social Media,Mainstream
CUST101050,2023-06-11,Female,29,Dallas,Usa,Direct,Mainstream
CUST100590,2023-04-06,Female,39,Portland,Usa,Organic Search,Mainstream
CUST100519,2023-03-24,Male,30,New York,Usa,Organic Search,Premium
CUST103380,2024-06-03,Female,47,Atlanta,Usa,Paid Search,Mainstream
CUST103676,2024-07-21,Female,43,Los Angeles,Usa,Email,Budget
CUST106258,2025-09-04,Female,23,Phoenix,Usa,Organic Search,Mainstream
CUST105179,2025-03-19,Male,34,Toronto,Canada,Social Media,Premium
CUST101607,2023-09-04,Female,42,Austin,Usa,Organic Search,Budget
CUST103610,2024-07-09,Male,18,Dallas,Usa,Email,Mainstream
CUST106709,2025-11-16,Female,39,Montreal,Canada,Social Media,Premium
CUST101809,2023-10-05,Female,19,Toronto,Canada,Organic Search,Mainstream
CUST100791,2023-05-03,Female,48,Houston,Usa,Social Media,Premium
CUST100792,2023-05-03,Female,38,Miami,Usa,Social Media,Mainstream
CUST105784,2025-06-20,Female,42,Austin,Usa,Direct,Premium
CUST101855,2023-10-11,Male,40,Boston,Usa,Paid Search,Mainstream
CUST101980,2023-11-01,Female,37,Los Angeles,Usa,Direct,Budget
CUST103233,2024-05-12,Male,39,Boston,Usa,Referral,Budget
CUST103598,2024-07-07,Female,37,Boston,Usa,Paid Search,Budget
CUST100933,2023-05-24,Female,18,Austin,Usa,Organic Search,Premium
CUST103963,2024-08-30,Male,18,Nashville,Usa,Email,Budget
CUST105223,2025-03-26,Male,37,Miami,Usa,Affiliate,Budget
CUST106788,2025-11-27,Female,30,Denver,Usa,Social Media,Budget
CUST104179,2024-10-04,Other/Undisclosed,48,Los Angeles,Usa,Organic Search,Mainstream
CUST104026,2024-09-08,Male,22,Nashville,Usa,Social Media,Mainstream
CUST106224,2025-08-28,Male,37,Montreal,Canada,Referral,Mainstream
CUST104116,2024-09-23,Female,26,Houston,Usa,Paid Search,Budget
CUST100988,2023-06-01,Female,18,Denver,Usa,Social Media,Budget
CUST105420,2025-04-23,Female,46,Phoenix,Usa,Organic Search,Premium
CUST103453,2024-06-13,Male,21,Houston,Usa,Social Media,Budget
CUST106421,2025-10-04,Female,55,Denver,Usa,Referral,Premium
CUST103778,2024-08-04,Male,18,Miami,Usa,Paid Search,Mainstream
CUST105901,2025-07-08,Male,50,Portland,Usa,Email,Mainstream
CUST103093,2024-04-23,Male,46,Atlanta,Usa,Direct,Premium
CUST103155,2024-05-02,Female,18,San Diego,Usa,Email,Budget
CUST105069,2025-03-03,Male,48,Dallas,Usa,Direct,Mainstream
CUST103201,2024-05-08,Male,37,New York,Usa,Social Media,Budget
CUST105674,2025-05-31,Male,36,Austin,Usa,Paid Search,Budget
CUST101098,2023-06-18,Female,43,Houston,Usa,Social Media,Mainstream
CUST105841,2025-06-29,Female,31,Chicago,Usa,Organic Search,Premium
CUST102844,2024-03-14,Female,18,Houston,Usa,Paid Search,Mainstream
CUST100886,2023-05-18,Female,54,Phoenix,Usa,Referral,Mainstream
CUST106940,2025-12-21,Female,39,Houston,Usa,Referral,Premium
CUST106840,2025-12-06,Male,48,Chicago,Usa,Direct,Mainstream
CUST100515,2023-03-23,Female,52,Minneapolis,Usa,Direct,Mainstream
CUST106488,2025-10-12,Female,63,San Diego,Usa,Email,Budget
CUST104833,2025-01-21,Male,46,Houston,Usa,Direct,Budget
CUST101453,2023-08-07,Other/Undisclosed,35,Atlanta,Usa,Email,Mainstream
CUST103553,2024-06-30,Female,30,Atlanta,Usa,Email,Mainstream
CUST103609,2024-07-09,Female,45,Portland,Usa,Organic Search,Mainstream
CUST104665,2024-12-22,Male,39,San Diego,Usa,Referral,Premium
CUST102506,2024-01-15,Male,35,New York,Usa,Direct,Premium
CUST102994,2024-04-06,Male,23,Miami,Usa,Email,Mainstream
CUST103999,2024-09-04,Female,51,Los Angeles,Usa,Direct,Premium
CUST106663,2025-11-06,Female,35,Toronto,Canada,Direct,Mainstream
CUST100906,2023-05-21,Male,48,Seattle,Usa,Organic Search,Mainstream
CUST100028,2023-01-05,Male,37,Minneapolis,Usa,Referral,Budget
CUST106034,2025-07-26,Male,44,Miami,Usa,Organic Search,Mainstream
CUST102507,2024-01-15,Male,30,Phoenix,Usa,Organic Search,Mainstream
CUST102428,2024-01-04,Male,18,Seattle,Usa,Paid Search,Mainstream
CUST105043,2025-02-27,Other/Undisclosed,34,Vancouver,Canada,Organic Search,Mainstream
CUST100762,2023-04-28,Female,48,Seattle,Usa,Organic Search,Mainstream
CUST103747,2024-07-30,Female,35,Phoenix,Usa,Affiliate,Budget
CUST104811,2025-01-17,Female,31,Miami,Usa,Email,Budget
CUST100284,2023-02-15,Female,21,Toronto,Canada,Social Media,Mainstream
CUST100686,2023-04-18,Female,39,Dallas,Usa,Social Media,Mainstream
CUST106498,2025-10-14,Female,36,Boston,Usa,Email,Budget
CUST102353,2023-12-25,Female,37,Nashville,Usa,Social Media,Mainstream
CUST105657,2025-05-28,Female,33,San Diego,Usa,Paid Search,Budget
CUST106220,2025-08-28,Male,45,Calgary,Canada,Social Media,Budget
CUST100021,2023-01-04,Male,18,Vancouver,Canada,Social Media,Mainstream
CUST102752,2024-02-29,Female,26,New York,Usa,Paid Search,Budget
CUST100885,2023-05-18,Male,40,Miami,Usa,Paid Search,Premium
CUST100917,2023-05-22,Female,19,Vancouver,Canada,Paid Search,Mainstream
CUST101040,2023-06-09,Female,27,New York,Usa,Email,Premium
CUST105577,2025-05-18,Male,43,Los Angeles,Usa,Paid Search,Premium
CUST101265,2023-07-11,Female,44,Austin,Usa,Social Media,Mainstream
CUST104579,2024-12-10,Other/Undisclosed,31,Austin,Usa,Organic Search,Budget
CUST106087,2025-08-04,Female,36,Nashville,Usa,Organic Search,Budget
CUST100277,2023-02-14,Female,37,Nashville,Usa,Organic Search,Budget
CUST105084,2025-03-05,Male,36,Denver,Usa,Email,Premium
CUST102084,2023-11-16,Male,20,Denver,Usa,Social Media,Budget
CUST101245,2023-07-09,Female,34,Austin,Usa,Social Media,Budget
CUST102382,2023-12-29,Male,31,Chicago,Usa,Organic Search,Mainstream
CUST100571,2023-04-03,Male,50,Miami,Usa,Referral,Budget
CUST101435,2023-08-05,Female,48,Portland,Usa,Referral,Budget
CUST103902,2024-08-20,Female,36,Austin,Usa,Organic Search,Premium
CUST105089,2025-03-06,Male,26,Boston,Usa,Paid Search,Budget
CUST101247,2023-07-09,Male,40,Phoenix,Usa,Affiliate,Budget
CUST104681,2024-12-26,Male,26,Denver,Usa,Affiliate,Mainstream
CUST103526,2024-06-27,Male,28,Boston,Usa,Organic Search,Budget
CUST102514,2024-01-17,Female,33,Dallas,Usa,Direct,Budget
CUST101007,2023-06-03,Female,34,San Diego,Usa,Social Media,Mainstream
CUST104770,2025-01-11,Female,24,New York,Usa,Paid Search,Mainstream
CUST104543,2024-12-02,Female,40,Los Angeles,Usa,Social Media,Budget
CUST105292,2025-04-04,Female,18,Miami,Usa,Affiliate,Premium
CUST106092,2025-08-05,Male,28,Toronto,Canada,Email,Premium
CUST102064,2023-11-14,Male,36,Denver,Usa,Affiliate,Budget
CUST105551,2025-05-13,Male,26,Austin,Usa,Organic Search,Mainstream
CUST101690,2023-09-18,Male,36,Portland,Usa,Paid Search,Premium
CUST106071,2025-08-01,Male,36,Minneapolis,Usa,Social Media,Mainstream
CUST101985,2023-11-02,Male,35,Seattle,Usa,Direct,Budget
CUST100294,2023-02-17,Male,41,San Diego,Usa,Organic Search,Budget
CUST101547,2023-08-24,Male,38,Austin,Usa,Organic Search,Premium
CUST102012,2023-11-07,Female,37,Los Angeles,Usa,Paid Search,Mainstream
CUST100588,2023-04-05,Female,23,Austin,Usa,Referral,Budget
CUST103329,2024-05-27,Male,29,Los Angeles,Usa,Social Media,Mainstream
CUST102403,2024-01-01,Male,52,Nashville,Usa,Email,Budget
CUST102129,2023-11-24,Female,49,Calgary,Canada,Social Media,Premium
CUST103998,2024-09-04,Male,20,Denver,Usa,Organic Search,Mainstream
CUST106155,2025-08-16,Male,48,Austin,Usa,Social Media,Mainstream
CUST103741,2024-07-30,Female,34,New York,Usa,Paid Search,Mainstream
CUST103508,2024-06-25,Female,41,Seattle,Usa,Paid Search,Mainstream
CUST102719,2024-02-22,Female,40,New York,Usa,Social Media,Premium
CUST104521,2024-11-29,Female,41,New York,Usa,Paid Search,Budget
CUST105150,2025-03-15,Female,38,Chicago,Usa,Paid Search,Budget
CUST106404,2025-10-02,Male,25,Calgary,Canada,Social Media,Mainstream
CUST106411,2025-10-03,Male,25,Atlanta,Usa,Paid Search,Mainstream
CUST100556,2023-03-30,Female,59,Atlanta,Usa,Social Media,Mainstream
CUST104795,2025-01-14,Female,39,Austin,Usa,Affiliate,Budget
CUST102469,2024-01-10,Male,57,Austin,Usa,Email,Budget
CUST103738,2024-07-29,Female,41,Los Angeles,Usa,Affiliate,Mainstream
CUST104286,2024-10-21,Male,33,Chicago,Usa,Organic Search,Premium
CUST105790,2025-06-22,Female,26,Montreal,Canada,Organic Search,Mainstream
CUST105289,2025-04-04,Male,34,Vancouver,Canada,Organic Search,Mainstream
CUST101716,2023-09-22,Female,48,New York,Usa,Organic Search,Budget
CUST102604,2024-02-04,Female,24,New York,Usa,Social Media,Premium
CUST106586,2025-10-24,Male,58,Phoenix,Usa,Email,Mainstream
CUST101704,2023-09-20,Female,20,Boston,Usa,Organic Search,Budget
CUST102139,2023-11-24,Male,19,Phoenix,Usa,Organic Search,Premium
CUST103239,2024-05-12,Female,41,Los Angeles,Usa,Organic Search,Budget
CUST102383,2023-12-29,Male,33,Austin,Usa,Organic Search,Mainstream
CUST104311,2024-10-26,Male,26,Chicago,Usa,Direct,Mainstream
CUST101285,2023-07-14,Male,50,Denver,Usa,Organic Search,Mainstream
CUST106174,2025-08-20,Female,59,Boston,Usa,Affiliate,Mainstream
CUST106281,2025-09-09,Female,19,Miami,Usa,Paid Search,Mainstream
CUST103930,2024-08-25,Male,29,Phoenix,Usa,Organic Search,Premium
CUST105317,2025-04-08,Male,31,Nashville,Usa,Referral,Budget
CUST101591,2023-09-01,Male,38,Boston,Usa,Direct,Budget
CUST106227,2025-08-29,Female,18,Atlanta,Usa,Social Media,Mainstream
CUST102162,2023-11-27,Female,35,Minneapolis,Usa,Organic Search,Mainstream
CUST102396,2023-12-30,Female,36,Houston,Usa,Organic Search,Premium
CUST100317,2023-02-21,Female,19,Houston,Usa,Affiliate,Premium
CUST106309,2025-09-15,Male,37,Minneapolis,Usa,Email,Mainstream
CUST103111,2024-04-26,Female,51,Vancouver,Canada,Organic Search,Budget
CUST105233,2025-03-27,Female,30,Austin,Usa,Organic Search,Mainstream
CUST105617,2025-05-24,Male,33,Vancouver,Canada,Paid Search,Premium
CUST106827,2025-12-04,Female,31,Chicago,Usa,Referral,Budget
CUST104036,2024-09-09,Female,49,Montreal,Canada,Email,Budget
CUST100795,2023-05-03,Female,37,Chicago,Usa,Email,Mainstream
CUST103020,2024-04-11,Other/Undisclosed,18,Seattle,Usa,Email,Mainstream
CUST101711,2023-09-21,Female,36,Seattle,Usa,Paid Search,Premium
CUST103387,2024-06-04,Female,31,Phoenix,Usa,Affiliate,Mainstream
CUST100036,2023-01-06,Female,33,Toronto,Canada,Paid Search,Budget
CUST104549,2024-12-04,Male,22,Seattle,Usa,Paid Search,Premium
CUST100913,2023-05-21,Female,48,Denver,Usa,Direct,Budget
CUST105295,2025-04-04,Male,30,Atlanta,Usa,Paid Search,Mainstream
CUST103972,2024-08-31,Female,31,New York,Usa,Social Media,Premium
CUST104133,2024-09-26,Male,32,Nashville,Usa,Paid Search,Mainstream
CUST100974,2023-05-30,Female,37,Portland,Usa,Paid Search,Budget
CUST100983,2023-06-01,Female,32,Toronto,Canada,Direct,Premium
CUST105743,2025-06-13,Female,36,Miami,Usa,Social Media,Premium
CUST101418,2023-08-03,Male,35,Minneapolis,Usa,Paid Search,Premium
CUST101560,2023-08-26,Female,52,Miami,Usa,Paid Search,Mainstream
CUST104135,2024-09-26,Female,22,Portland,Usa,Paid Search,Mainstream
CUST105606,2025-05-22,Female,35,Phoenix,Usa,Affiliate,Mainstream
CUST104265,2024-10-17,Female,34,Portland,Usa,Social Media,Mainstream
CUST101355,2023-07-25,Male,56,Seattle,Usa,Email,Mainstream
CUST106581,2025-10-24,Female,56,Unknown,Usa,Social Media,Mainstream
CUST106666,2025-11-08,Male,51,Austin,Usa,Paid Search,Mainstream
CUST100987,2023-06-01,Female,30,San Diego,Usa,Direct,Budget
CUST102682,2024-02-17,Male,18,Portland,Usa,Organic Search,Budget
CUST105047,2025-02-27,Female,35,San Diego,Usa,Affiliate,Mainstream
CUST101640,2023-09-10,Male,36,Atlanta,Usa,Affiliate,Budget
CUST101290,2023-07-15,Female,44,Dallas,Usa,Affiliate,Mainstream
CUST103681,2024-07-22,Female,51,New York,Usa,Organic Search,Mainstream
CUST101380,2023-07-28,Female,18,Toronto,Canada,Social Media,Mainstream
CUST101933,2023-10-24,Female,50,Seattle,Usa,Affiliate,Mainstream
CUST104675,2024-12-24,Male,27,Atlanta,Usa,Social Media,Premium
CUST106380,2025-09-27,Female,28,Austin,Usa,Organic Search,Mainstream
CUST103160,2024-05-03,Female,36,Portland,Usa,Social Media,Budget
CUST102030,2023-11-09,Female,18,Denver,Usa,Referral,Mainstream
CUST100892,2023-05-19,Female,30,Montreal,Canada,Direct,Mainstream
CUST104876,2025-01-29,Male,23,New York,Usa,Paid Search,Budget
CUST104069,2024-09-14,Other/Undisclosed,28,Los Angeles,Usa,Social Media,Mainstream
CUST104255,2024-10-16,Male,29,Toronto,Canada,Paid Search,Mainstream
CUST100002,2023-01-01,Female,27,Minneapolis,Usa,Organic Search,Budget
CUST102109,2023-11-20,Male,21,Portland,Usa,Affiliate,Mainstream
CUST100849,2023-05-12,Male,42,New York,Usa,Affiliate,Mainstream
CUST102737,2024-02-26,Male,42,Denver,Usa,Social Media,Budget
CUST102466,2024-01-09,Male,43,Dallas,Usa,Paid Search,Budget
CUST101914,2023-10-22,Male,18,Dallas,Usa,Organic Search,Budget
CUST101596,2023-09-02,Male,38,New York,Usa,Referral,Mainstream
CUST101913,2023-10-22,Female,45,Los Angeles,Usa,Direct,Mainstream
CUST105139,2025-03-14,Female,34,Portland,Usa,Social Media,Mainstream
CUST106620,2025-10-31,Female,36,Montreal,Canada,Email,Premium
CUST102736,2024-02-25,Female,48,Los Angeles,Usa,Social Media,Budget
CUST100726,2023-04-24,Male,25,Chicago,Usa,Organic Search,Mainstream
CUST100053,2023-01-08,Female,34,Denver,Usa,Organic Search,Mainstream
CUST101796,2023-10-02,Other/Undisclosed,54,Denver,Usa,Organic Search,Premium
CUST103845,2024-08-12,Female,26,Houston,Usa,Social Media,Mainstream
CUST102553,2024-01-24,Female,32,Denver,Usa,Paid Search,Mainstream
CUST102800,2024-03-07,Female,38,New York,Usa,Paid Search,Mainstream
CUST100936,2023-05-25,Male,49,Phoenix,Usa,Direct,Mainstream
CUST105799,2025-06-23,Female,18,Montreal,Canada,Social Media,Mainstream
CUST100824,2023-05-09,Female,44,Atlanta,Usa,Organic Search,Mainstream
CUST104321,2024-10-27,Male,34,Dallas,Usa,Paid Search,Premium
CUST103401,2024-06-05,Female,34,San Diego,Usa,Paid Search,Budget
CUST101389,2023-07-30,Other/Undisclosed,36,Denver,Usa,Paid Search,Budget
CUST103564,2024-07-03,Female,57,Houston,Usa,Direct,Budget
CUST100884,2023-05-17,Male,34,Atlanta,Usa,Social Media,Mainstream
CUST104867,2025-01-27,Male,22,New York,Usa,Paid Search,Mainstream
CUST101868,2023-10-14,Male,36,New York,Usa,Organic Search,Premium
CUST105181,2025-03-20,Male,33,Montreal,Canada,Direct,Premium
CUST100010,2023-01-02,Male,40,Calgary,Canada,Paid Search,Mainstream
CUST103415,2024-06-07,Male,25,Calgary,Canada,Paid Search,Premium
CUST101463,2023-08-09,Female,22,Montreal,Canada,Affiliate,Mainstream
CUST100806,2023-05-05,Female,39,Boston,Usa,Direct,Budget
CUST105527,2025-05-10,Male,24,Calgary,Canada,Direct,Budget
CUST104068,2024-09-14,Male,45,Miami,Usa,Direct,Premium
CUST102108,2023-11-20,Female,42,Dallas,Usa,Paid Search,Budget
CUST105936,2025-07-14,Female,18,Austin,Usa,Social Media,Mainstream
CUST106973,2025-12-26,Male,38,Phoenix,Usa,Referral,Budget
CUST102234,2023-12-08,Female,28,Chicago,Usa,Organic Search,Budget
CUST100963,2023-05-28,Other/Undisclosed,32,Vancouver,Canada,Social Media,Mainstream
CUST104494,2024-11-25,Female,29,Dallas,Usa,Email,Mainstream
CUST102632,2024-02-09,Male,57,Miami,Usa,Referral,Premium
CUST100704,2023-04-21,Male,33,New York,Usa,Social Media,Budget
CUST100431,2023-03-11,Male,22,New York,Usa,Organic Search,Premium
CUST104388,2024-11-06,Male,39,Miami,Usa,Email,Mainstream
CUST100145,2023-01-25,Male,33,San Diego,Usa,Organic Search,Mainstream
CUST102033,2023-11-09,Female,28,Austin,Usa,Referral,Premium
CUST105902,2025-07-08,Female,40,San Diego,Usa,Social Media,Budget
CUST101165,2023-06-27,Female,52,Seattle,Usa,Direct,Budget
CUST103500,2024-06-23,Male,38,Phoenix,Usa,Affiliate,Budget
CUST102050,2023-11-12,Female,38,New York,Usa,Paid Search,Budget
CUST103760,2024-08-01,Male,34,New York,Usa,Organic Search,Budget
CUST102624,2024-02-07,Female,53,Phoenix,Usa,Direct,Mainstream
CUST104484,2024-11-23,Male,24,Houston,Usa,Organic Search,Mainstream
CUST104435,2024-11-13,Female,45,Nashville,Usa,Direct,Mainstream
CUST105601,2025-05-21,Female,48,Chicago,Usa,Affiliate,Premium
CUST105447,2025-04-26,Male,28,Unknown,Usa,Paid Search,Mainstream
CUST104361,2024-11-02,Female,23,Atlanta,Usa,Organic Search,Mainstream
CUST102424,2024-01-04,Male,31,Seattle,Usa,Paid Search,Budget
CUST101262,2023-07-11,Male,50,Portland,Usa,Paid Search,Mainstream
CUST101771,2023-09-29,Male,22,Portland,Usa,Organic Search,Mainstream
CUST103511,2024-06-25,Other/Undisclosed,47,Minneapolis,Usa,Organic Search,Mainstream
CUST100271,2023-02-13,Other/Undisclosed,37,Chicago,Usa,Paid Search,Budget
CUST104792,2025-01-14,Female,35,Portland,Usa,Referral,Mainstream
CUST100244,2023-02-09,Female,33,Miami,Usa,Social Media,Mainstream
CUST106820,2025-12-03,Male,48,Seattle,Usa,Organic Search,Premium
CUST104572,2024-12-09,Female,21,New York,Usa,Paid Search,Premium
CUST102032,2023-11-09,Female,56,New York,Usa,Social Media,Mainstream
CUST106480,2025-10-11,Female,48,Phoenix,Usa,Referral,Mainstream
CUST105556,2025-05-14,Male,20,San Diego,Usa,Organic Search,Mainstream
CUST100813,2023-05-07,Male,39,Seattle,Usa,Direct,Mainstream
CUST103810,2024-08-07,Female,31,Dallas,Usa,Social Media,Mainstream
CUST106979,2025-12-27,Male,33,Phoenix,Usa,Organic Search,Mainstream
CUST105709,2025-06-06,Male,33,Minneapolis,Usa,Paid Search,Premium
CUST101804,2023-10-05,Female,23,Nashville,Usa,Referral,Budget
CUST105974,2025-07-19,Female,31,Dallas,Usa,Organic Search,Mainstream
CUST104346,2024-10-31,Female,35,Toronto,Canada,Email,Budget
CUST102461,2024-01-08,Female,46,Seattle,Usa,Social Media,Mainstream
CUST100545,2023-03-29,Female,30,Atlanta,Usa,Social Media,Budget
CUST103241,2024-05-13,Female,44,Dallas,Usa,Affiliate,Mainstream
CUST100738,2023-04-25,Female,41,Phoenix,Usa,Paid Search,Premium
CUST100310,2023-02-20,Male,55,Dallas,Usa,Referral,Premium
CUST103521,2024-06-26,Other/Undisclosed,28,Nashville,Usa,Direct,Mainstream
CUST101131,2023-06-21,Female,46,Austin,Usa,Paid Search,Budget
CUST106924,2025-12-19,Male,32,Portland,Usa,Affiliate,Budget
CUST104111,2024-09-21,Male,35,Seattle,Usa,Paid Search,Mainstream
CUST102769,2024-03-03,Female,25,Los Angeles,Usa,Paid Search,Budget
CUST100920,2023-05-22,Female,42,Seattle,Usa,Social Media,Premium
CUST103587,2024-07-06,Female,24,Chicago,Usa,Referral,Premium
CUST103959,2024-08-30,Male,32,Miami,Usa,Referral,Mainstream
CUST100038,2023-01-06,Female,42,Miami,Usa,Organic Search,Mainstream
CUST104459,2024-11-17,Male,23,Denver,Usa,Email,Mainstream
CUST104278,2024-10-20,Female,36,Phoenix,Usa,Social Media,Budget
CUST102983,2024-04-04,Male,32,Boston,Usa,Referral,Mainstream
CUST105290,2025-04-04,Male,49,New York,Usa,Affiliate,Mainstream
CUST105217,2025-03-25,Female,18,Portland,Usa,Direct,Mainstream
CUST102667,2024-02-14,Female,29,Dallas,Usa,Organic Search,Premium
CUST103223,2024-05-10,Female,33,Austin,Usa,Social Media,Budget
CUST101182,2023-06-29,Male,36,Seattle,Usa,Email,Budget
CUST106379,2025-09-27,Female,33,Nashville,Usa,Social Media,Budget
CUST100614,2023-04-09,Male,21,Minneapolis,Usa,Direct,Premium
CUST106904,2025-12-16,Female,49,Dallas,Usa,Paid Search,Budget
CUST101466,2023-08-09,Female,25,Boston,Usa,Social Media,Mainstream
CUST104497,2024-11-25,Female,25,Boston,Usa,Referral,Mainstream
CUST103042,2024-04-16,Male,29,Minneapolis,Usa,Affiliate,Mainstream
CUST100934,2023-05-24,Male,29,Chicago,Usa,Organic Search,Mainstream
CUST102419,2024-01-03,Female,47,Montreal,Canada,Social Media,Budget
CUST105085,2025-03-05,Female,20,Atlanta,Usa,Social Media,Premium
CUST106343,2025-09-21,Male,42,Phoenix,Usa,Affiliate,Mainstream
CUST105697,2025-06-03,Female,30,Dallas,Usa,Email,Premium
CUST104822,2025-01-19,Female,29,Dallas,Usa,Organic Search,Budget
CUST100826,2023-05-09,Female,35,Vancouver,Canada,Direct,Mainstream
CUST101521,2023-08-19,Male,36,Toronto,Canada,Referral,Budget
CUST102930,2024-03-28,Female,43,Dallas,Usa,Affiliate,Budget
CUST104232,2024-10-12,Female,53,Montreal,Canada,Social Media,Premium
CUST100628,2023-04-11,Male,33,Chicago,Usa,Affiliate,Mainstream
CUST104430,2024-11-11,Female,33,Montreal,Canada,Paid Search,Premium
CUST103853,2024-08-13,Male,52,Minneapolis,Usa,Direct,Mainstream
CUST100390,2023-03-04,Female,29,Los Angeles,Usa,Organic Search,Premium
CUST104345,2024-10-31,Female,47,Atlanta,Usa,Direct,Mainstream
CUST106854,2025-12-09,Female,53,Chicago,Usa,Affiliate,Mainstream
CUST103990,2024-09-02,Male,40,Portland,Usa,Organic Search,Mainstream
CUST100400,2023-03-06,Female,57,Austin,Usa,Email,Budget
CUST104806,2025-01-16,Male,50,Phoenix,Usa,Paid Search,Mainstream
CUST105135,2025-03-14,Female,46,Boston,Usa,Organic Search,Mainstream
CUST105680,2025-06-01,Female,35,Dallas,Usa,Social Media,Premium
CUST103359,2024-05-31,Female,21,Atlanta,Usa,Direct,Mainstream
CUST100046,2023-01-08,Female,29,Los Angeles,Usa,Affiliate,Premium
CUST106744,2025-11-20,Female,44,Toronto,Canada,Referral,Mainstream
CUST106929,2025-12-20,Male,29,San Diego,Usa,Organic Search,Mainstream
CUST103642,2024-07-16,Male,39,Vancouver,Canada,Email,Mainstream
CUST103726,2024-07-28,Female,20,Boston,Usa,Affiliate,Mainstream
CUST106436,2025-10-06,Female,41,Boston,Usa,Email,Mainstream
CUST105208,2025-03-24,Female,22,Chicago,Usa,Paid Search,Mainstream
CUST105319,2025-04-08,Male,18,Miami,Usa,Referral,Mainstream
CUST106824,2025-12-04,Female,48,Austin,Usa,Email,Mainstream
CUST102421,2024-01-03,Female,23,Dallas,Usa,Direct,Budget
CUST101750,2023-09-26,Female,46,Dallas,Usa,Paid Search,Budget
CUST106797,2025-11-28,Female,32,Vancouver,Canada,Organic Search,Mainstream
CUST105760,2025-06-16,Other/Undisclosed,36,Houston,Usa,Social Media,Premium
CUST104062,2024-09-13,Female,65,Denver,Usa,Email,Premium
CUST100338,2023-02-24,Male,27,Atlanta,Usa,Paid Search,Mainstream
CUST100215,2023-02-05,Male,48,Chicago,Usa,Referral,Mainstream
CUST103663,2024-07-19,Male,26,Portland,Usa,Paid Search,Mainstream
CUST101341,2023-07-24,Female,46,Denver,Usa,Social Media,Mainstream
CUST106429,2025-10-05,Female,18,Dallas,Usa,Social Media,Budget
CUST103894,2024-08-19,Male,36,San Diego,Usa,Organic Search,Premium
CUST103640,2024-07-15,Female,34,Austin,Usa,Direct,Mainstream
CUST100329,2023-02-23,Male,26,Calgary,Canada,Affiliate,Budget
CUST106822,2025-12-03,Female,27,Phoenix,Usa,Email,Mainstream
CUST103004,2024-04-08,Male,30,New York,Usa,Referral,Mainstream
CUST106713,2025-11-16,Male,50,Austin,Usa,Paid Search,Mainstream
CUST103115,2024-04-26,Female,46,Chicago,Usa,Email,Mainstream
CUST106800,2025-11-29,Female,18,San Diego,Usa,Social Media,Mainstream
CUST102322,2023-12-20,Male,45,Nashville,Usa,Direct,Budget
CUST104197,2024-10-06,Male,35,Denver,Usa,Organic Search,Budget
CUST103549,2024-06-30,Female,28,San Diego,Usa,Paid Search,Budget
CUST101458,2023-08-08,Female,30,Houston,Usa,Referral,Mainstream
CUST100171,2023-01-29,Male,42,Houston,Usa,Paid Search,Mainstream
CUST104203,2024-10-07,Male,27,Montreal,Canada,Direct,Mainstream
CUST105889,2025-07-06,Female,18,Minneapolis,Usa,Paid Search,Mainstream
CUST103569,2024-07-04,Male,26,Atlanta,Usa,Email,Mainstream
CUST104226,2024-10-11,Female,26,Los Angeles,Usa,Referral,Premium
CUST105158,2025-03-17,Male,41,Houston,Usa,Paid Search,Premium
CUST105737,2025-06-12,Male,18,Los Angeles,Usa,Organic Search,Premium
CUST106909,2025-12-17,Female,48,Portland,Usa,Direct,Mainstream
CUST100938,2023-05-25,Female,29,Atlanta,Usa,Paid Search,Mainstream
CUST100060,2023-01-09,Male,36,Atlanta,Usa,Direct,Mainstream
CUST101240,2023-07-09,Female,34,Denver,Usa,Social Media,Premium
CUST105136,2025-03-14,Female,42,Nashville,Usa,Affiliate,Mainstream
CUST106466,2025-10-09,Female,36,Nashville,Usa,Direct,Budget
CUST102120,2023-11-22,Female,43,Vancouver,Canada,Referral,Mainstream
CUST101524,2023-08-19,Male,18,Vancouver,Canada,Organic Search,Mainstream
CUST100153,2023-01-26,Female,30,Minneapolis,Usa,Paid Search,Mainstream
CUST100481,2023-03-17,Female,21,Vancouver,Canada,Social Media,Mainstream
CUST104460,2024-11-17,Female,18,Atlanta,Usa,Social Media,Budget
CUST103920,2024-08-23,Female,34,Unknown,Usa,Affiliate,Premium
CUST101762,2023-09-28,Female,23,Unknown,Usa,Direct,Mainstream
CUST100750,2023-04-27,Female,30,Los Angeles,Usa,Paid Search,Mainstream
CUST101785,2023-10-01,Female,39,Dallas,Usa,Organic Search,Budget
CUST106892,2025-12-15,Male,60,Miami,Usa,Organic Search,Budget
CUST104501,2024-11-25,Male,48,Chicago,Usa,Paid Search,Budget
CUST104853,2025-01-25,Female,18,San Diego,Usa,Paid Search,Mainstream
CUST102711,2024-02-21,Male,40,Austin,Usa,Direct,Mainstream
CUST105682,2025-06-01,Female,31,Phoenix,Usa,Paid Search,Premium
CUST104193,2024-10-06,Female,37,Seattle,Usa,Affiliate,Mainstream
CUST101333,2023-07-22,Male,49,Denver,Usa,Social Media,Mainstream
CUST106257,2025-09-04,Female,36,Los Angeles,Usa,Social Media,Mainstream
CUST102854,2024-03-16,Female,45,Los Angeles,Usa,Paid Search,Mainstream
CUST100186,2023-02-01,Female,35,Vancouver,Canada,Organic Search,Mainstream
CUST101136,2023-06-22,Female,26,Austin,Usa,Direct,Budget
CUST102058,2023-11-13,Male,36,Denver,Usa,Social Media,Budget
CUST105896,2025-07-07,Male,49,San Diego,Usa,Direct,Premium
CUST105891,2025-07-06,Male,33,Chicago,Usa,Paid Search,Budget
CUST100148,2023-01-26,Female,31,Denver,Usa,Social Media,Budget
CUST104124,2024-09-25,Female,23,New York,Usa,Email,Mainstream
CUST104889,2025-02-01,Male,34,Minneapolis,Usa,Email,Mainstream
CUST105692,2025-06-03,Female,45,Dallas,Usa,Social Media,Mainstream
CUST103363,2024-05-31,Female,29,Boston,Usa,Social Media,Premium
CUST104788,2025-01-13,Female,48,Miami,Usa,Paid Search,Premium
CUST102866,2024-03-17,Female,32,Nashville,Usa,Direct,Budget
CUST103776,2024-08-03,Female,24,Portland,Usa,Email,Mainstream
CUST101386,2023-07-30,Female,18,Houston,Usa,Affiliate,Budget
CUST106641,2025-11-03,Male,32,Montreal,Canada,Paid Search,Mainstream
CUST105818,2025-06-25,Male,36,Miami,Usa,Organic Search,Premium
CUST103629,2024-07-13,Female,39,Nashville,Usa,Social Media,Mainstream
CUST106325,2025-09-16,Female,25,Austin,Usa,Affiliate,Budget
CUST104797,2025-01-15,Female,31,Miami,Usa,Direct,Budget
CUST103028,2024-04-13,Female,43,Boston,Usa,Affiliate,Mainstream
CUST102969,2024-04-02,Male,18,Chicago,Usa,Social Media,Mainstream
CUST106112,2025-08-08,Male,52,Miami,Usa,Organic Search,Premium
CUST101708,2023-09-21,Female,39,Miami,Usa,Referral,Premium
CUST102953,2024-03-31,Female,43,Atlanta,Usa,Social Media,Budget
CUST100454,2023-03-14,Female,30,Atlanta,Usa,Organic Search,Mainstream
CUST100609,2023-04-08,Female,43,Austin,Usa,Organic Search,Budget
CUST104263,2024-10-17,Female,59,Los Angeles,Usa,Referral,Mainstream
CUST104826,2025-01-20,Male,29,Phoenix,Usa,Email,Budget
CUST105961,2025-07-17,Female,35,San Diego,Usa,Affiliate,Budget
CUST102074,2023-11-15,Female,35,Calgary,Canada,Paid Search,Mainstream
CUST104052,2024-09-11,Female,36,Dallas,Usa,Paid Search,Budget
CUST105716,2025-06-08,Other/Undisclosed,33,Dallas,Usa,Organic Search,Mainstream
CUST101622,2023-09-06,Female,36,Los Angeles,Usa,Email,Budget
CUST104683,2024-12-26,Female,18,Atlanta,Usa,Paid Search,Budget
CUST105497,2025-05-05,Female,22,Dallas,Usa,Referral,Mainstream
CUST106157,2025-08-16,Female,35,Chicago,Usa,Paid Search,Budget
CUST100040,2023-01-06,Male,23,Boston,Usa,Affiliate,Premium
CUST105475,2025-05-01,Female,33,Portland,Usa,Paid Search,Premium
CUST102089,2023-11-17,Male,37,Nashville,Usa,Email,Mainstream
CUST103924,2024-08-24,Male,24,Denver,Usa,Direct,Premium
CUST102175,2023-11-28,Male,45,San Diego,Usa,Social Media,Mainstream
CUST100074,2023-01-12,Female,41,San Diego,Usa,Social Media,Premium
CUST105627,2025-05-25,Male,35,Miami,Usa,Social Media,Mainstream
CUST106938,2025-12-21,Male,56,Dallas,Usa,Direct,Mainstream
CUST102657,2024-02-12,Female,42,Chicago,Usa,Referral,Premium
CUST103180,2024-05-05,Male,38,Unknown,Usa,Social Media,Mainstream
CUST102076,2023-11-15,Other/Undisclosed,42,Houston,Usa,Direct,Budget
CUST100441,2023-03-12,Female,44,Los Angeles,Usa,Organic Search,Budget
CUST102051,2023-11-12,Female,31,Los Angeles,Usa,Organic Search,Mainstream
CUST102541,2024-01-21,Female,18,San Diego,Usa,Paid Search,Mainstream
CUST101301,2023-07-17,Female,36,Chicago,Usa,Email,Mainstream
CUST103430,2024-06-10,Female,49,San Diego,Usa,Paid Search,Mainstream
CUST101304,2023-07-17,Male,45,Calgary,Canada,Paid Search,Budget
CUST100236,2023-02-08,Female,33,Vancouver,Canada,Direct,Mainstream
CUST105862,2025-07-03,Male,18,Unknown,Usa,Direct,Mainstream
CUST102599,2024-02-03,Female,43,Portland,Usa,Affiliate,Mainstream
CUST104616,2024-12-15,Male,25,Toronto,Canada,Referral,Premium
CUST102573,2024-01-29,Female,18,Atlanta,Usa,Email,Budget
CUST103280,2024-05-20,Female,28,Austin,Usa,Affiliate,Mainstream
CUST103186,2024-05-06,Male,48,Calgary,Canada,Email,Mainstream
CUST103953,2024-08-29,Male,38,Portland,Usa,Referral,Mainstream
CUST102768,2024-03-02,Female,23,New York,Usa,Email,Budget
CUST104831,2025-01-21,Male,35,Miami,Usa,Organic Search,Mainstream
CUST104223,2024-10-11,Female,50,Austin,Usa,Affiliate,Premium
CUST102106,2023-11-20,Female,43,Miami,Usa,Organic Search,Mainstream
CUST102679,2024-02-16,Female,42,Miami,Usa,Organic Search,Premium
CUST102761,2024-03-02,Female,36,Phoenix,Usa,Direct,Premium
CUST104688,2024-12-27,Male,22,Atlanta,Usa,Direct,Mainstream
CUST105399,2025-04-18,Female,32,Portland,Usa,Paid Search,Premium
CUST101387,2023-07-30,Male,24,Phoenix,Usa,Paid Search,Budget
CUST106597,2025-10-26,Other/Undisclosed,36,Montreal,Canada,Paid Search,Budget
CUST106383,2025-09-28,Female,33,Unknown,Usa,Social Media,Mainstream
CUST105653,2025-05-28,Other/Undisclosed,50,Miami,Usa,Email,Budget
CUST106784,2025-11-27,Female,35,Dallas,Usa,Referral,Mainstream
CUST105000,2025-02-19,Female,49,San Diego,Usa,Paid Search,Mainstream
CUST101279,2023-07-13,Male,36,Nashville,Usa,Affiliate,Budget
CUST106273,2025-09-07,Female,44,New York,Usa,Email,Premium
CUST106891,2025-12-14,Male,34,New York,Usa,Email,Premium
CUST101555,2023-08-25,Female,39,Chicago,Usa,Affiliate,Budget
CUST106355,2025-09-23,Female,40,Calgary,Canada,Direct,Premium
CUST103190,2024-05-06,Female,40,San Diego,Usa,Direct,Mainstream
CUST104566,2024-12-07,Female,52,Houston,Usa,Social Media,Mainstream
CUST104802,2025-01-15,Female,37,Atlanta,Usa,Direct,Premium
CUST106592,2025-10-25,Female,52,Nashville,Usa,Direct,Premium
CUST104841,2025-01-23,Male,31,Portland,Usa,Referral,Mainstream
CUST103594,2024-07-07,Male,41,Houston,Usa,Social Media,Budget
CUST101920,2023-10-23,Female,22,Miami,Usa,Affiliate,Budget
CUST100513,2023-03-23,Female,43,Denver,Usa,Organic Search,Premium
CUST104177,2024-10-04,Other/Undisclosed,34,Dallas,Usa,Direct,Mainstream
CUST101308,2023-07-18,Female,42,Chicago,Usa,Social Media,Mainstream
CUST100914,2023-05-22,Female,29,Houston,Usa,Email,Mainstream
CUST103452,2024-06-13,Female,47,Chicago,Usa,Paid Search,Premium
CUST103695,2024-07-24,Male,41,Miami,Usa,Organic Search,Mainstream
CUST104242,2024-10-14,Male,62,Phoenix,Usa,Social Media,Mainstream
CUST103156,2024-05-03,Male,27,Chicago,Usa,Referral,Mainstream
CUST102198,2023-12-03,Male,25,San Diego,Usa,Paid Search,Mainstream
CUST100774,2023-04-30,Female,42,Los Angeles,Usa,Direct,Mainstream
CUST104425,2024-11-10,Female,38,Houston,Usa,Organic Search,Premium
CUST100943,2023-05-25,Male,31,Calgary,Canada,Email,Mainstream
CUST100822,2023-05-08,Male,47,Austin,Usa,Direct,Mainstream
CUST105005,2025-02-20,Female,18,Chicago,Usa,Social Media,Budget
CUST104277,2024-10-20,Male,49,Phoenix,Usa,Paid Search,Budget
CUST100164,2023-01-28,Female,36,Nashville,Usa,Organic Search,Budget
CUST105619,2025-05-24,Male,29,Denver,Usa,Organic Search,Budget
CUST104547,2024-12-03,Other/Undisclosed,31,Phoenix,Usa,Direct,Mainstream
CUST103983,2024-09-01,Male,30,Portland,Usa,Organic Search,Mainstream
CUST102538,2024-01-21,Female,39,Atlanta,Usa,Organic Search,Mainstream
CUST106704,2025-11-15,Male,42,San Diego,Usa,Referral,Premium
CUST101311,2023-07-18,Male,36,Toronto,Canada,Email,Budget
CUST105207,2025-03-24,Female,18,Miami,Usa,Paid Search,Premium
CUST106391,2025-09-29,Female,40,Atlanta,Usa,Organic Search,Budget
CUST105383,2025-04-16,Female,29,Phoenix,Usa,Social Media,Mainstream
CUST106627,2025-11-01,Male,38,Minneapolis,Usa,Paid Search,Mainstream
CUST106523,2025-10-16,Other/Undisclosed,32,San Diego,Usa,Paid Search,Budget
CUST103300,2024-05-22,Female,45,Calgary,Canada,Direct,Premium
CUST103310,2024-05-24,Female,36,Atlanta,Usa,Direct,Premium
CUST100327,2023-02-23,Female,50,Nashville,Usa,Affiliate,Premium
CUST102490,2024-01-12,Female,37,Atlanta,Usa,Organic Search,Premium
CUST106805,2025-11-29,Male,32,Seattle,Usa,Direct,Mainstream
CUST104408,2024-11-08,Female,36,Houston,Usa,Affiliate,Mainstream
CUST100832,2023-05-10,Female,30,Denver,Usa,Social Media,Budget
CUST103079,2024-04-21,Male,22,Chicago,Usa,Email,Mainstream
CUST103462,2024-06-17,Male,26,Chicago,Usa,Paid Search,Premium
CUST105297,2025-04-05,Male,47,Austin,Usa,Paid Search,Mainstream
CUST106158,2025-08-16,Male,43,Nashville,Usa,Organic Search,Premium
CUST100054,2023-01-09,Female,28,Nashville,Usa,Email,Budget
CUST104064,2024-09-13,Female,43,Vancouver,Canada,Organic Search,Budget
CUST103451,2024-06-13,Other/Undisclosed,47,Vancouver,Canada,Direct,Mainstream
CUST101901,2023-10-19,Female,23,Miami,Usa,Paid Search,Mainstream
CUST101481,2023-08-11,Female,54,Chicago,Usa,Direct,Budget
CUST104873,2025-01-28,Female,43,Chicago,Usa,Direct,Mainstream
CUST104895,2025-02-02,Female,42,Dallas,Usa,Paid Search,Premium
CUST104150,2024-09-29,Male,43,Vancouver,Canada,Paid Search,Premium
CUST103335,2024-05-27,Female,27,Boston,Usa,Organic Search,Budget
CUST104926,2025-02-07,Male,40,Phoenix,Usa,Email,Mainstream
CUST100946,2023-05-26,Female,23,Dallas,Usa,Direct,Budget
CUST103293,2024-05-21,Male,30,Atlanta,Usa,Direct,Budget
CUST102161,2023-11-27,Female,35,Portland,Usa,Email,Mainstream
CUST106808,2025-11-30,Male,40,New York,Usa,Organic Search,Budget
CUST105083,2025-03-05,Female,64,Minneapolis,Usa,Social Media,Budget
CUST105954,2025-07-16,Female,20,Seattle,Usa,Social Media,Mainstream
CUST103057,2024-04-19,Female,37,Minneapolis,Usa,Email,Budget
CUST105490,2025-05-04,Male,35,Austin,Usa,Paid Search,Mainstream
CUST100768,2023-04-29,Male,30,Portland,Usa,Social Media,Mainstream
CUST106607,2025-10-27,Male,44,Unknown,Usa,Paid Search,Budget
CUST103495,2024-06-23,Male,51,Nashville,Usa,Affiliate,Budget
CUST100285,2023-02-16,Male,34,Chicago,Usa,Affiliate,Budget
CUST106951,2025-12-22,Male,47,Denver,Usa,Direct,Budget
CUST104524,2024-11-29,Female,25,Denver,Usa,Social Media,Premium
CUST106251,2025-09-03,Male,42,Atlanta,Usa,Paid Search,Mainstream
CUST102332,2023-12-22,Female,50,Unknown,Usa,Affiliate,Mainstream
CUST102717,2024-02-21,Male,19,Denver,Usa,Organic Search,Budget
CUST102079,2023-11-15,Male,38,Seattle,Usa,Paid Search,Budget
CUST103389,2024-06-04,Male,34,San Diego,Usa,Paid Search,Premium
CUST100722,2023-04-23,Female,36,San Diego,Usa,Paid Search,Budget
CUST100951,2023-05-27,Other/Undisclosed,44,Portland,Usa,Email,Mainstream
CUST106127,2025-08-12,Female,43,Boston,Usa,Organic Search,Premium
CUST102262,2023-12-12,Male,43,Vancouver,Canada,Social Media,Mainstream
CUST100989,2023-06-01,Female,43,Calgary,Canada,Paid Search,Mainstream
CUST103212,2024-05-09,Female,19,Houston,Usa,Paid Search,Mainstream
CUST101759,2023-09-27,Female,40,Portland,Usa,Social Media,Budget
CUST105774,2025-06-19,Male,36,Seattle,Usa,Direct,Mainstream
CUST104422,2024-11-10,Male,24,Minneapolis,Usa,Organic Search,Budget
CUST105479,2025-05-02,Male,31,Unknown,Usa,Social Media,Mainstream
CUST101724,2023-09-23,Female,52,New York,Usa,Organic Search,Mainstream
CUST105182,2025-03-20,Male,45,Chicago,Usa,Social Media,Premium
CUST100341,2023-02-25,Male,40,New York,Usa,Organic Search,Premium
CUST103701,2024-07-25,Female,36,San Diego,Usa,Organic Search,Premium
CUST104243,2024-10-14,Male,25,Austin,Usa,Referral,Mainstream
CUST100688,2023-04-19,Female,46,Montreal,Canada,Email,Mainstream
CUST103432,2024-06-10,Male,27,Phoenix,Usa,Social Media,Mainstream
CUST105203,2025-03-23,Female,29,New York,Usa,Paid Search,Mainstream
CUST104944,2025-02-11,Male,51,Austin,Usa,Paid Search,Budget
CUST100966,2023-05-29,Female,18,New York,Usa,Affiliate,Premium
CUST106636,2025-11-02,Male,54,Unknown,Usa,Social Media,Mainstream
CUST106353,2025-09-23,Female,33,Calgary,Canada,Organic Search,Budget
CUST102203,2023-12-03,Male,32,Denver,Usa,Organic Search,Budget
CUST102713,2024-02-21,Male,34,Portland,Usa,Social Media,Budget
CUST104757,2025-01-08,Female,53,Dallas,Usa,Direct,Budget
CUST105098,2025-03-07,Female,27,Houston,Usa,Paid Search,Mainstream
CUST106253,2025-09-03,Female,35,Austin,Usa,Email,Premium
CUST106431,2025-10-05,Male,53,Nashville,Usa,Organic Search,Budget
CUST105280,2025-04-02,Male,25,Miami,Usa,Email,Mainstream
CUST103572,2024-07-04,Female,36,Seattle,Usa,Referral,Budget
CUST104805,2025-01-16,Female,26,Chicago,Usa,Social Media,Premium
CUST105299,2025-04-05,Female,42,Boston,Usa,Paid Search,Budget
CUST101990,2023-11-04,Female,46,Vancouver,Canada,Organic Search,Mainstream
CUST104120,2024-09-24,Female,18,Minneapolis,Usa,Direct,Budget
CUST104759,2025-01-08,Male,47,Los Angeles,Usa,Paid Search,Mainstream
CUST105768,2025-06-18,Male,36,Toronto,Canada,Social Media,Mainstream
CUST105298,2025-04-05,Female,39,Los Angeles,Usa,Email,Budget
CUST106142,2025-08-14,Male,28,New York,Usa,Social Media,Mainstream
CUST104971,2025-02-15,Male,55,Austin,Usa,Organic Search,Mainstream
CUST106660,2025-11-06,Female,39,Houston,Usa,Organic Search,Budget
CUST105034,2025-02-25,Male,31,Minneapolis,Usa,Organic Search,Premium
CUST103600,2024-07-08,Female,21,Seattle,Usa,Organic Search,Mainstream
CUST106416,2025-10-03,Male,18,Miami,Usa,Paid Search,Premium
CUST105796,2025-06-23,Female,35,Nashville,Usa,Organic Search,Mainstream
CUST100385,2023-03-04,Female,26,San Diego,Usa,Social Media,Budget
CUST106133,2025-08-13,Female,43,Calgary,Canada,Social Media,Mainstream
CUST106418,2025-10-03,Female,26,Portland,Usa,Paid Search,Premium
CUST100536,2023-03-27,Female,36,San Diego,Usa,Organic Search,Budget
CUST106557,2025-10-21,Female,44,Houston,Usa,Referral,Premium
CUST105032,2025-02-25,Female,49,Dallas,Usa,Direct,Mainstream
CUST104212,2024-10-09,Female,57,Calgary,Canada,Organic Search,Mainstream
CUST103507,2024-06-25,Female,44,Los Angeles,Usa,Organic Search,Budget
CUST100201,2023-02-03,Female,36,Calgary,Canada,Email,Premium
CUST101332,2023-07-22,Male,75,Dallas,Usa,Organic Search,Mainstream
CUST103502,2024-06-24,Male,42,Portland,Usa,Paid Search,Mainstream
CUST102708,2024-02-20,Female,27,Atlanta,Usa,Organic Search,Budget
CUST105031,2025-02-25,Female,18,Houston,Usa,Paid Search,Premium
CUST104662,2024-12-22,Female,50,Toronto,Canada,Paid Search,Budget
CUST104021,2024-09-08,Female,20,Houston,Usa,Social Media,Premium
CUST101854,2023-10-11,Male,23,Miami,Usa,Affiliate,Mainstream
CUST106282,2025-09-09,Male,19,New York,Usa,Social Media,Mainstream
CUST102872,2024-03-18,Other/Undisclosed,35,Toronto,Canada,Paid Search,Mainstream
CUST103030,2024-04-13,Female,46,Chicago,Usa,Direct,Mainstream
CUST101205,2023-07-02,Female,36,Miami,Usa,Affiliate,Budget
CUST101645,2023-09-11,Male,61,Los Angeles,Usa,Email,Budget
CUST103417,2024-06-07,Male,59,Seattle,Usa,Social Media,Mainstream
CUST103476,2024-06-20,Male,49,Minneapolis,Usa,Direct,Premium
CUST105918,2025-07-11,Female,36,Seattle,Usa,Paid Search,Budget
CUST102861,2024-03-17,Male,26,Los Angeles,Usa,Direct,Mainstream
CUST101792,2023-10-01,Male,37,Portland,Usa,Email,Budget
CUST105526,2025-05-09,Male,48,Toronto,Canada,Direct,Mainstream
CUST103797,2024-08-05,Female,41,Nashville,Usa,Email,Budget
CUST103368,2024-06-01,Male,35,Denver,Usa,Paid Search,Budget
CUST103367,2024-05-31,Female,45,Portland,Usa,Social Media,Budget
CUST103533,2024-06-28,Female,18,Atlanta,Usa,Social Media,Mainstream
CUST106165,2025-08-18,Male,39,Houston,Usa,Paid Search,Mainstream
CUST105109,2025-03-09,Female,28,Phoenix,Usa,Affiliate,Budget
CUST103449,2024-06-12,Male,27,Nashville,Usa,Paid Search,Mainstream
CUST100603,2023-04-08,Female,38,Vancouver,Canada,Social Media,Mainstream
CUST103056,2024-04-18,Male,35,Austin,Usa,Organic Search,Premium
CUST106117,2025-08-09,Female,33,Minneapolis,Usa,Direct,Mainstream
CUST100126,2023-01-23,Male,35,Los Angeles,Usa,Social Media,Mainstream
CUST103876,2024-08-16,Female,52,Portland,Usa,Email,Premium
CUST102935,2024-03-29,Female,35,Austin,Usa,Organic Search,Premium
CUST105443,2025-04-26,Male,35,Minneapolis,Usa,Direct,Premium
CUST104451,2024-11-17,Male,25,Toronto,Canada,Referral,Budget
CUST103531,2024-06-28,Female,40,San Diego,Usa,Affiliate,Budget
CUST102730,2024-02-24,Male,37,Denver,Usa,Paid Search,Mainstream
CUST100827,2023-05-10,Male,39,Los Angeles,Usa,Paid Search,Mainstream
CUST101639,2023-09-10,Male,30,San Diego,Usa,Paid Search,Mainstream
CUST100984,2023-06-01,Male,20,Nashville,Usa,Organic Search,Mainstream
CUST103281,2024-05-20,Female,31,San Diego,Usa,Paid Search,Mainstream
CUST106992,2025-12-29,Male,36,New York,Usa,Paid Search,Budget
CUST102188,2023-12-01,Male,21,San Diego,Usa,Direct,Budget
CUST106475,2025-10-11,Female,18,Vancouver,Canada,Paid Search,Mainstream
CUST102443,2024-01-06,Male,47,Phoenix,Usa,Social Media,Budget
CUST100362,2023-02-28,Male,39,Portland,Usa,Email,Budget
CUST102349,2023-12-24,Male,39,Nashville,Usa,Email,Mainstream
CUST100345,2023-02-25,Female,38,Boston,Usa,Paid Search,Premium
CUST100814,2023-05-07,Female,31,San Diego,Usa,Direct,Premium
CUST104807,2025-01-16,Male,44,Denver,Usa,Paid Search,Budget
CUST103205,2024-05-08,Female,53,New York,Usa,Email,Mainstream
CUST105840,2025-06-28,Female,50,Toronto,Canada,Paid Search,Premium
CUST106738,2025-11-19,Female,34,Phoenix,Usa,Social Media,Budget
CUST103325,2024-05-26,Female,23,San Diego,Usa,Social Media,Budget
CUST104106,2024-09-21,Male,29,Minneapolis,Usa,Organic Search,Premium
CUST106288,2025-09-10,Female,42,Denver,Usa,Organic Search,Budget
CUST102116,2023-11-21,Female,29,Unknown,Usa,Referral,Mainstream
CUST101834,2023-10-09,Female,36,Atlanta,Usa,Affiliate,Mainstream
CUST100793,2023-05-03,Male,20,Minneapolis,Usa,Email,Premium
CUST106960,2025-12-24,Other/Undisclosed,39,New York,Usa,Paid Search,Budget
CUST102674,2024-02-15,Female,29,Minneapolis,Usa,Organic Search,Mainstream
CUST100094,2023-01-16,Female,18,Chicago,Usa,Organic Search,Budget
CUST104225,2024-10-11,Female,27,Portland,Usa,Organic Search,Premium
CUST103756,2024-07-31,Female,39,Dallas,Usa,Social Media,Budget
CUST102891,2024-03-23,Male,29,Los Angeles,Usa,Referral,Premium
CUST102371,2023-12-28,Female,45,Minneapolis,Usa,Email,Mainstream
CUST105824,2025-06-26,Female,51,Portland,Usa,Paid Search,Mainstream
CUST106228,2025-08-29,Male,30,New York,Usa,Email,Budget
CUST103228,2024-05-11,Male,46,Atlanta,Usa,Organic Search,Budget
CUST106266,2025-09-05,Female,33,Portland,Usa,Paid Search,Mainstream
CUST102853,2024-03-16,Female,26,New York,Usa,Affiliate,Budget
CUST106506,2025-10-15,Female,44,Austin,Usa,Referral,Premium
CUST102912,2024-03-25,Female,53,Calgary,Canada,Paid Search,Mainstream
CUST101865,2023-10-13,Male,40,Chicago,Usa,Affiliate,Budget
CUST105754,2025-06-16,Male,31,Portland,Usa,Affiliate,Mainstream
CUST104612,2024-12-15,Male,43,Boston,Usa,Email,Budget
CUST101857,2023-10-11,Female,39,Chicago,Usa,Paid Search,Budget
CUST102645,2024-02-10,Male,44,Minneapolis,Usa,Social Media,Budget
CUST102243,2023-12-10,Male,45,Miami,Usa,Organic Search,Mainstream
CUST105373,2025-04-15,Male,52,Miami,Usa,Direct,Mainstream
CUST102336,2023-12-23,Male,24,Los Angeles,Usa,Direct,Budget
CUST100950,2023-05-26,Male,44,Portland,Usa,Direct,Premium
CUST103068,2024-04-20,Male,35,Phoenix,Usa,Social Media,Mainstream
CUST101120,2023-06-20,Female,46,Seattle,Usa,Paid Search,Premium
CUST102597,2024-02-03,Female,40,Los Angeles,Usa,Direct,Premium
CUST102204,2023-12-03,Female,27,Chicago,Usa,Paid Search,Mainstream
CUST100419,2023-03-08,Female,37,New York,Usa,Paid Search,Budget
CUST100922,2023-05-22,Male,33,Unknown,Canada,Paid Search,Mainstream
CUST101254,2023-07-10,Male,50,Miami,Usa,Organic Search,Mainstream
CUST100477,2023-03-17,Female,55,Dallas,Usa,Organic Search,Mainstream
CUST102035,2023-11-10,Male,49,New York,Usa,Social Media,Mainstream
CUST106471,2025-10-10,Female,38,Houston,Usa,Social Media,Premium
CUST105788,2025-06-21,Female,30,Dallas,Usa,Referral,Premium
CUST105742,2025-06-13,Female,18,Miami,Usa,Paid Search,Premium
CUST105567,2025-05-16,Male,41,Denver,Usa,Organic Search,Budget
CUST101202,2023-07-01,Female,25,Austin,Usa,Email,Mainstream
CUST102626,2024-02-08,Female,36,Austin,Usa,Organic Search,Budget
CUST105765,2025-06-17,Male,19,Atlanta,Usa,Organic Search,Budget
CUST106767,2025-11-24,Female,26,Atlanta,Usa,Paid Search,Premium
CUST101970,2023-10-30,Male,31,Toronto,Canada,Direct,Budget
CUST103110,2024-04-25,Male,37,Montreal,Canada,Organic Search,Budget
CUST104018,2024-09-08,Female,41,Chicago,Usa,Social Media,Premium
CUST102151,2023-11-26,Female,28,Calgary,Canada,Organic Search,Premium
CUST103687,2024-07-23,Female,21,Boston,Usa,Referral,Mainstream
CUST104916,2025-02-05,Male,35,Calgary,Canada,Organic Search,Premium
CUST101997,2023-11-04,Female,26,Minneapolis,Usa,Email,Mainstream
CUST104033,2024-09-09,Female,38,Atlanta,Usa,Paid Search,Budget
CUST106895,2025-12-15,Female,42,Seattle,Usa,Social Media,Mainstream
CUST103054,2024-04-18,Female,35,Vancouver,Canada,Affiliate,Budget
CUST101248,2023-07-10,Male,36,Calgary,Canada,Organic Search,Budget
CUST102192,2023-12-02,Female,22,Portland,Usa,Referral,Mainstream
CUST102712,2024-02-21,Female,18,San Diego,Usa,Referral,Mainstream
CUST100992,2023-06-02,Other/Undisclosed,36,Nashville,Usa,Email,Budget
CUST102190,2023-12-01,Female,37,Boston,Usa,Direct,Premium
CUST104670,2024-12-23,Other/Undisclosed,32,Seattle,Usa,Social Media,Budget
CUST105142,2025-03-14,Female,18,Nashville,Usa,Email,Premium
CUST103762,2024-08-01,Female,36,Boston,Usa,Paid Search,Premium
CUST103597,2024-07-07,Female,40,Houston,Usa,Social Media,Premium
CUST104711,2025-01-01,Other/Undisclosed,31,Seattle,Usa,Email,Mainstream
CUST101318,2023-07-20,Female,38,Miami,Usa,Organic Search,Premium
CUST101863,2023-10-13,Male,40,Chicago,Usa,Referral,Budget
CUST102343,2023-12-24,Male,54,Miami,Usa,Direct,Mainstream
CUST102449,2024-01-07,Male,58,Dallas,Usa,Affiliate,Premium
CUST102136,2023-11-24,Female,32,Nashville,Usa,Social Media,Mainstream
CUST101065,2023-06-13,Male,36,Chicago,Usa,Paid Search,Budget
CUST105868,2025-07-03,Male,45,Seattle,Usa,Paid Search,Mainstream
CUST106977,2025-12-27,Female,50,San Diego,Usa,Paid Search,Mainstream
CUST104227,2024-10-11,Female,45,New York,Usa,Affiliate,Premium
CUST102621,2024-02-06,Female,53,Minneapolis,Usa,Email,Mainstream
CUST100077,2023-01-12,Female,37,Seattle,Usa,Organic Search,Mainstream
CUST102898,2024-03-24,Female,43,Portland,Usa,Organic Search,Mainstream
CUST104820,2025-01-18,Female,52,Vancouver,Canada,Organic Search,Mainstream
CUST101314,2023-07-19,Female,40,Nashville,Usa,Email,Premium
CUST106136,2025-08-13,Male,32,Atlanta,Usa,Paid Search,Budget
CUST100872,2023-05-16,Female,27,Los Angeles,Usa,Paid Search,Mainstream
CUST103850,2024-08-13,Female,40,Austin,Usa,Direct,Budget
CUST105468,2025-04-30,Male,22,Boston,Usa,Social Media,Budget
CUST106722,2025-11-17,Male,25,Phoenix,Usa,Referral,Premium
CUST102965,2024-04-01,Male,44,Portland,Usa,Organic Search,Mainstream
CUST103391,2024-06-04,Female,19,Boston,Usa,Paid Search,Budget
CUST105415,2025-04-22,Female,22,Miami,Usa,Direct,Mainstream
CUST102560,2024-01-24,Male,28,Vancouver,Canada,Social Media,Mainstream
CUST106886,2025-12-14,Male,46,Chicago,Usa,Social Media,Mainstream
CUST102635,2024-02-09,Female,29,Atlanta,Usa,Organic Search,Mainstream
CUST105256,2025-03-30,Female,49,Miami,Usa,Email,Budget
CUST103530,2024-06-28,Female,38,Atlanta,Usa,Organic Search,Budget
CUST100375,2023-03-02,Female,33,Nashville,Usa,Direct,Mainstream
CUST101908,2023-10-20,Female,29,Miami,Usa,Email,Mainstream
CUST104429,2024-11-11,Male,30,Boston,Usa,Social Media,Mainstream
CUST106082,2025-08-03,Female,27,Houston,Usa,Direct,Premium
CUST106145,2025-08-15,Female,26,Portland,Usa,Direct,Mainstream
CUST104027,2024-09-08,Male,30,Phoenix,Usa,Email,Budget
CUST101604,2023-09-03,Male,40,Minneapolis,Usa,Affiliate,Premium
CUST101118,2023-06-19,Female,18,Miami,Usa,Paid Search,Mainstream
CUST103677,2024-07-22,Other/Undisclosed,34,New York,Usa,Email,Mainstream
CUST103490,2024-06-22,Female,40,Houston,Usa,Paid Search,Mainstream
CUST106837,2025-12-05,Male,31,Denver,Usa,Organic Search,Budget
CUST102958,2024-03-31,Female,47,Phoenix,Usa,Social Media,Mainstream
CUST101994,2023-11-04,Male,26,Seattle,Usa,Organic Search,Mainstream
CUST106972,2025-12-26,Male,47,Denver,Usa,Paid Search,Mainstream
CUST106110,2025-08-08,Male,42,New York,Usa,Affiliate,Mainstream
CUST102376,2023-12-28,Male,59,Los Angeles,Usa,Affiliate,Premium
CUST106437,2025-10-06,Female,21,New York,Usa,Organic Search,Premium
CUST101342,2023-07-24,Female,35,Los Angeles,Usa,Paid Search,Budget
CUST100320,2023-02-21,Male,41,Phoenix,Usa,Paid Search,Budget
CUST101619,2023-09-06,Female,19,Minneapolis,Usa,Email,Mainstream
CUST103713,2024-07-26,Male,24,Boston,Usa,Social Media,Mainstream
CUST106434,2025-10-06,Male,49,New York,Usa,Social Media,Budget
CUST102060,2023-11-13,Male,33,Seattle,Usa,Social Media,Budget
CUST102219,2023-12-05,Female,25,Minneapolis,Usa,Email,Mainstream
CUST101673,2023-09-15,Female,43,Miami,Usa,Direct,Premium
CUST100260,2023-02-12,Other/Undisclosed,39,Miami,Usa,Organic Search,Mainstream
CUST106204,2025-08-24,Female,18,Seattle,Usa,Affiliate,Premium
CUST102039,2023-11-10,Female,28,Minneapolis,Usa,Direct,Premium
CUST104785,2025-01-12,Female,18,Dallas,Usa,Referral,Mainstream
CUST100901,2023-05-20,Male,60,Los Angeles,Usa,Paid Search,Mainstream
CUST103744,2024-07-30,Female,47,Miami,Usa,Social Media,Premium
CUST102026,2023-11-08,Female,55,Montreal,Canada,Paid Search,Premium
CUST104234,2024-10-12,Male,54,Boston,Usa,Paid Search,Mainstream
CUST101917,2023-10-22,Male,24,Seattle,Usa,Email,Mainstream
CUST101828,2023-10-07,Female,33,New York,Usa,Social Media,Budget
CUST101573,2023-08-29,Female,41,Houston,Usa,Email,Mainstream
CUST104415,2024-11-09,Other/Undisclosed,25,Portland,Usa,Organic Search,Mainstream
CUST104749,2025-01-07,Female,40,Los Angeles,Usa,Direct,Budget
CUST106166,2025-08-19,Other/Undisclosed,39,Houston,Usa,Affiliate,Budget
CUST104654,2024-12-21,Male,36,Nashville,Usa,Direct,Budget
CUST104208,2024-10-08,Female,36,Phoenix,Usa,Paid Search,Budget
CUST104627,2024-12-17,Male,18,Houston,Usa,Organic Search,Mainstream
CUST100224,2023-02-07,Male,39,Portland,Usa,Paid Search,Mainstream
CUST100723,2023-04-23,Female,42,Atlanta,Usa,Paid Search,Budget
CUST106304,2025-09-13,Female,18,Denver,Usa,Email,Mainstream
CUST101141,2023-06-23,Female,25,Dallas,Usa,Social Media,Mainstream
CUST105529,2025-05-10,Female,35,San Diego,Usa,Social Media,Mainstream
CUST105764,2025-06-17,Female,29,Minneapolis,Usa,Referral,Budget
CUST105554,2025-05-14,Male,40,Calgary,Canada,Referral,Budget
CUST106858,2025-12-09,Male,21,Toronto,Canada,Organic Search,Mainstream
CUST102762,2024-03-02,Female,36,Unknown,Usa,Direct,Mainstream
CUST100846,2023-05-12,Male,36,Houston,Usa,Paid Search,Premium
CUST104289,2024-10-22,Female,44,Dallas,Usa,Paid Search,Premium
CUST105560,2025-05-15,Male,37,Toronto,Canada,Paid Search,Mainstream
CUST105042,2025-02-27,Female,48,Minneapolis,Usa,Organic Search,Mainstream
CUST102551,2024-01-22,Female,45,Nashville,Usa,Referral,Mainstream
CUST105725,2025-06-10,Male,43,Boston,Usa,Social Media,Budget
CUST102928,2024-03-28,Female,30,Denver,Usa,Social Media,Mainstream
CUST100117,2023-01-20,Female,60,Austin,Usa,Paid Search,Budget
CUST100645,2023-04-13,Female,27,Houston,Usa,Email,Mainstream
CUST100003,2023-01-01,Male,20,Dallas,Usa,Direct,Mainstream
CUST104170,2024-10-03,Other/Undisclosed,27,Portland,Usa,Referral,Budget
CUST105851,2025-06-30,Female,60,Boston,Usa,Social Media,Premium
CUST100467,2023-03-15,Female,27,Calgary,Canada,Affiliate,Premium
CUST100005,2023-01-02,Male,35,Dallas,Usa,Organic Search,Budget
CUST105342,2025-04-12,Female,32,Minneapolis,Usa,Referral,Mainstream
CUST100919,2023-05-22,Female,36,New York,Usa,Affiliate,Budget
CUST102595,2024-02-02,Female,37,Seattle,Usa,Paid Search,Mainstream
CUST104324,2024-10-28,Other/Undisclosed,35,Seattle,Usa,Organic Search,Mainstream
CUST101063,2023-06-13,Male,18,New York,Usa,Organic Search,Mainstream
CUST102590,2024-01-31,Female,44,Austin,Usa,Social Media,Budget
CUST100242,2023-02-09,Male,18,Toronto,Canada,Affiliate,Budget
CUST106118,2025-08-09,Male,32,Vancouver,Canada,Paid Search,Budget
CUST101160,2023-06-26,Male,26,Boston,Usa,Paid Search,Mainstream
CUST102870,2024-03-18,Male,31,Dallas,Usa,Organic Search,Mainstream
CUST103735,2024-07-29,Male,31,San Diego,Usa,Social Media,Premium
CUST106428,2025-10-05,Male,43,Seattle,Usa,Paid Search,Mainstream
CUST102397,2023-12-30,Male,42,San Diego,Usa,Paid Search,Premium
CUST103517,2024-06-26,Female,29,San Diego,Usa,Paid Search,Mainstream
CUST103421,2024-06-08,Male,37,Nashville,Usa,Organic Search,Mainstream
CUST102563,2024-01-25,Female,18,Chicago,Usa,Paid Search,Budget
CUST105622,2025-05-24,Male,18,Miami,Usa,Paid Search,Mainstream
CUST101605,2023-09-04,Female,37,New York,Usa,Email,Mainstream
CUST106780,2025-11-27,Male,21,Nashville,Usa,Direct,Premium
CUST102324,2023-12-21,Female,48,Portland,Usa,Email,Mainstream
CUST102709,2024-02-20,Male,45,Atlanta,Usa,Social Media,Budget
CUST106173,2025-08-19,Female,22,Toronto,Canada,Social Media,Mainstream
CUST101312,2023-07-18,Female,44,Denver,Usa,Social Media,Mainstream
CUST103448,2024-06-12,Male,59,Calgary,Canada,Referral,Budget
CUST103812,2024-08-07,Female,36,Los Angeles,Usa,Affiliate,Budget
CUST106536,2025-10-18,Male,26,Denver,Usa,Organic Search,Mainstream
CUST102362,2023-12-26,Male,32,New York,Usa,Social Media,Premium
CUST101975,2023-10-31,Female,48,Montreal,Canada,Paid Search,Mainstream
CUST103514,2024-06-25,Female,37,Atlanta,Usa,Organic Search,Budget
CUST101761,2023-09-27,Male,35,New York,Usa,Paid Search,Mainstream
CUST105401,2025-04-19,Male,39,New York,Usa,Paid Search,Mainstream
CUST102739,2024-02-26,Male,29,Denver,Usa,Organic Search,Mainstream
CUST105637,2025-05-26,Male,25,Houston,Usa,Email,Mainstream
CUST102472,2024-01-10,Female,29,Nashville,Usa,Email,Mainstream
CUST104007,2024-09-06,Male,48,Boston,Usa,Social Media,Premium
CUST104718,2025-01-02,Female,32,Dallas,Usa,Affiliate,Mainstream
CUST101493,2023-08-14,Female,35,New York,Usa,Social Media,Premium
CUST104206,2024-10-08,Female,43,Vancouver,Canada,Paid Search,Premium
CUST102158,2023-11-27,Female,18,Nashville,Usa,Organic Search,Budget
CUST101169,2023-06-27,Female,26,Boston,Usa,Email,Mainstream
CUST106347,2025-09-22,Female,28,Chicago,Usa,Email,Premium
CUST100232,2023-02-08,Male,31,Chicago,Usa,Social Media,Budget
CUST100066,2023-01-10,Male,48,Vancouver,Canada,Paid Search,Budget
CUST101603,2023-09-03,Male,18,Minneapolis,Usa,Social Media,Premium
CUST103283,2024-05-20,Female,37,Montreal,Canada,Paid Search,Mainstream
CUST103596,2024-07-07,Female,32,New York,Usa,Paid Search,Mainstream
CUST104632,2024-12-17,Male,40,Boston,Usa,Social Media,Budget
CUST100125,2023-01-23,Male,57,Boston,Usa,Social Media,Mainstream
CUST105350,2025-04-12,Female,19,Austin,Usa,Organic Search,Budget
CUST101296,2023-07-16,Female,41,Los Angeles,Usa,Direct,Mainstream
CUST101976,2023-10-31,Female,25,Nashville,Usa,Paid Search,Premium
CUST106348,2025-09-22,Female,33,Denver,Usa,Paid Search,Premium
CUST106299,2025-09-12,Female,31,Portland,Usa,Organic Search,Budget
CUST102075,2023-11-15,Female,38,Portland,Usa,Organic Search,Budget
CUST104580,2024-12-10,Female,31,Austin,Usa,Paid Search,Budget
CUST105750,2025-06-14,Female,31,Minneapolis,Usa,Social Media,Mainstream
CUST106637,2025-11-02,Male,36,Seattle,Usa,Paid Search,Budget
CUST103086,2024-04-22,Female,19,Houston,Usa,Referral,Budget
CUST106098,2025-08-06,Male,36,New York,Usa,Direct,Budget
CUST103345,2024-05-28,Female,42,Seattle,Usa,Affiliate,Mainstream
CUST106277,2025-09-08,Male,52,San Diego,Usa,Affiliate,Budget
CUST105870,2025-07-04,Male,49,Dallas,Usa,Paid Search,Mainstream
CUST102797,2024-03-06,Male,29,Atlanta,Usa,Social Media,Mainstream
CUST100918,2023-05-22,Female,27,Calgary,Canada,Organic Search,Premium
CUST101646,2023-09-11,Male,39,Toronto,Canada,Social Media,Budget
CUST105122,2025-03-11,Female,37,Boston,Usa,Organic Search,Mainstream
CUST105126,2025-03-12,Female,35,Portland,Usa,Direct,Mainstream
CUST104978,2025-02-16,Female,39,Boston,Usa,Direct,Budget
CUST105431,2025-04-24,Female,18,Los Angeles,Usa,Email,Mainstream
CUST104621,2024-12-16,Male,44,Los Angeles,Usa,Paid Search,Premium
CUST100364,2023-03-01,Male,34,Atlanta,Usa,Organic Search,Budget
CUST103287,2024-05-20,Male,39,Portland,Usa,Direct,Premium
CUST102125,2023-11-22,Male,37,Seattle,Usa,Paid Search,Mainstream
CUST104123,2024-09-25,Female,33,Miami,Usa,Social Media,Mainstream
CUST104569,2024-12-08,Other/Undisclosed,29,Unknown,Usa,Paid Search,Premium
CUST100525,2023-03-25,Male,51,Portland,Usa,Organic Search,Premium
CUST104821,2025-01-18,Female,19,Houston,Usa,Organic Search,Premium
CUST100055,2023-01-09,Male,33,Montreal,Canada,Referral,Budget
CUST100638,2023-04-13,Male,48,New York,Usa,Paid Search,Mainstream
CUST100302,2023-02-19,Female,18,Houston,Usa,Referral,Premium
CUST102766,2024-03-02,Female,61,Houston,Usa,Social Media,Premium
CUST105811,2025-06-24,Male,40,Denver,Usa,Organic Search,Mainstream
CUST101276,2023-07-13,Female,42,Dallas,Usa,Email,Mainstream
CUST106583,2025-10-24,Male,18,Phoenix,Usa,Direct,Mainstream
CUST104720,2025-01-02,Female,27,Miami,Usa,Social Media,Budget
CUST102055,2023-11-12,Male,49,Austin,Usa,Social Media,Budget
CUST105376,2025-04-15,Male,56,Austin,Usa,Paid Search,Premium
CUST105145,2025-03-15,Female,37,Toronto,Canada,Affiliate,Premium
CUST104432,2024-11-11,Female,51,Houston,Usa,Paid Search,Premium
CUST103644,2024-07-16,Male,49,Calgary,Canada,Paid Search,Budget
CUST104143,2024-09-28,Male,52,Nashville,Usa,Referral,Budget
CUST102878,2024-03-20,Female,31,Calgary,Canada,Social Media,Premium
CUST104202,2024-10-07,Female,37,New York,Usa,Organic Search,Mainstream
CUST105175,2025-03-19,Male,53,New York,Usa,Social Media,Budget
CUST102286,2023-12-16,Male,18,Austin,Usa,Paid Search,Mainstream
CUST102261,2023-12-12,Male,34,Seattle,Usa,Email,Mainstream
CUST105240,2025-03-28,Female,40,Phoenix,Usa,Organic Search,Mainstream
CUST102296,2023-12-17,Female,58,Austin,Usa,Affiliate,Premium
CUST105932,2025-07-13,Male,63,New York,Usa,Paid Search,Premium
CUST101753,2023-09-26,Male,36,New York,Usa,Email,Mainstream
CUST105197,2025-03-22,Female,50,Austin,Usa,Email,Budget
CUST101968,2023-10-30,Female,18,Atlanta,Usa,Direct,Premium
CUST106105,2025-08-07,Male,43,Portland,Usa,Organic Search,Premium
CUST103117,2024-04-26,Male,49,Houston,Usa,Paid Search,Budget
CUST102393,2023-12-30,Male,35,Montreal,Canada,Affiliate,Mainstream
CUST100523,2023-03-24,Male,22,Vancouver,Canada,Referral,Budget
CUST105524,2025-05-09,Male,41,Atlanta,Usa,Direct,Budget
CUST103900,2024-08-20,Female,34,Miami,Usa,Referral,Mainstream
CUST106550,2025-10-20,Female,33,Denver,Usa,Social Media,Mainstream
CUST104699,2024-12-29,Female,47,Minneapolis,Usa,Paid Search,Mainstream
CUST105585,2025-05-19,Female,44,Houston,Usa,Organic Search,Budget
CUST106200,2025-08-23,Female,35,New York,Usa,Paid Search,Mainstream
CUST103122,2024-04-27,Female,64,New York,Usa,Social Media,Budget
CUST104156,2024-09-30,Male,37,Phoenix,Usa,Social Media,Mainstream
CUST101969,2023-10-30,Female,34,Denver,Usa,Organic Search,Mainstream
CUST100671,2023-04-17,Male,36,San Diego,Usa,Organic Search,Mainstream
CUST104188,2024-10-06,Female,27,Miami,Usa,Paid Search,Budget
CUST100666,2023-04-16,Female,25,Nashville,Usa,Organic Search,Mainstream
CUST106088,2025-08-04,Male,19,Minneapolis,Usa,Email,Budget
CUST101887,2023-10-17,Female,20,Boston,Usa,Email,Premium
CUST103266,2024-05-17,Male,53,Chicago,Usa,Direct,Mainstream
CUST100280,2023-02-15,Female,34,Miami,Usa,Social Media,Mainstream
CUST101719,2023-09-22,Female,34,Austin,Usa,Paid Search,Mainstream
CUST102947,2024-03-30,Female,34,Phoenix,Usa,Paid Search,Mainstream
CUST104455,2024-11-17,Male,36,Phoenix,Usa,Paid Search,Mainstream
CUST100899,2023-05-20,Male,22,Seattle,Usa,Affiliate,Mainstream
CUST106031,2025-07-26,Male,35,Unknown,Usa,Social Media,Mainstream
CUST106814,2025-12-01,Male,39,Toronto,Canada,Direct,Budget
CUST106090,2025-08-04,Male,42,Portland,Usa,Organic Search,Premium
CUST100760,2023-04-28,Male,34,Montreal,Canada,Social Media,Mainstream
CUST101906,2023-10-20,Female,35,Houston,Usa,Organic Search,Mainstream
CUST104042,2024-09-10,Male,39,Atlanta,Usa,Paid Search,Budget
CUST103823,2024-08-09,Male,47,Minneapolis,Usa,Paid Search,Budget
CUST104138,2024-09-27,Male,24,Phoenix,Usa,Paid Search,Premium
CUST103818,2024-08-07,Female,32,Atlanta,Usa,Referral,Budget
CUST104300,2024-10-23,Female,56,Dallas,Usa,Paid Search,Mainstream
CUST105569,2025-05-17,Female,30,Boston,Usa,Paid Search,Premium
CUST102593,2024-02-01,Male,32,Nashville,Usa,Organic Search,Mainstream
CUST104164,2024-10-02,Female,43,New York,Usa,Direct,Mainstream
CUST103031,2024-04-14,Other/Undisclosed,40,Seattle,Usa,Social Media,Mainstream
CUST105971,2025-07-19,Female,32,San Diego,Usa,Organic Search,Mainstream
CUST103579,2024-07-06,Male,52,Denver,Usa,Paid Search,Budget
CUST102832,2024-03-12,Female,42,New York,Usa,Email,Budget
CUST105449,2025-04-27,Female,36,Nashville,Usa,Organic Search,Premium
CUST103472,2024-06-19,Female,36,Austin,Usa,Organic Search,Mainstream
CUST100137,2023-01-24,Female,41,Phoenix,Usa,Affiliate,Budget
CUST104892,2025-02-01,Female,39,Houston,Usa,Organic Search,Budget
CUST102180,2023-11-29,Male,29,Seattle,Usa,Paid Search,Mainstream
CUST102128,2023-11-23,Female,42,Vancouver,Canada,Referral,Premium
CUST103177,2024-05-05,Male,40,Dallas,Usa,Social Media,Budget
CUST104854,2025-01-25,Female,49,Phoenix,Usa,Direct,Budget
CUST104637,2024-12-18,Female,19,Boston,Usa,Social Media,Budget
CUST105115,2025-03-10,Male,35,Toronto,Canada,Paid Search,Mainstream
CUST106128,2025-08-12,Male,18,Houston,Usa,Organic Search,Budget
CUST104261,2024-10-17,Male,36,Montreal,Canada,Paid Search,Premium
CUST104344,2024-10-30,Female,43,San Diego,Usa,Email,Mainstream
CUST101331,2023-07-22,Female,51,Los Angeles,Usa,Direct,Premium
CUST102017,2023-11-07,Female,26,Boston,Usa,Email,Mainstream
CUST104542,2024-12-02,Male,24,Chicago,Usa,Paid Search,Premium
CUST102482,2024-01-11,Male,31,Austin,Usa,Paid Search,Mainstream
CUST101358,2023-07-26,Female,37,Portland,Usa,Social Media,Mainstream
CUST101329,2023-07-22,Male,18,Minneapolis,Usa,Social Media,Premium
CUST106927,2025-12-20,Male,36,Seattle,Usa,Referral,Budget
CUST102150,2023-11-26,Male,38,Calgary,Canada,Social Media,Premium
CUST104530,2024-11-30,Male,27,Portland,Usa,Organic Search,Premium
CUST102122,2023-11-22,Male,33,Nashville,Usa,Email,Mainstream
CUST104673,2024-12-23,Female,55,Chicago,Usa,Email,Budget
CUST103981,2024-09-01,Male,37,New York,Usa,Organic Search,Budget
CUST101252,2023-07-10,Female,44,Nashville,Usa,Paid Search,Mainstream
CUST103278,2024-05-19,Female,47,Dallas,Usa,Direct,Mainstream
CUST103374,2024-06-02,Female,48,Seattle,Usa,Affiliate,Mainstream
CUST102814,2024-03-08,Male,39,Miami,Usa,Referral,Mainstream
CUST104719,2025-01-02,Male,36,Miami,Usa,Social Media,Budget
CUST101848,2023-10-10,Male,42,New York,Usa,Referral,Premium
CUST104858,2025-01-26,Male,37,Los Angeles,Usa,Email,Mainstream
CUST103037,2024-04-14,Male,56,Calgary,Canada,Paid Search,Mainstream
CUST100388,2023-03-04,Male,51,Calgary,Canada,Social Media,Premium
CUST100235,2023-02-08,Other/Undisclosed,23,New York,Usa,Email,Mainstream
CUST101077,2023-06-14,Female,33,Unknown,Usa,Direct,Budget
CUST101984,2023-11-02,Male,51,Phoenix,Usa,Organic Search,Mainstream
CUST104363,2024-11-03,Female,29,Montreal,Canada,Organic Search,Mainstream
CUST103962,2024-08-30,Female,53,Phoenix,Usa,Paid Search,Premium
CUST100770,2023-04-29,Other/Undisclosed,30,Houston,Usa,Social Media,Budget
CUST102165,2023-11-27,Male,37,Dallas,Usa,Organic Search,Budget
CUST104533,2024-11-30,Female,33,Miami,Usa,Organic Search,Mainstream
CUST100673,2023-04-17,Female,40,Portland,Usa,Direct,Budget
CUST100249,2023-02-10,Female,38,Austin,Usa,Email,Premium
CUST101574,2023-08-29,Other/Undisclosed,18,Montreal,Canada,Email,Mainstream
CUST103419,2024-06-07,Male,30,Portland,Usa,Social Media,Premium
CUST102081,2023-11-15,Female,31,Portland,Usa,Organic Search,Budget
CUST101823,2023-10-07,Female,31,Portland,Usa,Social Media,Mainstream
CUST106503,2025-10-14,Female,30,Houston,Usa,Social Media,Mainstream
CUST106721,2025-11-17,Male,49,Austin,Usa,Social Media,Budget
CUST104544,2024-12-02,Male,20,Miami,Usa,Email,Mainstream
CUST105565,2025-05-16,Male,36,Houston,Usa,Referral,Budget
CUST100716,2023-04-22,Male,52,Seattle,Usa,Email,Premium
CUST106268,2025-09-06,Male,40,Dallas,Usa,Email,Mainstream
CUST106560,2025-10-22,Male,46,Miami,Usa,Direct,Budget
CUST102048,2023-11-12,Male,54,Miami,Usa,Organic Search,Mainstream
CUST105997,2025-07-21,Female,47,Vancouver,Canada,Email,Premium
CUST105264,2025-03-31,Female,36,Nashville,Usa,Social Media,Budget
CUST104178,2024-10-04,Male,35,Portland,Usa,Paid Search,Mainstream
CUST104809,2025-01-17,Other/Undisclosed,47,Nashville,Usa,Paid Search,Budget
CUST102724,2024-02-24,Female,32,Los Angeles,Usa,Direct,Mainstream
CUST106352,2025-09-23,Female,39,San Diego,Usa,Organic Search,Premium
CUST101460,2023-08-08,Female,57,San Diego,Usa,Direct,Premium
CUST105989,2025-07-20,Male,32,Calgary,Canada,Social Media,Budget
CUST101668,2023-09-15,Female,62,Miami,Usa,Organic Search,Mainstream
CUST102756,2024-03-01,Male,36,New York,Usa,Organic Search,Budget
CUST102000,2023-11-04,Female,39,Montreal,Canada,Paid Search,Premium
CUST104571,2024-12-08,Female,35,San Diego,Usa,Organic Search,Mainstream
CUST104613,2024-12-15,Male,18,Boston,Usa,Social Media,Mainstream
CUST100404,2023-03-07,Female,21,Dallas,Usa,Email,Budget
CUST100384,2023-03-04,Other/Undisclosed,49,Los Angeles,Usa,Email,Budget
CUST106311,2025-09-15,Female,38,Phoenix,Usa,Paid Search,Mainstream
CUST102152,2023-11-26,Male,33,Austin,Usa,Paid Search,Mainstream
CUST101633,2023-09-08,Female,32,Calgary,Canada,Email,Budget
CUST106441,2025-10-06,Female,18,Montreal,Canada,Direct,Mainstream
CUST105580,2025-05-19,Female,52,Dallas,Usa,Affiliate,Budget
CUST104784,2025-01-12,Female,20,Unknown,Usa,Social Media,Budget
CUST103925,2024-08-24,Female,38,Houston,Usa,Social Media,Budget
CUST105336,2025-04-11,Male,23,Houston,Usa,Social Media,Mainstream
CUST104158,2024-10-01,Female,48,Denver,Usa,Organic Search,Mainstream
CUST104948,2025-02-12,Female,29,Boston,Usa,Organic Search,Mainstream
CUST105898,2025-07-07,Male,18,San Diego,Usa,Organic Search,Mainstream
CUST105358,2025-04-14,Female,34,Los Angeles,Usa,Affiliate,Mainstream
CUST100223,2023-02-07,Female,39,Boston,Usa,Social Media,Budget
CUST102193,2023-12-02,Male,26,Austin,Usa,Affiliate,Mainstream
CUST103136,2024-04-29,Female,32,Los Angeles,Usa,Affiliate,Budget
CUST104469,2024-11-19,Female,40,Miami,Usa,Email,Premium
CUST101824,2023-10-07,Female,28,Nashville,Usa,Email,Premium
CUST106459,2025-10-09,Female,41,New York,Usa,Affiliate,Budget
CUST105124,2025-03-11,Female,37,Miami,Usa,Paid Search,Mainstream
CUST104972,2025-02-15,Female,37,Houston,Usa,Organic Search,Mainstream
CUST100797,2023-05-04,Male,50,New York,Usa,Paid Search,Mainstream
CUST102871,2024-03-18,Female,24,Atlanta,Usa,Email,Budget
CUST100009,2023-01-02,Female,41,Houston,Usa,Social Media,Mainstream
CUST101944,2023-10-27,Other/Undisclosed,36,Minneapolis,Usa,Organic Search,Budget
CUST101838,2023-10-09,Male,51,Portland,Usa,Direct,Premium
CUST104804,2025-01-16,Male,37,Phoenix,Usa,Social Media,Premium
CUST100255,2023-02-10,Female,41,Los Angeles,Usa,Paid Search,Budget
CUST105713,2025-06-07,Female,24,Chicago,Usa,Paid Search,Premium
CUST104485,2024-11-23,Female,35,Unknown,Usa,Social Media,Mainstream
CUST106334,2025-09-19,Male,35,Chicago,Usa,Organic Search,Budget
CUST101581,2023-08-31,Male,20,Austin,Usa,Organic Search,Mainstream
CUST102956,2024-03-31,Female,38,New York,Usa,Paid Search,Mainstream
CUST100924,2023-05-23,Male,26,New York,Usa,Direct,Premium
CUST106225,2025-08-29,Male,25,Denver,Usa,Organic Search,Mainstream
CUST102508,2024-01-15,Male,39,Boston,Usa,Social Media,Budget
CUST106132,2025-08-13,Female,38,Dallas,Usa,Email,Premium
CUST105024,2025-02-24,Female,29,Dallas,Usa,Email,Mainstream
CUST105320,2025-04-08,Female,50,New York,Usa,Paid Search,Budget
CUST106042,2025-07-28,Female,44,Denver,Usa,Social Media,Mainstream
CUST103775,2024-08-03,Male,19,Boston,Usa,Email,Mainstream
CUST104835,2025-01-21,Male,28,San Diego,Usa,Direct,Premium
CUST104136,2024-09-26,Female,41,Miami,Usa,Paid Search,Mainstream
CUST104964,2025-02-14,Male,39,Austin,Usa,Paid Search,Mainstream
CUST102779,2024-03-05,Female,18,Chicago,Usa,Referral,Premium
CUST100539,2023-03-28,Male,31,Chicago,Usa,Paid Search,Budget
CUST102745,2024-02-27,Female,45,Los Angeles,Usa,Organic Search,Mainstream
CUST106318,2025-09-15,Female,44,San Diego,Usa,Paid Search,Budget
CUST105467,2025-04-30,Female,30,New York,Usa,Email,Mainstream
CUST101145,2023-06-24,Other/Undisclosed,34,Minneapolis,Usa,Paid Search,Budget
CUST105127,2025-03-13,Male,49,Chicago,Usa,Social Media,Premium
CUST104468,2024-11-19,Female,31,San Diego,Usa,Social Media,Budget
CUST100667,2023-04-16,Female,55,Boston,Usa,Email,Budget
CUST103019,2024-04-11,Female,30,San Diego,Usa,Affiliate,Budget
CUST100357,2023-02-26,Female,41,New York,Usa,Email,Mainstream
CUST105063,2025-03-01,Female,31,Miami,Usa,Social Media,Budget
CUST102831,2024-03-12,Male,18,Seattle,Usa,Referral,Mainstream
CUST102783,2024-03-05,Female,55,Denver,Usa,Organic Search,Mainstream
CUST101353,2023-07-25,Female,21,Portland,Usa,Affiliate,Mainstream
CUST105131,2025-03-13,Female,36,Seattle,Usa,Social Media,Mainstream
CUST100470,2023-03-16,Male,34,Chicago,Usa,Referral,Premium
CUST102703,2024-02-20,Female,28,Calgary,Canada,Referral,Mainstream
CUST103330,2024-05-27,Female,48,Montreal,Canada,Organic Search,Premium
CUST103637,2024-07-15,Female,49,San Diego,Usa,Affiliate,Premium
CUST101396,2023-07-31,Female,29,Chicago,Usa,Organic Search,Budget
CUST103584,2024-07-06,Male,38,Miami,Usa,Direct,Premium
CUST106305,2025-09-13,Male,38,Minneapolis,Usa,Paid Search,Premium
CUST105262,2025-03-31,Female,28,Dallas,Usa,Paid Search,Budget
CUST105645,2025-05-27,Male,28,Miami,Usa,Paid Search,Budget
CUST103376,2024-06-02,Female,25,Atlanta,Usa,Organic Search,Mainstream
CUST101256,2023-07-10,Female,38,Seattle,Usa,Direct,Mainstream
CUST106190,2025-08-22,Female,43,Boston,Usa,Direct,Budget
CUST103512,2024-06-25,Female,34,Nashville,Usa,Paid Search,Premium
CUST105651,2025-05-27,Female,48,Seattle,Usa,Paid Search,Budget
CUST105778,2025-06-19,Female,36,Dallas,Usa,Email,Mainstream
CUST101250,2023-07-10,Female,44,Dallas,Usa,Organic Search,Budget
CUST105795,2025-06-22,Female,53,Atlanta,Usa,Referral,Premium
CUST105348,2025-04-12,Male,28,Houston,Usa,Paid Search,Premium
CUST106755,2025-11-21,Female,47,Phoenix,Usa,Email,Budget
CUST104298,2024-10-23,Female,36,Minneapolis,Usa,Organic Search,Mainstream
CUST103284,2024-05-20,Male,39,Portland,Usa,Paid Search,Budget
CUST102933,2024-03-28,Male,22,Nashville,Usa,Email,Mainstream
CUST104175,2024-10-04,Female,36,New York,Usa,Direct,Budget
CUST105268,2025-04-01,Male,47,Calgary,Canada,Affiliate,Mainstream
CUST104910,2025-02-04,Male,18,Seattle,Usa,Direct,Mainstream
CUST101852,2023-10-11,Male,58,Los Angeles,Usa,Organic Search,Mainstream
CUST106575,2025-10-23,Male,46,Atlanta,Usa,Organic Search,Mainstream
CUST106843,2025-12-07,Male,38,Austin,Usa,Direct,Mainstream
CUST102105,2023-11-20,Female,18,Denver,Usa,Social Media,Mainstream
CUST100133,2023-01-24,Female,46,Chicago,Usa,Email,Budget
CUST105236,2025-03-28,Female,36,Nashville,Usa,Referral,Premium
CUST105029,2025-02-24,Female,35,Dallas,Usa,Direct,Mainstream
CUST100928,2023-05-24,Female,34,Houston,Usa,Direct,Premium
CUST100823,2023-05-09,Female,41,Dallas,Usa,Social Media,Budget
CUST106387,2025-09-29,Male,43,Boston,Usa,Organic Search,Budget
CUST101531,2023-08-20,Male,41,San Diego,Usa,Paid Search,Mainstream
CUST101214,2023-07-04,Male,54,Chicago,Usa,Direct,Budget
CUST100504,2023-03-20,Female,37,New York,Usa,Email,Premium
CUST104285,2024-10-21,Other/Undisclosed,41,Unknown,Usa,Organic Search,Mainstream
CUST101996,2023-11-04,Other/Undisclosed,39,Boston,Usa,Organic Search,Mainstream
CUST103072,2024-04-20,Male,24,Calgary,Canada,Organic Search,Budget
CUST101958,2023-10-29,Female,30,Chicago,Usa,Social Media,Mainstream
CUST101384,2023-07-29,Male,57,Unknown,Usa,Affiliate,Mainstream
CUST100894,2023-05-19,Female,47,Nashville,Usa,Direct,Budget
CUST104924,2025-02-06,Female,49,Phoenix,Usa,Social Media,Premium
CUST100455,2023-03-14,Male,47,Los Angeles,Usa,Social Media,Mainstream
CUST105779,2025-06-19,Male,26,Minneapolis,Usa,Social Media,Mainstream
CUST106511,2025-10-15,Female,39,Boston,Usa,Paid Search,Mainstream
CUST103709,2024-07-25,Male,24,Seattle,Usa,Organic Search,Mainstream
CUST106486,2025-10-12,Male,35,Minneapolis,Usa,Social Media,Mainstream
CUST104849,2025-01-24,Female,35,New York,Usa,Organic Search,Budget
CUST104748,2025-01-07,Female,39,Seattle,Usa,Referral,Budget
CUST104268,2024-10-18,Other/Undisclosed,30,San Diego,Usa,Social Media,Budget
CUST103522,2024-06-27,Female,56,Chicago,Usa,Paid Search,Premium
CUST104134,2024-09-26,Female,29,Denver,Usa,Affiliate,Budget
CUST103602,2024-07-08,Male,47,Miami,Usa,Organic Search,Budget
CUST106948,2025-12-22,Female,54,Denver,Usa,Referral,Budget
CUST100713,2023-04-22,Female,28,Los Angeles,Usa,Email,Mainstream
CUST104186,2024-10-05,Female,50,Denver,Usa,Social Media,Premium
CUST102214,2023-12-05,Female,49,Vancouver,Canada,Paid Search,Mainstream
CUST105301,2025-04-05,Female,36,Boston,Usa,Organic Search,Mainstream
CUST102923,2024-03-27,Male,27,New York,Usa,Direct,Budget
CUST101810,2023-10-05,Female,29,San Diego,Usa,Social Media,Premium
CUST103486,2024-06-21,Male,34,Chicago,Usa,Email,Mainstream
CUST103141,2024-04-30,Male,18,Phoenix,Usa,Direct,Mainstream
CUST101827,2023-10-07,Male,30,Vancouver,Canada,Social Media,Budget
CUST101155,2023-06-25,Male,29,Boston,Usa,Social Media,Budget
CUST101324,2023-07-20,Female,40,Miami,Usa,Direct,Mainstream
CUST104312,2024-10-26,Male,45,Houston,Usa,Referral,Budget
CUST100510,2023-03-21,Female,46,Phoenix,Usa,Referral,Premium
CUST101680,2023-09-16,Male,45,Montreal,Canada,Referral,Budget
CUST100499,2023-03-20,Female,43,Calgary,Canada,Email,Mainstream
CUST106654,2025-11-05,Female,45,New York,Usa,Referral,Premium
CUST101856,2023-10-11,Male,30,Miami,Usa,Affiliate,Budget
CUST101388,2023-07-30,Female,41,Miami,Usa,Social Media,Budget
CUST105615,2025-05-24,Male,30,Phoenix,Usa,Organic Search,Mainstream
CUST103719,2024-07-26,Female,39,Vancouver,Canada,Paid Search,Budget
CUST102386,2023-12-29,Female,33,Chicago,Usa,Organic Search,Mainstream
CUST105541,2025-05-11,Female,41,Toronto,Canada,Organic Search,Budget
CUST103236,2024-05-12,Female,38,Dallas,Usa,Social Media,Premium
CUST106172,2025-08-19,Male,48,Portland,Usa,Email,Budget
CUST101540,2023-08-23,Female,35,Nashville,Usa,Organic Search,Premium
CUST101217,2023-07-05,Male,41,Denver,Usa,Social Media,Premium
CUST102681,2024-02-17,Female,45,New York,Usa,Social Media,Mainstream
CUST102993,2024-04-05,Female,45,Dallas,Usa,Referral,Budget
CUST105512,2025-05-07,Male,40,San Diego,Usa,Direct,Budget
CUST106313,2025-09-15,Female,58,Boston,Usa,Direct,Mainstream
CUST101191,2023-07-01,Female,18,Phoenix,Usa,Email,Mainstream
CUST105772,2025-06-18,Male,30,Boston,Usa,Referral,Mainstream
CUST105293,2025-04-04,Male,29,Montreal,Canada,Paid Search,Mainstream
CUST101542,2023-08-23,Female,40,Vancouver,Canada,Direct,Mainstream
CUST103301,2024-05-22,Male,18,Nashville,Usa,Affiliate,Premium
CUST103324,2024-05-26,Male,51,Phoenix,Usa,Organic Search,Mainstream
CUST102539,2024-01-21,Female,31,New York,Usa,Social Media,Premium
CUST100953,2023-05-27,Male,39,Miami,Usa,Email,Budget
CUST104846,2025-01-24,Male,35,Phoenix,Usa,Organic Search,Mainstream
CUST104330,2024-10-29,Other/Undisclosed,29,Denver,Usa,Direct,Mainstream
CUST100732,2023-04-24,Male,25,Los Angeles,Usa,Paid Search,Premium
CUST101156,2023-06-25,Male,26,Montreal,Canada,Organic Search,Premium
CUST106510,2025-10-15,Male,42,Houston,Usa,Affiliate,Premium
CUST103294,2024-05-21,Male,59,Boston,Usa,Referral,Budget
CUST102982,2024-04-03,Male,20,Unknown,Usa,Organic Search,Premium
CUST105305,2025-04-06,Female,34,Nashville,Usa,Paid Search,Mainstream
CUST105161,2025-03-17,Female,32,Chicago,Usa,Paid Search,Mainstream
CUST102156,2023-11-27,Male,35,Denver,Usa,Affiliate,Mainstream
CUST101062,2023-06-13,Female,62,Phoenix,Usa,Direct,Budget
CUST102616,2024-02-06,Female,39,Atlanta,Usa,Direct,Budget
CUST101167,2023-06-27,Female,38,Houston,Usa,Referral,Mainstream
CUST103222,2024-05-10,Female,29,Chicago,Usa,Paid Search,Mainstream
CUST103636,2024-07-15,Female,28,Nashville,Usa,Paid Search,Budget
CUST105588,2025-05-20,Female,21,Houston,Usa,Referral,Mainstream
CUST102938,2024-03-29,Male,22,Montreal,Canada,Social Media,Premium
CUST104491,2024-11-24,Male,53,Atlanta,Usa,Organic Search,Mainstream
CUST103140,2024-04-30,Female,38,Phoenix,Usa,Direct,Mainstream
CUST104980,2025-02-16,Female,35,Dallas,Usa,Paid Search,Budget
CUST100143,2023-01-25,Female,18,Austin,Usa,Referral,Mainstream
CUST106968,2025-12-25,Female,33,Phoenix,Usa,Affiliate,Mainstream
CUST103577,2024-07-05,Other/Undisclosed,59,Calgary,Canada,Social Media,Premium
CUST104946,2025-02-11,Female,54,Boston,Usa,Social Media,Mainstream
CUST102782,2024-03-05,Female,60,Toronto,Canada,Social Media,Budget
CUST100717,2023-04-22,Female,36,Phoenix,Usa,Organic Search,Premium
CUST101819,2023-10-06,Female,51,San Diego,Usa,Referral,Budget
CUST102502,2024-01-14,Male,36,Denver,Usa,Paid Search,Premium
CUST104360,2024-11-02,Male,50,Portland,Usa,Paid Search,Mainstream
CUST104171,2024-10-03,Female,26,Atlanta,Usa,Social Media,Premium
CUST100395,2023-03-05,Male,31,Chicago,Usa,Referral,Budget
CUST105731,2025-06-11,Male,18,Chicago,Usa,Email,Mainstream
CUST106320,2025-09-16,Male,24,Portland,Usa,Email,Mainstream
CUST106796,2025-11-28,Male,63,Boston,Usa,Paid Search,Mainstream
CUST104492,2024-11-24,Female,18,Dallas,Usa,Email,Mainstream
CUST101365,2023-07-26,Female,21,Chicago,Usa,Direct,Budget
CUST106406,2025-10-02,Female,54,Minneapolis,Usa,Paid Search,Budget
CUST105999,2025-07-21,Female,52,New York,Usa,Social Media,Budget
CUST100595,2023-04-06,Female,35,Houston,Usa,Paid Search,Mainstream
CUST106205,2025-08-24,Female,33,Unknown,Canada,Referral,Budget
CUST103952,2024-08-29,Female,33,Dallas,Usa,Social Media,Premium
CUST105392,2025-04-17,Male,23,Austin,Usa,Paid Search,Budget
CUST105917,2025-07-11,Male,39,Atlanta,Usa,Organic Search,Mainstream
CUST104968,2025-02-15,Female,39,Atlanta,Usa,Paid Search,Mainstream
CUST102914,2024-03-26,Female,39,Chicago,Usa,Social Media,Premium
CUST106928,2025-12-20,Female,43,Dallas,Usa,Paid Search,Mainstream
CUST102326,2023-12-21,Male,51,Boston,Usa,Referral,Mainstream
CUST105644,2025-05-27,Female,34,Austin,Usa,Social Media,Mainstream
CUST103766,2024-08-01,Female,35,Montreal,Canada,Social Media,Premium
CUST103440,2024-06-11,Male,35,New York,Usa,Paid Search,Budget
CUST103851,2024-08-13,Female,32,Phoenix,Usa,Direct,Mainstream
CUST104132,2024-09-26,Male,34,New York,Usa,Paid Search,Premium
CUST106446,2025-10-07,Male,48,Minneapolis,Usa,Paid Search,Budget
CUST102143,2023-11-25,Female,49,Seattle,Usa,Social Media,Budget
CUST106483,2025-10-12,Male,55,Chicago,Usa,Paid Search,Mainstream
CUST105073,2025-03-03,Female,49,Chicago,Usa,Paid Search,Premium
CUST101571,2023-08-29,Female,39,New York,Usa,Social Media,Budget
CUST104079,2024-09-16,Female,39,Vancouver,Canada,Affiliate,Mainstream
CUST101122,2023-06-20,Male,52,Atlanta,Usa,Organic Search,Mainstream
CUST102786,2024-03-05,Female,28,Chicago,Usa,Paid Search,Mainstream
CUST106335,2025-09-19,Female,23,Dallas,Usa,Direct,Premium
CUST102967,2024-04-01,Male,50,Boston,Usa,Social Media,Mainstream
CUST102504,2024-01-15,Female,27,Boston,Usa,Paid Search,Budget
CUST105988,2025-07-20,Male,30,Denver,Usa,Direct,Budget
CUST103465,2024-06-18,Male,49,New York,Usa,Paid Search,Premium
CUST100675,2023-04-17,Female,27,Vancouver,Canada,Affiliate,Mainstream
CUST102808,2024-03-08,Female,33,Chicago,Usa,Referral,Premium
CUST103348,2024-05-28,Female,33,Minneapolis,Usa,Paid Search,Mainstream
CUST100728,2023-04-24,Female,56,Portland,Usa,Social Media,Mainstream
CUST100412,2023-03-08,Male,48,Minneapolis,Usa,Paid Search,Budget
CUST103146,2024-05-01,Female,33,Dallas,Usa,Paid Search,Mainstream
CUST101516,2023-08-18,Female,29,Los Angeles,Usa,Organic Search,Budget
CUST105745,2025-06-13,Male,32,Atlanta,Usa,Referral,Budget
CUST100825,2023-05-09,Female,31,Chicago,Usa,Email,Budget
CUST103267,2024-05-17,Female,30,Portland,Usa,Paid Search,Mainstream
CUST103974,2024-08-31,Female,26,Minneapolis,Usa,Social Media,Mainstream
CUST100616,2023-04-09,Male,45,New York,Usa,Referral,Budget
CUST100114,2023-01-20,Male,27,Montreal,Canada,Social Media,Mainstream
CUST100417,2023-03-08,Female,33,Boston,Usa,Social Media,Budget
CUST103069,2024-04-20,Male,43,Houston,Usa,Organic Search,Mainstream
CUST101625,2023-09-07,Female,48,Nashville,Usa,Referral,Premium
CUST106965,2025-12-25,Male,47,Seattle,Usa,Social Media,Budget
CUST104185,2024-10-05,Male,18,Unknown,Usa,Referral,Budget
CUST102896,2024-03-23,Male,36,Unknown,Usa,Email,Budget
CUST106563,2025-10-22,Female,49,Minneapolis,Usa,Direct,Mainstream
CUST102082,2023-11-15,Female,50,Chicago,Usa,Social Media,Premium
CUST100753,2023-04-27,Female,40,Chicago,Usa,Social Media,Premium
CUST102546,2024-01-22,Female,36,Toronto,Canada,Email,Mainstream
CUST103969,2024-08-30,Male,31,New York,Usa,Direct,Mainstream
CUST103373,2024-06-01,Female,27,Phoenix,Usa,Email,Budget
CUST105726,2025-06-10,Other/Undisclosed,39,Austin,Usa,Email,Premium
CUST104107,2024-09-21,Female,31,Phoenix,Usa,Social Media,Premium
CUST102444,2024-01-07,Female,43,Minneapolis,Usa,Organic Search,Mainstream
CUST104380,2024-11-05,Female,45,Seattle,Usa,Organic Search,Mainstream
CUST101066,2023-06-13,Male,55,Denver,Usa,Referral,Premium
CUST103913,2024-08-22,Male,51,Portland,Usa,Referral,Premium
CUST105287,2025-04-03,Male,34,San Diego,Usa,Organic Search,Budget
CUST105536,2025-05-11,Male,40,Dallas,Usa,Organic Search,Mainstream
CUST105387,2025-04-17,Male,34,San Diego,Usa,Organic Search,Mainstream
CUST105732,2025-06-11,Male,55,Denver,Usa,Email,Mainstream
CUST103498,2024-06-23,Male,18,San Diego,Usa,Referral,Budget
CUST102738,2024-02-26,Male,47,Phoenix,Usa,Referral,Premium
CUST105052,2025-02-28,Male,28,Austin,Usa,Organic Search,Budget
CUST104000,2024-09-04,Female,30,Nashville,Usa,Direct,Premium
CUST101568,2023-08-28,Female,22,Miami,Usa,Affiliate,Mainstream
CUST102427,2024-01-04,Male,50,Denver,Usa,Direct,Mainstream
CUST103746,2024-07-30,Male,37,New York,Usa,Referral,Budget
CUST106514,2025-10-16,Male,18,Montreal,Canada,Social Media,Mainstream
CUST101687,2023-09-18,Female,36,New York,Usa,Social Media,Mainstream
CUST100851,2023-05-12,Female,44,Los Angeles,Usa,Email,Premium
CUST103546,2024-06-30,Female,35,Unknown,Usa,Social Media,Mainstream
CUST106303,2025-09-13,Male,67,Montreal,Canada,Direct,Budget
CUST100895,2023-05-19,Female,30,Portland,Usa,Email,Budget
CUST104592,2024-12-12,Female,36,Phoenix,Usa,Direct,Budget
CUST106401,2025-10-01,Female,39,Seattle,Usa,Social Media,Mainstream
CUST105878,2025-07-05,Female,28,Seattle,Usa,Direct,Budget
CUST100335,2023-02-24,Female,50,Miami,Usa,Paid Search,Mainstream
CUST102839,2024-03-13,Male,30,New York,Usa,Direct,Premium
CUST103087,2024-04-22,Other/Undisclosed,22,New York,Usa,Referral,Mainstream
CUST104611,2024-12-15,Female,29,Phoenix,Usa,Organic Search,Budget
CUST101348,2023-07-25,Female,20,Miami,Usa,Organic Search,Mainstream
CUST101015,2023-06-05,Female,28,Chicago,Usa,Affiliate,Mainstream
CUST102816,2024-03-09,Female,36,Boston,Usa,Referral,Premium
CUST101631,2023-09-08,Female,36,Atlanta,Usa,Direct,Mainstream
CUST102489,2024-01-12,Female,34,New York,Usa,Paid Search,Budget
CUST103730,2024-07-28,Female,24,Chicago,Usa,Paid Search,Budget
CUST103251,2024-05-14,Female,22,Calgary,Canada,Paid Search,Mainstream
CUST106508,2025-10-15,Female,18,Chicago,Usa,Paid Search,Mainstream
CUST105877,2025-07-04,Female,27,New York,Usa,Email,Premium
CUST105881,2025-07-05,Female,41,Los Angeles,Usa,Organic Search,Mainstream
CUST102070,2023-11-14,Female,57,Los Angeles,Usa,Social Media,Mainstream
CUST104452,2024-11-17,Male,32,Chicago,Usa,Paid Search,Premium
CUST106865,2025-12-10,Female,38,Miami,Usa,Referral,Premium
CUST105408,2025-04-20,Female,44,San Diego,Usa,Social Media,Premium
CUST101635,2023-09-09,Female,48,Calgary,Canada,Organic Search,Mainstream
CUST104646,2024-12-19,Female,34,Houston,Usa,Social Media,Budget
CUST102479,2024-01-11,Male,57,Dallas,Usa,Direct,Budget
CUST102265,2023-12-13,Female,23,Nashville,Usa,Direct,Premium
CUST102959,2024-03-31,Male,47,Los Angeles,Usa,Organic Search,Mainstream
CUST105323,2025-04-09,Male,32,Houston,Usa,Social Media,Mainstream
CUST106642,2025-11-03,Female,44,Unknown,Usa,Paid Search,Mainstream
CUST103059,2024-04-19,Female,37,Boston,Usa,Paid Search,Premium
CUST105053,2025-02-28,Male,36,Montreal,Canada,Social Media,Budget
CUST105869,2025-07-04,Male,32,San Diego,Usa,Direct,Mainstream
CUST102141,2023-11-25,Male,31,Austin,Usa,Organic Search,Budget
CUST105104,2025-03-08,Male,36,Austin,Usa,Email,Premium
CUST103118,2024-04-26,Female,18,Atlanta,Usa,Direct,Mainstream
CUST105188,2025-03-21,Female,28,Phoenix,Usa,Organic Search,Budget
CUST106634,2025-11-02,Female,29,San Diego,Usa,Referral,Budget
CUST104045,2024-09-10,Female,44,Portland,Usa,Referral,Mainstream
CUST103356,2024-05-30,Female,31,Denver,Usa,Social Media,Premium
CUST102744,2024-02-27,Female,37,Boston,Usa,Social Media,Mainstream
CUST105092,2025-03-07,Male,64,Seattle,Usa,Organic Search,Budget
CUST103506,2024-06-24,Male,52,Los Angeles,Usa,Referral,Budget
CUST101679,2023-09-16,Female,30,Chicago,Usa,Email,Budget
CUST104249,2024-10-15,Male,41,Houston,Usa,Direct,Mainstream
CUST103147,2024-05-01,Female,33,Vancouver,Canada,Email,Premium
CUST102294,2023-12-17,Male,28,Boston,Usa,Organic Search,Mainstream
CUST100580,2023-04-05,Female,44,Calgary,Canada,Direct,Mainstream
CUST101470,2023-08-10,Male,35,Phoenix,Usa,Social Media,Premium
CUST104799,2025-01-15,Female,47,Boston,Usa,Paid Search,Premium
CUST104070,2024-09-14,Male,28,Toronto,Canada,Referral,Budget
CUST105308,2025-04-07,Male,36,Dallas,Usa,Social Media,Mainstream
CUST103343,2024-05-28,Female,27,Los Angeles,Usa,Paid Search,Premium
CUST104992,2025-02-18,Female,27,Minneapolis,Usa,Email,Mainstream
CUST104583,2024-12-11,Male,35,Houston,Usa,Social Media,Premium
CUST103672,2024-07-20,Male,22,Minneapolis,Usa,Organic Search,Budget
CUST100559,2023-03-31,Male,25,Denver,Usa,Organic Search,Mainstream
CUST105237,2025-03-28,Female,32,Austin,Usa,Email,Mainstream
CUST105215,2025-03-25,Female,38,Denver,Usa,Direct,Mainstream
CUST102849,2024-03-15,Male,38,Los Angeles,Usa,Social Media,Premium
CUST100512,2023-03-22,Male,39,Portland,Usa,Email,Budget
CUST104729,2025-01-04,Male,51,Dallas,Usa,Social Media,Premium
CUST101081,2023-06-15,Male,33,Denver,Usa,Paid Search,Premium
CUST101664,2023-09-14,Male,26,Los Angeles,Usa,Direct,Mainstream
CUST101012,2023-06-04,Male,44,Phoenix,Usa,Organic Search,Budget
CUST101931,2023-10-24,Female,41,Austin,Usa,Affiliate,Budget
CUST101150,2023-06-25,Male,24,Seattle,Usa,Direct,Mainstream
CUST102838,2024-03-13,Female,41,Calgary,Canada,Social Media,Premium
CUST105949,2025-07-16,Female,36,Minneapolis,Usa,Organic Search,Mainstream
CUST100116,2023-01-20,Female,29,Minneapolis,Usa,Email,Budget
CUST100740,2023-04-25,Male,58,Dallas,Usa,Direct,Mainstream
CUST106752,2025-11-21,Male,40,Seattle,Usa,Referral,Premium
CUST106070,2025-08-01,Female,47,Los Angeles,Usa,Affiliate,Mainstream
CUST105177,2025-03-19,Male,32,Phoenix,Usa,Organic Search,Mainstream
CUST103675,2024-07-21,Female,46,Phoenix,Usa,Organic Search,Mainstream
CUST105906,2025-07-09,Female,23,Houston,Usa,Affiliate,Mainstream
CUST100830,2023-05-10,Female,27,Denver,Usa,Direct,Mainstream
CUST100119,2023-01-21,Other/Undisclosed,39,Chicago,Usa,Organic Search,Mainstream
CUST104752,2025-01-08,Male,27,San Diego,Usa,Social Media,Budget
CUST106710,2025-11-16,Female,20,Minneapolis,Usa,Social Media,Mainstream
CUST106656,2025-11-05,Female,36,Calgary,Canada,Social Media,Premium
CUST106953,2025-12-23,Female,35,Seattle,Usa,Organic Search,Premium
CUST100635,2023-04-12,Female,36,Phoenix,Usa,Email,Premium
CUST104465,2024-11-19,Male,45,San Diego,Usa,Direct,Mainstream
CUST104364,2024-11-03,Male,32,Dallas,Usa,Direct,Mainstream
CUST104142,2024-09-28,Female,37,Miami,Usa,Social Media,Premium
CUST100991,2023-06-02,Male,36,Houston,Usa,Paid Search,Budget
CUST100876,2023-05-16,Male,21,Los Angeles,Usa,Direct,Budget
CUST104869,2025-01-27,Female,26,Seattle,Usa,Paid Search,Mainstream
CUST105315,2025-04-08,Female,44,Nashville,Usa,Email,Budget
CUST105222,2025-03-26,Male,25,Montreal,Canada,Organic Search,Premium
CUST100004,2023-01-02,Male,42,Vancouver,Canada,Paid Search,Premium
CUST103051,2024-04-17,Female,45,Seattle,Usa,Paid Search,Mainstream
CUST105691,2025-06-03,Female,48,Chicago,Usa,Social Media,Budget
CUST103124,2024-04-27,Female,35,Calgary,Canada,Paid Search,Mainstream
CUST106407,2025-10-02,Male,41,Phoenix,Usa,Paid Search,Budget
CUST102660,2024-02-12,Male,48,Chicago,Usa,Organic Search,Mainstream
CUST102491,2024-01-13,Male,32,Vancouver,Canada,Affiliate,Mainstream
CUST105173,2025-03-19,Female,29,Chicago,Usa,Organic Search,Budget
CUST103854,2024-08-13,Female,42,Portland,Usa,Social Media,Budget
CUST104933,2025-02-10,Male,21,Houston,Usa,Social Media,Mainstream
CUST104777,2025-01-12,Male,49,Los Angeles,Usa,Paid Search,Premium
CUST101715,2023-09-22,Female,40,Houston,Usa,Direct,Mainstream
CUST106448,2025-10-07,Male,32,Miami,Usa,Referral,Premium
CUST106457,2025-10-08,Female,53,Austin,Usa,Direct,Budget
CUST106293,2025-09-10,Female,36,Boston,Usa,Organic Search,Mainstream
CUST101148,2023-06-25,Female,35,Nashville,Usa,Paid Search,Mainstream
CUST103261,2024-05-16,Male,45,Vancouver,Canada,Email,Budget
CUST100574,2023-04-03,Female,24,Chicago,Usa,Paid Search,Budget
CUST103769,2024-08-02,Female,63,Portland,Usa,Affiliate,Budget
CUST103736,2024-07-29,Female,24,Los Angeles,Usa,Social Media,Budget
CUST104146,2024-09-28,Female,40,Miami,Usa,Social Media,Mainstream
CUST100853,2023-05-13,Female,45,Miami,Usa,Organic Search,Premium
CUST101982,2023-11-01,Female,41,Los Angeles,Usa,Organic Search,Mainstream
CUST102774,2024-03-04,Female,31,Phoenix,Usa,Email,Budget
CUST105919,2025-07-11,Other/Undisclosed,41,Vancouver,Canada,Paid Search,Mainstream
CUST104929,2025-02-08,Male,50,San Diego,Usa,Organic Search,Mainstream
CUST105211,2025-03-24,Female,22,Phoenix,Usa,Organic Search,Budget
CUST101166,2023-06-27,Male,21,Calgary,Canada,Social Media,Mainstream
CUST106002,2025-07-22,Male,42,Chicago,Usa,Direct,Budget
CUST100971,2023-05-30,Female,41,Atlanta,Usa,Email,Premium
CUST102701,2024-02-19,Female,34,New York,Usa,Organic Search,Budget
CUST104495,2024-11-25,Female,31,Miami,Usa,Paid Search,Mainstream
CUST103847,2024-08-13,Female,25,Denver,Usa,Email,Mainstream
CUST102368,2023-12-27,Female,36,Vancouver,Canada,Paid Search,Budget
CUST104115,2024-09-22,Male,39,Dallas,Usa,Direct,Budget
CUST104780,2025-01-12,Female,67,Boston,Usa,Social Media,Premium
CUST104131,2024-09-26,Male,20,Chicago,Usa,Social Media,Budget
CUST102950,2024-03-30,Female,58,Montreal,Canada,Paid Search,Mainstream
CUST105625,2025-05-25,Male,42,Portland,Usa,Direct,Budget
CUST100524,2023-03-25,Male,41,Boston,Usa,Organic Search,Budget
CUST102455,2024-01-08,Male,33,San Diego,Usa,Affiliate,Mainstream
CUST105016,2025-02-22,Male,23,Los Angeles,Usa,Paid Search,Mainstream
CUST101841,2023-10-09,Female,46,Denver,Usa,Email,Mainstream
CUST105986,2025-07-20,Male,23,Miami,Usa,Organic Search,Budget
CUST100537,2023-03-27,Male,56,Austin,Usa,Referral,Mainstream
CUST102806,2024-03-07,Male,30,Los Angeles,Usa,Social Media,Mainstream
CUST105801,2025-06-23,Female,31,Phoenix,Usa,Email,Mainstream
CUST105596,2025-05-21,Female,38,Seattle,Usa,Paid Search,Budget
CUST104341,2024-10-30,Female,36,San Diego,Usa,Organic Search,Premium
CUST103175,2024-05-04,Female,29,Portland,Usa,Organic Search,Premium
CUST100784,2023-05-02,Male,39,Chicago,Usa,Email,Mainstream
CUST104057,2024-09-12,Female,33,San Diego,Usa,Referral,Premium
CUST101409,2023-08-02,Female,37,Atlanta,Usa,Social Media,Budget
CUST102537,2024-01-21,Female,40,Dallas,Usa,Organic Search,Mainstream
CUST100154,2023-01-27,Female,37,Dallas,Usa,Organic Search,Mainstream
CUST103009,2024-04-09,Male,20,Vancouver,Canada,Referral,Mainstream
CUST101686,2023-09-18,Female,34,Toronto,Canada,Email,Budget
CUST102901,2024-03-24,Female,36,Austin,Usa,Email,Mainstream
CUST106964,2025-12-25,Female,49,San Diego,Usa,Email,Mainstream
CUST104721,2025-01-02,Male,39,Portland,Usa,Direct,Budget
CUST103863,2024-08-14,Male,21,Nashville,Usa,Paid Search,Mainstream
CUST102733,2024-02-25,Female,39,Chicago,Usa,Email,Budget
CUST101895,2023-10-18,Female,34,Austin,Usa,Paid Search,Mainstream
CUST105442,2025-04-26,Female,40,Los Angeles,Usa,Organic Search,Premium
CUST100569,2023-04-03,Female,47,Nashville,Usa,Email,Mainstream
CUST105854,2025-07-01,Male,39,Miami,Usa,Paid Search,Budget
CUST101816,2023-10-06,Female,41,Portland,Usa,Email,Mainstream
CUST102065,2023-11-14,Female,36,Phoenix,Usa,Affiliate,Mainstream
CUST100127,2023-01-23,Male,31,Dallas,Usa,Organic Search,Premium
CUST103394,2024-06-04,Female,33,Houston,Usa,Paid Search,Mainstream
CUST103327,2024-05-26,Male,18,Los Angeles,Usa,Social Media,Premium
CUST106102,2025-08-07,Male,38,Miami,Usa,Paid Search,Mainstream
CUST102975,2024-04-03,Female,45,Montreal,Canada,Organic Search,Mainstream
CUST100980,2023-05-31,Female,25,Seattle,Usa,Paid Search,Mainstream
CUST102300,2023-12-17,Female,37,Boston,Usa,Email,Mainstream
CUST100190,2023-02-02,Female,28,Austin,Usa,Direct,Budget
CUST101139,2023-06-22,Female,41,Austin,Usa,Organic Search,Mainstream
CUST105088,2025-03-06,Female,45,Houston,Usa,Social Media,Mainstream
CUST100699,2023-04-20,Female,36,Houston,Usa,Email,Premium
CUST106711,2025-11-16,Female,42,Nashville,Usa,Paid Search,Premium
CUST100606,2023-04-08,Male,49,Phoenix,Usa,Organic Search,Premium
CUST104276,2024-10-20,Female,61,Boston,Usa,Paid Search,Budget
CUST100301,2023-02-19,Female,38,New York,Usa,Paid Search,Mainstream
CUST103420,2024-06-07,Male,28,Portland,Usa,Referral,Mainstream
CUST106769,2025-11-24,Female,18,Seattle,Usa,Organic Search,Mainstream
CUST101060,2023-06-12,Other/Undisclosed,18,Nashville,Usa,Social Media,Mainstream
CUST106826,2025-12-04,Female,37,New York,Usa,Referral,Budget
CUST106890,2025-12-14,Male,45,Los Angeles,Usa,Organic Search,Mainstream
CUST102565,2024-01-27,Male,44,Atlanta,Usa,Paid Search,Budget
CUST101069,2023-06-14,Male,32,Minneapolis,Usa,Paid Search,Mainstream
CUST102524,2024-01-19,Male,36,Phoenix,Usa,Paid Search,Budget
CUST102205,2023-12-03,Female,39,Dallas,Usa,Organic Search,Budget
CUST101243,2023-07-09,Female,36,Los Angeles,Usa,Social Media,Premium
CUST100016,2023-01-03,Male,48,Unknown,Usa,Affiliate,Budget
CUST103120,2024-04-27,Male,47,Unknown,Canada,Direct,Premium
CUST104642,2024-12-19,Female,36,Atlanta,Usa,Email,Mainstream
CUST104754,2025-01-08,Male,48,New York,Usa,Paid Search,Budget
CUST100815,2023-05-07,Male,32,New York,Usa,Direct,Premium
CUST103067,2024-04-20,Female,34,Boston,Usa,Organic Search,Mainstream
CUST106716,2025-11-16,Male,43,Austin,Usa,Referral,Premium
CUST105600,2025-05-21,Female,34,Seattle,Usa,Social Media,Mainstream
CUST100959,2023-05-28,Male,55,Dallas,Usa,Affiliate,Budget
CUST106427,2025-10-05,Female,39,Los Angeles,Usa,Organic Search,Mainstream
CUST104893,2025-02-02,Male,37,Houston,Usa,Organic Search,Budget
CUST100225,2023-02-07,Male,34,Los Angeles,Usa,Email,Budget
CUST106170,2025-08-19,Female,30,Atlanta,Usa,Organic Search,Mainstream
CUST103354,2024-05-29,Female,18,Denver,Usa,Paid Search,Mainstream
CUST105895,2025-07-07,Male,45,Atlanta,Usa,Referral,Budget
CUST102485,2024-01-12,Female,51,Denver,Usa,Direct,Mainstream
CUST100562,2023-04-01,Female,31,Phoenix,Usa,Social Media,Premium
CUST103436,2024-06-11,Male,34,New York,Usa,Organic Search,Premium
CUST106373,2025-09-27,Female,38,Nashville,Usa,Organic Search,Mainstream
CUST106181,2025-08-20,Female,29,Montreal,Canada,Organic Search,Mainstream
CUST101693,2023-09-19,Male,27,Los Angeles,Usa,Organic Search,Premium
CUST101045,2023-06-10,Female,40,Los Angeles,Usa,Paid Search,Mainstream
CUST103446,2024-06-12,Male,25,Calgary,Canada,Affiliate,Premium
CUST104565,2024-12-07,Female,36,Phoenix,Usa,Email,Budget
CUST100954,2023-05-27,Female,43,Nashville,Usa,Email,Mainstream
CUST102735,2024-02-25,Female,37,Nashville,Usa,Direct,Budget
CUST106896,2025-12-15,Female,40,Los Angeles,Usa,Direct,Premium
CUST104735,2025-01-05,Female,42,Portland,Usa,Organic Search,Premium
CUST106772,2025-11-25,Male,49,Los Angeles,Usa,Paid Search,Budget
CUST101218,2023-07-05,Female,33,Denver,Usa,Email,Mainstream
CUST105254,2025-03-30,Female,41,Denver,Usa,Paid Search,Budget
CUST105511,2025-05-07,Male,18,Denver,Usa,Social Media,Mainstream
CUST106686,2025-11-10,Male,51,Los Angeles,Usa,Email,Mainstream
CUST101527,2023-08-19,Female,30,Toronto,Canada,Organic Search,Budget
CUST103987,2024-09-01,Female,34,New York,Usa,Paid Search,Mainstream
CUST106941,2025-12-21,Female,36,Los Angeles,Usa,Paid Search,Premium
CUST101300,2023-07-16,Female,31,Phoenix,Usa,Paid Search,Budget
CUST106878,2025-12-13,Female,36,Los Angeles,Usa,Social Media,Mainstream
CUST105699,2025-06-04,Female,42,San Diego,Usa,Paid Search,Mainstream
CUST100160,2023-01-28,Female,32,Dallas,Usa,Social Media,Budget
CUST104067,2024-09-14,Male,45,Los Angeles,Usa,Social Media,Mainstream
CUST105800,2025-06-23,Male,22,Phoenix,Usa,Organic Search,Mainstream
CUST100956,2023-05-27,Female,32,Montreal,Canada,Paid Search,Premium
CUST103791,2024-08-04,Female,18,Miami,Usa,Social Media,Mainstream
CUST103234,2024-05-12,Female,35,Montreal,Canada,Paid Search,Budget
CUST102869,2024-03-18,Male,37,Toronto,Canada,Email,Premium
CUST103777,2024-08-03,Male,41,Portland,Usa,Referral,Budget
CUST104433,2024-11-12,Female,22,Dallas,Usa,Affiliate,Premium
CUST104973,2025-02-15,Female,20,Houston,Usa,Organic Search,Mainstream
CUST106015,2025-07-24,Male,23,San Diego,Usa,Organic Search,Mainstream
CUST102961,2024-04-01,Male,34,Montreal,Canada,Paid Search,Mainstream
CUST105980,2025-07-20,Other/Undisclosed,40,Seattle,Usa,Referral,Mainstream
CUST102200,2023-12-03,Male,42,San Diego,Usa,Email,Mainstream
CUST100098,2023-01-16,Male,33,Nashville,Usa,Affiliate,Budget
CUST106836,2025-12-05,Male,34,San Diego,Usa,Affiliate,Budget
CUST102557,2024-01-24,Male,40,Minneapolis,Usa,Affiliate,Premium
CUST103183,2024-05-06,Male,36,San Diego,Usa,Organic Search,Budget
CUST100253,2023-02-10,Male,29,Los Angeles,Usa,Paid Search,Mainstream
CUST103923,2024-08-24,Female,23,Minneapolis,Usa,Organic Search,Mainstream
CUST104199,2024-10-07,Male,34,Miami,Usa,Organic Search,Mainstream
CUST101445,2023-08-06,Male,23,Portland,Usa,Organic Search,Mainstream
CUST105539,2025-05-11,Female,25,Miami,Usa,Paid Search,Budget
CUST101648,2023-09-12,Male,42,Atlanta,Usa,Paid Search,Budget
CUST104682,2024-12-26,Female,18,Houston,Usa,Paid Search,Budget
CUST104723,2025-01-03,Male,45,Chicago,Usa,Referral,Budget
CUST103991,2024-09-03,Other/Undisclosed,38,Phoenix,Usa,Email,Mainstream
CUST101696,2023-09-19,Female,33,Denver,Usa,Organic Search,Budget
CUST103191,2024-05-07,Female,38,Denver,Usa,Paid Search,Mainstream
CUST106197,2025-08-23,Female,31,Atlanta,Usa,Email,Mainstream
CUST106295,2025-09-11,Male,40,Los Angeles,Usa,Organic Search,Budget
CUST104499,2024-11-25,Male,31,Houston,Usa,Paid Search,Premium
CUST101154,2023-06-25,Female,39,Minneapolis,Usa,Email,Budget
CUST102255,2023-12-11,Male,26,Dallas,Usa,Paid Search,Mainstream
CUST101682,2023-09-17,Female,53,New York,Usa,Organic Search,Mainstream
CUST103170,2024-05-04,Female,32,Los Angeles,Usa,Referral,Mainstream
CUST102056,2023-11-12,Female,28,Miami,Usa,Social Media,Budget
CUST104090,2024-09-18,Female,39,Portland,Usa,Referral,Mainstream
CUST106857,2025-12-09,Male,33,Phoenix,Usa,Affiliate,Mainstream
CUST103108,2024-04-25,Female,37,New York,Usa,Paid Search,Budget
CUST104548,2024-12-03,Female,35,Austin,Usa,Direct,Mainstream
CUST103723,2024-07-27,Female,31,Calgary,Canada,Direct,Mainstream
CUST106397,2025-09-30,Male,47,Seattle,Usa,Organic Search,Mainstream
CUST105423,2025-04-23,Female,40,Boston,Usa,Email,Premium
CUST102049,2023-11-12,Female,22,Chicago,Usa,Paid Search,Budget
CUST104976,2025-02-16,Male,32,Dallas,Usa,Social Media,Mainstream
CUST103643,2024-07-16,Female,50,Vancouver,Canada,Social Media,Premium
CUST106936,2025-12-21,Female,36,Phoenix,Usa,Paid Search,Premium
CUST100623,2023-04-10,Female,30,San Diego,Usa,Social Media,Mainstream
CUST106489,2025-10-12,Female,36,Vancouver,Canada,Paid Search,Mainstream
CUST106764,2025-11-24,Female,57,Los Angeles,Usa,Social Media,Premium
CUST105883,2025-07-05,Male,33,Miami,Usa,Direct,Mainstream
CUST100262,2023-02-12,Female,47,Houston,Usa,Organic Search,Premium
CUST105730,2025-06-11,Female,20,Seattle,Usa,Direct,Mainstream
CUST103369,2024-06-01,Male,36,Vancouver,Canada,Social Media,Premium
CUST104061,2024-09-13,Female,18,Toronto,Canada,Organic Search,Premium
CUST105534,2025-05-11,Female,24,Seattle,Usa,Organic Search,Mainstream
CUST106294,2025-09-11,Female,40,Portland,Usa,Paid Search,Mainstream
CUST106065,2025-07-31,Female,37,Dallas,Usa,Paid Search,Mainstream
CUST106616,2025-10-30,Male,39,Vancouver,Canada,Social Media,Premium
CUST101802,2023-10-05,Male,33,Portland,Usa,Organic Search,Mainstream
CUST104736,2025-01-05,Male,44,Vancouver,Canada,Paid Search,Mainstream
CUST102385,2023-12-29,Female,44,San Diego,Usa,Social Media,Premium
CUST106694,2025-11-12,Female,52,Minneapolis,Usa,Direct,Premium
CUST105759,2025-06-16,Female,33,San Diego,Usa,Paid Search,Budget
CUST101959,2023-10-29,Female,31,Dallas,Usa,Paid Search,Premium
CUST102976,2024-04-03,Male,42,Calgary,Canada,Paid Search,Budget
CUST100488,2023-03-18,Other/Undisclosed,36,Phoenix,Usa,Organic Search,Mainstream
CUST101843,2023-10-09,Male,35,Calgary,Canada,Paid Search,Mainstream
CUST101734,2023-09-25,Male,23,Atlanta,Usa,Social Media,Mainstream
CUST102911,2024-03-25,Male,34,Dallas,Usa,Organic Search,Mainstream
CUST103219,2024-05-10,Female,32,Denver,Usa,Social Media,Mainstream
CUST100146,2023-01-26,Female,20,San Diego,Usa,Email,Budget
CUST105630,2025-05-25,Female,27,Phoenix,Usa,Direct,Mainstream
CUST101986,2023-11-02,Male,26,Los Angeles,Usa,Social Media,Mainstream
CUST101369,2023-07-27,Male,32,Denver,Usa,Organic Search,Budget
CUST106546,2025-10-20,Male,50,Toronto,Canada,Email,Premium
CUST106051,2025-07-30,Female,40,Minneapolis,Usa,Social Media,Mainstream
CUST102811,2024-03-08,Male,23,San Diego,Usa,Direct,Budget
CUST100659,2023-04-15,Female,34,Nashville,Usa,Paid Search,Mainstream
CUST101794,2023-10-02,Male,37,Dallas,Usa,Paid Search,Mainstream
CUST102511,2024-01-16,Male,39,Vancouver,Canada,Paid Search,Budget
CUST103397,2024-06-05,Female,25,Calgary,Canada,Organic Search,Mainstream
CUST104282,2024-10-21,Female,25,Denver,Usa,Referral,Mainstream
CUST101147,2023-06-24,Female,41,Seattle,Usa,Paid Search,Budget
CUST103272,2024-05-18,Female,30,Nashville,Usa,Paid Search,Premium
CUST100608,2023-04-08,Male,23,Portland,Usa,Affiliate,Premium
CUST106287,2025-09-10,Female,25,Denver,Usa,Direct,Premium
CUST103582,2024-07-06,Male,30,Nashville,Usa,Social Media,Mainstream
CUST101930,2023-10-24,Female,24,Minneapolis,Usa,Direct,Mainstream
CUST100197,2023-02-03,Female,33,Portland,Usa,Email,Budget
CUST102931,2024-03-28,Female,32,Unknown,Usa,Paid Search,Mainstream
CUST102327,2023-12-21,Female,41,Atlanta,Usa,Organic Search,Mainstream
CUST104389,2024-11-06,Male,33,San Diego,Usa,Referral,Mainstream
CUST100766,2023-04-29,Female,57,Atlanta,Usa,Social Media,Premium
CUST104496,2024-11-25,Female,30,Portland,Usa,Direct,Budget
CUST104218,2024-10-10,Male,45,Dallas,Usa,Social Media,Mainstream
CUST103255,2024-05-15,Female,30,Dallas,Usa,Email,Mainstream
CUST100202,2023-02-03,Male,50,Seattle,Usa,Social Media,Mainstream
CUST103510,2024-06-25,Female,48,Chicago,Usa,Social Media,Mainstream
CUST104931,2025-02-09,Female,50,Boston,Usa,Paid Search,Mainstream
CUST106390,2025-09-29,Male,49,Montreal,Canada,Direct,Premium
CUST105535,2025-05-11,Female,28,Phoenix,Usa,Direct,Mainstream
CUST101733,2023-09-25,Female,34,Boston,Usa,Direct,Mainstream
CUST105791,2025-06-22,Male,45,Toronto,Canada,Direct,Premium
CUST102777,2024-03-04,Male,39,Toronto,Canada,Organic Search,Budget
CUST101707,2023-09-21,Male,27,Dallas,Usa,Email,Premium
CUST105172,2025-03-19,Other/Undisclosed,52,Seattle,Usa,Paid Search,Premium
CUST105249,2025-03-29,Female,49,Chicago,Usa,Social Media,Premium
CUST105757,2025-06-16,Male,36,Chicago,Usa,Paid Search,Budget
CUST103474,2024-06-19,Male,19,Nashville,Usa,Organic Search,Mainstream
CUST106528,2025-10-17,Male,26,Los Angeles,Usa,Paid Search,Mainstream
CUST105855,2025-07-01,Female,44,Austin,Usa,Paid Search,Budget
CUST100854,2023-05-13,Male,35,Dallas,Usa,Affiliate,Premium
CUST105685,2025-06-02,Other/Undisclosed,49,Dallas,Usa,Organic Search,Mainstream
CUST106363,2025-09-25,Male,33,Vancouver,Canada,Social Media,Mainstream
CUST104737,2025-01-05,Female,29,Phoenix,Usa,Social Media,Budget
CUST104097,2024-09-18,Male,24,Austin,Usa,Paid Search,Premium
CUST102160,2023-11-27,Female,51,Minneapolis,Usa,Social Media,Premium
CUST100698,2023-04-20,Female,53,New York,Usa,Organic Search,Budget
CUST106961,2025-12-24,Male,40,Los Angeles,Usa,Direct,Premium
CUST102999,2024-04-07,Male,44,Vancouver,Canada,Social Media,Budget
CUST103696,2024-07-24,Female,28,Seattle,Usa,Social Media,Budget
CUST101636,2023-09-09,Female,48,Seattle,Usa,Direct,Budget
CUST103457,2024-06-16,Female,27,Austin,Usa,Email,Budget
CUST103581,2024-07-06,Male,32,Atlanta,Usa,Email,Budget
CUST101291,2023-07-15,Female,27,Dallas,Usa,Referral,Mainstream
CUST104659,2024-12-22,Female,30,Seattle,Usa,Social Media,Budget
CUST106585,2025-10-24,Male,26,Calgary,Canada,Social Media,Mainstream
CUST105616,2025-05-24,Female,47,San Diego,Usa,Social Media,Mainstream
CUST101853,2023-10-11,Male,50,Minneapolis,Usa,Paid Search,Budget
CUST105232,2025-03-27,Female,30,Nashville,Usa,Affiliate,Budget
CUST103763,2024-08-01,Female,39,Toronto,Canada,Affiliate,Mainstream
CUST103304,2024-05-22,Male,38,Nashville,Usa,Email,Mainstream
CUST106914,2025-12-18,Female,31,Boston,Usa,Organic Search,Mainstream
CUST105727,2025-06-10,Male,41,Los Angeles,Usa,Referral,Budget
CUST103743,2024-07-30,Male,34,Chicago,Usa,Social Media,Budget
CUST103445,2024-06-12,Male,50,Nashville,Usa,Paid Search,Mainstream
CUST101998,2023-11-04,Female,35,Portland,Usa,Affiliate,Mainstream
CUST100663,2023-04-15,Female,44,Portland,Usa,Organic Search,Mainstream
CUST104779,2025-01-12,Female,43,Los Angeles,Usa,Direct,Premium
CUST105353,2025-04-13,Male,24,San Diego,Usa,Social Media,Mainstream
CUST103748,2024-07-30,Male,38,Portland,Usa,Direct,Premium
CUST104413,2024-11-09,Male,26,Austin,Usa,Affiliate,Budget
CUST104744,2025-01-06,Male,46,Chicago,Usa,Affiliate,Budget
CUST105530,2025-05-10,Female,31,Toronto,Canada,Organic Search,Mainstream
CUST105575,2025-05-18,Female,21,Dallas,Usa,Paid Search,Mainstream
CUST100709,2023-04-21,Female,33,Minneapolis,Usa,Direct,Budget
CUST101282,2023-07-14,Male,52,Austin,Usa,Direct,Premium
CUST105864,2025-07-03,Male,49,Montreal,Canada,Direct,Budget
CUST105068,2025-03-03,Male,50,Dallas,Usa,Social Media,Mainstream
CUST102675,2024-02-15,Other/Undisclosed,35,Chicago,Usa,Organic Search,Mainstream
CUST106776,2025-11-26,Male,26,Calgary,Canada,Email,Mainstream
CUST104029,2024-09-08,Female,58,Calgary,Canada,Direct,Premium
CUST101306,2023-07-18,Female,23,Portland,Usa,Organic Search,Premium
CUST105496,2025-05-04,Male,52,Minneapolis,Usa,Referral,Budget
CUST105504,2025-05-06,Female,36,San Diego,Usa,Social Media,Mainstream
CUST102237,2023-12-09,Male,29,Atlanta,Usa,Direct,Mainstream
CUST103302,2024-05-22,Female,33,Dallas,Usa,Organic Search,Mainstream
CUST105592,2025-05-20,Female,43,Austin,Usa,Referral,Premium
CUST102038,2023-11-10,Female,18,Seattle,Usa,Social Media,Premium
CUST101529,2023-08-20,Female,18,Phoenix,Usa,Email,Mainstream
CUST101663,2023-09-14,Female,36,Montreal,Canada,Paid Search,Budget
CUST105450,2025-04-27,Female,33,Minneapolis,Usa,Social Media,Budget
CUST106944,2025-12-22,Female,31,Miami,Usa,Organic Search,Mainstream
CUST106970,2025-12-26,Female,48,Minneapolis,Usa,Direct,Premium
CUST103627,2024-07-12,Female,38,Phoenix,Usa,Direct,Premium
CUST105739,2025-06-12,Other/Undisclosed,51,New York,Usa,Referral,Budget
CUST105147,2025-03-15,Female,35,Miami,Usa,Organic Search,Mainstream
CUST104891,2025-02-01,Female,44,Toronto,Canada,Direct,Budget
CUST102693,2024-02-18,Female,31,Los Angeles,Usa,Email,Mainstream
CUST103060,2024-04-19,Female,34,Unknown,Canada,Organic Search,Mainstream
CUST101597,2023-09-02,Male,28,Miami,Usa,Organic Search,Premium
CUST106700,2025-11-14,Male,42,Minneapolis,Usa,Email,Budget
CUST102729,2024-02-24,Female,32,Austin,Usa,Organic Search,Budget
CUST102625,2024-02-07,Female,25,Calgary,Canada,Referral,Budget
CUST105915,2025-07-11,Male,38,Minneapolis,Usa,Paid Search,Mainstream
CUST103157,2024-05-03,Male,34,Houston,Usa,Direct,Mainstream
CUST103314,2024-05-25,Female,35,Portland,Usa,Direct,Mainstream
CUST101722,2023-09-22,Female,18,Minneapolis,Usa,Paid Search,Mainstream
CUST105279,2025-04-02,Female,35,Seattle,Usa,Organic Search,Mainstream
CUST106668,2025-11-08,Male,57,Chicago,Usa,Paid Search,Mainstream
CUST101059,2023-06-12,Male,18,Atlanta,Usa,Organic Search,Premium
CUST104636,2024-12-18,Female,33,Atlanta,Usa,Email,Budget
CUST103242,2024-05-13,Female,41,Montreal,Canada,Paid Search,Mainstream
CUST101678,2023-09-16,Female,18,Austin,Usa,Affiliate,Premium
CUST106374,2025-09-27,Female,18,Chicago,Usa,Referral,Premium
CUST106628,2025-11-01,Female,34,Denver,Usa,Social Media,Premium
CUST101757,2023-09-27,Female,23,Toronto,Canada,Paid Search,Budget
CUST106019,2025-07-24,Female,37,San Diego,Usa,Organic Search,Budget
CUST104191,2024-10-06,Female,51,Austin,Usa,Social Media,Mainstream
CUST105116,2025-03-10,Male,30,Vancouver,Canada,Email,Budget
CUST100563,2023-04-01,Male,38,Nashville,Usa,Direct,Premium
CUST102790,2024-03-06,Male,33,Boston,Usa,Referral,Mainstream
CUST100863,2023-05-14,Other/Undisclosed,26,Nashville,Usa,Direct,Mainstream
CUST101484,2023-08-12,Female,44,New York,Usa,Social Media,Mainstream
CUST105977,2025-07-20,Male,32,Houston,Usa,Paid Search,Mainstream
CUST105134,2025-03-14,Female,47,Phoenix,Usa,Paid Search,Budget
CUST100206,2023-02-04,Female,41,Houston,Usa,Affiliate,Mainstream
CUST104488,2024-11-23,Male,36,Los Angeles,Usa,Paid Search,Premium
CUST100870,2023-05-16,Female,33,Austin,Usa,Paid Search,Premium
CUST104493,2024-11-24,Male,38,Montreal,Canada,Paid Search,Premium
CUST100502,2023-03-20,Male,36,Portland,Usa,Paid Search,Mainstream
CUST101028,2023-06-07,Female,23,Phoenix,Usa,Direct,Mainstream
CUST103840,2024-08-12,Female,50,San Diego,Usa,Social Media,Budget
CUST102690,2024-02-18,Male,39,Minneapolis,Usa,Direct,Mainstream
CUST105581,2025-05-19,Female,41,Phoenix,Usa,Affiliate,Budget
CUST106756,2025-11-21,Male,44,Toronto,Canada,Organic Search,Mainstream
CUST105056,2025-03-01,Male,33,Houston,Usa,Affiliate,Premium
CUST101570,2023-08-28,Female,30,Dallas,Usa,Paid Search,Budget
CUST102773,2024-03-04,Female,45,Los Angeles,Usa,Direct,Mainstream
CUST105991,2025-07-21,Male,22,Portland,Usa,Affiliate,Premium
CUST102731,2024-02-24,Female,31,Portland,Usa,Affiliate,Mainstream
CUST106242,2025-09-01,Male,20,Nashville,Usa,Direct,Mainstream
CUST100804,2023-05-05,Female,35,Austin,Usa,Social Media,Mainstream
CUST105847,2025-06-30,Male,36,Calgary,Canada,Organic Search,Budget
CUST103645,2024-07-16,Male,43,Seattle,Usa,Organic Search,Budget
CUST102454,2024-01-07,Female,28,Phoenix,Usa,Direct,Mainstream
CUST104598,2024-12-13,Female,38,Boston,Usa,Direct,Mainstream
CUST103104,2024-04-25,Male,18,New York,Usa,Paid Search,Premium
CUST104875,2025-01-29,Male,48,San Diego,Usa,Email,Mainstream
CUST105959,2025-07-17,Other/Undisclosed,25,Seattle,Usa,Organic Search,Mainstream
CUST100200,2023-02-03,Male,38,Nashville,Usa,Organic Search,Budget
CUST106278,2025-09-08,Male,21,Austin,Usa,Social Media,Premium
CUST103099,2024-04-24,Female,33,Denver,Usa,Social Media,Mainstream
CUST106184,2025-08-21,Female,37,Phoenix,Usa,Social Media,Budget
CUST102278,2023-12-14,Male,40,Austin,Usa,Paid Search,Budget
CUST103561,2024-07-02,Female,40,Minneapolis,Usa,Organic Search,Premium
CUST105892,2025-07-06,Female,20,Portland,Usa,Paid Search,Budget
CUST104474,2024-11-21,Male,40,Los Angeles,Usa,Direct,Budget
CUST106432,2025-10-05,Female,38,Calgary,Canada,Social Media,Mainstream
CUST104514,2024-11-28,Female,30,Denver,Usa,Email,Mainstream
CUST105794,2025-06-22,Female,39,Chicago,Usa,Organic Search,Premium
CUST100391,2023-03-05,Male,36,Montreal,Canada,Paid Search,Mainstream
CUST106736,2025-11-18,Male,37,Seattle,Usa,Referral,Mainstream
CUST105618,2025-05-24,Male,29,Miami,Usa,Paid Search,Mainstream
CUST105258,2025-03-31,Female,18,Minneapolis,Usa,Social Media,Premium
CUST101495,2023-08-14,Female,38,Toronto,Canada,Paid Search,Budget
CUST102695,2024-02-18,Female,27,Vancouver,Canada,Direct,Budget
CUST102027,2023-11-08,Female,18,Toronto,Canada,Paid Search,Budget
CUST105248,2025-03-29,Male,65,Nashville,Usa,Direct,Budget
CUST105463,2025-04-29,Female,41,Los Angeles,Usa,Social Media,Mainstream
CUST102568,2024-01-28,Female,44,Vancouver,Canada,Direct,Mainstream
CUST100064,2023-01-10,Other/Undisclosed,32,Austin,Usa,Direct,Mainstream
CUST103884,2024-08-18,Female,40,Nashville,Usa,Organic Search,Mainstream
CUST102062,2023-11-13,Female,49,Calgary,Canada,Email,Mainstream
CUST105276,2025-04-02,Female,18,San Diego,Usa,Social Media,Mainstream
CUST100492,2023-03-19,Female,43,Portland,Usa,Paid Search,Budget
CUST100379,2023-03-03,Female,24,Seattle,Usa,Email,Premium
CUST106331,2025-09-19,Female,40,Atlanta,Usa,Paid Search,Mainstream
CUST104859,2025-01-26,Female,40,Los Angeles,Usa,Paid Search,Budget
CUST106360,2025-09-25,Female,31,Montreal,Canada,Email,Premium
CUST103993,2024-09-03,Female,55,Minneapolis,Usa,Social Media,Budget
CUST104887,2025-02-01,Male,30,Phoenix,Usa,Social Media,Budget
CUST101076,2023-06-14,Male,36,Montreal,Canada,Affiliate,Mainstream
CUST100878,2023-05-16,Male,36,San Diego,Usa,Organic Search,Budget
CUST100337,2023-02-24,Female,28,Chicago,Usa,Organic Search,Premium
CUST106863,2025-12-10,Male,29,Toronto,Canada,Paid Search,Mainstream
CUST106439,2025-10-06,Male,20,Vancouver,Canada,Referral,Mainstream
CUST101016,2023-06-05,Female,29,Phoenix,Usa,Organic Search,Budget
CUST101275,2023-07-13,Female,50,Houston,Usa,Email,Mainstream
CUST103798,2024-08-05,Male,37,Calgary,Canada,Organic Search,Budget
CUST104551,2024-12-04,Male,38,Seattle,Usa,Organic Search,Mainstream
CUST103342,2024-05-28,Male,54,Phoenix,Usa,Email,Budget
CUST104911,2025-02-04,Female,43,Minneapolis,Usa,Paid Search,Budget
CUST106413,2025-10-03,Female,23,Chicago,Usa,Paid Search,Premium
CUST100995,2023-06-02,Female,41,Nashville,Usa,Social Media,Premium
CUST101981,2023-11-01,Female,37,Toronto,Canada,Email,Premium
CUST104297,2024-10-23,Male,60,Seattle,Usa,Paid Search,Premium
CUST100161,2023-01-28,Male,18,Houston,Usa,Social Media,Mainstream
CUST105675,2025-05-31,Other/Undisclosed,24,Toronto,Canada,Paid Search,Mainstream
CUST106873,2025-12-12,Female,39,Seattle,Usa,Referral,Budget
CUST106545,2025-10-20,Female,36,Los Angeles,Usa,Email,Premium
CUST104798,2025-01-15,Female,43,Los Angeles,Usa,Social Media,Mainstream
CUST101500,2023-08-15,Female,22,Dallas,Usa,Organic Search,Premium
CUST103843,2024-08-12,Female,23,Houston,Usa,Email,Premium
CUST105225,2025-03-27,Male,57,Vancouver,Canada,Referral,Budget
CUST102613,2024-02-06,Male,36,Dallas,Usa,Social Media,Budget
CUST103461,2024-06-16,Female,43,Minneapolis,Usa,Email,Budget
CUST101021,2023-06-06,Female,39,San Diego,Usa,Organic Search,Budget
CUST103073,2024-04-20,Male,35,Chicago,Usa,Social Media,Mainstream
CUST103943,2024-08-28,Female,27,Los Angeles,Usa,Organic Search,Premium
CUST101585,2023-09-01,Female,26,Austin,Usa,Direct,Premium
CUST101955,2023-10-28,Female,36,San Diego,Usa,Referral,Premium
CUST103152,2024-05-02,Male,45,Unknown,Usa,Organic Search,Mainstream
CUST106349,2025-09-22,Female,45,New York,Usa,Paid Search,Budget
CUST100034,2023-01-06,Male,45,Minneapolis,Usa,Social Media,Mainstream
CUST104014,2024-09-07,Male,32,Boston,Usa,Organic Search,Budget
CUST100775,2023-04-30,Female,44,San Diego,Usa,Organic Search,Mainstream
CUST102556,2024-01-24,Female,36,Los Angeles,Usa,Direct,Premium
CUST101478,2023-08-10,Male,63,Portland,Usa,Affiliate,Mainstream
CUST105486,2025-05-03,Female,40,Seattle,Usa,Organic Search,Premium
CUST106235,2025-08-30,Male,38,Boston,Usa,Organic Search,Mainstream
CUST101363,2023-07-26,Male,36,Dallas,Usa,Direct,Mainstream
CUST102612,2024-02-05,Female,19,Toronto,Canada,Social Media,Mainstream
CUST102824,2024-03-10,Male,33,Boston,Usa,Paid Search,Premium
CUST102041,2023-11-11,Female,36,Dallas,Usa,Paid Search,Budget
CUST100241,2023-02-09,Female,59,Chicago,Usa,Email,Budget
CUST102061,2023-11-13,Female,25,San Diego,Usa,Paid Search,Budget
CUST102363,2023-12-27,Male,42,New York,Usa,Direct,Mainstream
CUST100600,2023-04-07,Female,43,Seattle,Usa,Direct,Mainstream
CUST102435,2024-01-06,Female,24,Houston,Usa,Paid Search,Mainstream
CUST105393,2025-04-17,Female,36,Denver,Usa,Organic Search,Budget
CUST106310,2025-09-15,Female,33,Nashville,Usa,Affiliate,Mainstream
CUST102888,2024-03-22,Other/Undisclosed,47,Austin,Usa,Organic Search,Mainstream
CUST106164,2025-08-18,Female,26,Austin,Usa,Organic Search,Mainstream
CUST100646,2023-04-13,Female,36,Atlanta,Usa,Paid Search,Budget
CUST103890,2024-08-19,Female,18,Dallas,Usa,Direct,Budget
CUST103556,2024-07-02,Male,33,Minneapolis,Usa,Email,Budget
CUST103202,2024-05-08,Other/Undisclosed,24,Unknown,Usa,Social Media,Budget
CUST101528,2023-08-20,Male,39,Boston,Usa,Email,Budget
CUST106975,2025-12-26,Female,18,Houston,Usa,Referral,Budget
CUST101267,2023-07-12,Male,47,San Diego,Usa,Organic Search,Budget
CUST101899,2023-10-19,Female,33,Atlanta,Usa,Email,Budget
CUST104658,2024-12-22,Female,29,Miami,Usa,Social Media,Budget
CUST103005,2024-04-08,Female,29,Houston,Usa,Email,Mainstream
CUST102734,2024-02-25,Female,52,Seattle,Usa,Organic Search,Budget
CUST100189,2023-02-02,Female,33,Portland,Usa,Email,Mainstream
CUST101806,2023-10-05,Other/Undisclosed,35,Minneapolis,Usa,Email,Mainstream
CUST100975,2023-05-31,Male,18,Los Angeles,Usa,Organic Search,Premium
CUST102747,2024-02-28,Other/Undisclosed,45,Los Angeles,Usa,Social Media,Premium
CUST102047,2023-11-12,Male,35,Phoenix,Usa,Social Media,Mainstream
CUST102558,2024-01-24,Male,40,New York,Usa,Social Media,Premium
CUST101082,2023-06-15,Male,39,Atlanta,Usa,Direct,Budget
CUST100474,2023-03-17,Female,18,Dallas,Usa,Social Media,Mainstream
CUST102904,2024-03-24,Female,42,Austin,Usa,Referral,Budget
CUST104843,2025-01-24,Female,42,New York,Usa,Paid Search,Mainstream
CUST106396,2025-09-30,Male,38,Atlanta,Usa,Paid Search,Budget
CUST104117,2024-09-23,Male,41,Houston,Usa,Direct,Budget
CUST103385,2024-06-03,Male,34,Nashville,Usa,Email,Budget
CUST104555,2024-12-04,Male,19,Austin,Usa,Social Media,Mainstream
CUST101184,2023-06-30,Other/Undisclosed,18,Miami,Usa,Organic Search,Mainstream
CUST106420,2025-10-03,Female,36,Atlanta,Usa,Social Media,Budget
CUST105051,2025-02-28,Male,34,Montreal,Canada,Organic Search,Budget
CUST105311,2025-04-07,Other/Undisclosed,35,Nashville,Usa,Social Media,Mainstream
CUST102433,2024-01-05,Female,36,Chicago,Usa,Direct,Budget
CUST106949,2025-12-22,Female,46,Dallas,Usa,Organic Search,Mainstream
CUST105611,2025-05-23,Female,30,Chicago,Usa,Social Media,Premium
CUST102391,2023-12-29,Male,28,Los Angeles,Usa,Organic Search,Premium
CUST100769,2023-04-29,Male,51,Miami,Usa,Organic Search,Budget
CUST101685,2023-09-17,Male,56,Boston,Usa,Social Media,Mainstream
CUST100130,2023-01-23,Female,36,Denver,Usa,Organic Search,Premium
CUST102919,2024-03-26,Male,37,Chicago,Usa,Direct,Budget
CUST103171,2024-05-04,Female,54,Phoenix,Usa,Paid Search,Mainstream
CUST103444,2024-06-12,Female,36,Los Angeles,Usa,Social Media,Budget
CUST106231,2025-08-30,Female,48,Unknown,Usa,Social Media,Mainstream
CUST105578,2025-05-18,Female,45,Montreal,Canada,Paid Search,Budget
CUST104426,2024-11-11,Female,41,Unknown,Canada,Organic Search,Premium
CUST105334,2025-04-10,Female,36,Dallas,Usa,Organic Search,Mainstream
CUST100466,2023-03-15,Female,25,Dallas,Usa,Social Media,Budget
CUST106265,2025-09-05,Female,43,Minneapolis,Usa,Organic Search,Premium
CUST105734,2025-06-12,Female,35,Minneapolis,Usa,Paid Search,Mainstream
CUST103092,2024-04-23,Female,18,Phoenix,Usa,Organic Search,Budget
CUST103772,2024-08-02,Female,38,Montreal,Canada,Email,Budget
CUST105191,2025-03-21,Female,25,Seattle,Usa,Organic Search,Budget
CUST105226,2025-03-27,Other/Undisclosed,44,Atlanta,Usa,Email,Mainstream
CUST105390,2025-04-17,Male,45,San Diego,Usa,Organic Search,Mainstream
CUST100860,2023-05-14,Female,20,Miami,Usa,Organic Search,Mainstream
