return_id,order_id,product_id,return_date,return_reason,returned_quantity,refund_amount
RET900000,ORD500006,PROD1132,2023-01-27,No Longer Needed,1,71.99
RET900001,ORD500015,PROD1107,2023-01-13,Changed Mind,1,132.2
RET900002,ORD500036,PROD1191,2023-01-12,Size/Fit Issue,1,31.43
RET900003,ORD500072,PROD1218,2023-01-17,Size/Fit Issue,1,89.62
RET900004,ORD500072,PROD1068,2023-01-25,Defective/Damaged,1,72.86
RET900005,ORD500080,PROD1043,2023-01-17,Defective/Damaged,1,27.72
RET900006,ORD500085,PROD1233,2023-01-15,No Longer Needed,1,210.1
RET900007,ORD500120,PROD1107,2023-01-29,Not as Described,1,132.2
RET900008,ORD500123,PROD1259,2023-01-15,Defective/Damaged,1,76.04
RET900009,ORD500147,PROD1255,2023-01-23,Changed Mind,2,40.0
RET900010,ORD500150,PROD1079,2023-01-13,Not as Described,2,415.02
RET900011,ORD500161,PROD1156,2023-01-23,Not as Described,1,174.1
RET900012,ORD500174,PROD1165,2023-01-24,No Longer Needed,1,66.91
RET900013,ORD500187,PROD1085,2023-01-20,Not Specified,1,73.03
RET900014,ORD500262,PROD1258,2023-01-25,Size/Fit Issue,1,128.51
RET900015,ORD500293,PROD1213,2023-01-30,Better Price Found,1,130.86
RET900016,ORD500295,PROD1237,2023-01-27,Wrong Item Shipped,1,190.21
RET900017,ORD500301,PROD1107,2023-01-24,Defective/Damaged,1,132.2
RET900018,ORD500360,PROD1211,2023-02-13,Not as Described,1,58.9
RET900019,ORD500386,PROD1128,2023-02-09,No Longer Needed,1,211.71
RET900020,ORD500395,PROD1033,2023-01-25,Better Price Found,1,185.77
RET900021,ORD500407,PROD1020,2023-02-08,Not as Described,1,70.97
RET900022,ORD500415,PROD1206,2023-01-30,Defective/Damaged,1,159.99
RET900023,ORD500425,PROD1001,2023-02-03,No Longer Needed,1,89.0
RET900024,ORD500458,PROD1214,2023-01-26,Size/Fit Issue,2,241.4
RET900025,ORD500473,PROD1058,2023-02-18,No Longer Needed,1,46.18
RET900026,ORD500473,PROD1147,2023-02-08,Size/Fit Issue,1,42.77
RET900027,ORD500478,PROD1165,2023-02-15,No Longer Needed,3,200.73
RET900028,ORD500514,PROD1191,2023-01-26,Wrong Item Shipped,1,42.59
RET900029,ORD500532,PROD1003,2023-01-25,Wrong Item Shipped,1,88.29
RET900030,ORD500566,PROD1234,2023-02-12,Changed Mind,1,273.87
RET900031,ORD500651,PROD1143,2023-02-14,Not as Described,1,78.25
RET900032,ORD500651,PROD1169,2023-02-13,Not Specified,1,285.61
RET900033,ORD500664,PROD1158,2023-01-30,Size/Fit Issue,1,53.08
RET900034,ORD500676,PROD1230,2023-02-06,Not as Described,1,138.35
RET900035,ORD500678,PROD1158,2023-01-31,Not as Described,1,53.08
RET900036,ORD500680,PROD1152,2023-02-04,No Longer Needed,1,86.17
RET900037,ORD500716,PROD1090,2023-02-07,Defective/Damaged,1,149.74
RET900038,ORD500717,PROD1207,2023-02-26,Better Price Found,1,31.62
RET900039,ORD500761,PROD1075,2023-02-22,No Longer Needed,1,60.21
RET900040,ORD500787,PROD1249,2023-02-13,Defective/Damaged,1,79.75
RET900041,ORD500795,PROD1259,2023-02-19,Size/Fit Issue,1,77.67
RET900042,ORD500801,PROD1021,2023-02-20,Not as Described,1,78.92
RET900043,ORD500845,PROD1164,2023-02-20,Changed Mind,1,89.2
RET900044,ORD500848,PROD1224,2023-02-16,Changed Mind,1,256.54
RET900045,ORD500849,PROD1258,2023-02-13,Size/Fit Issue,1,128.51
RET900046,ORD500858,PROD1065,2023-03-03,Defective/Damaged,1,62.65
RET900047,ORD500862,PROD1055,2023-02-15,Defective/Damaged,1,56.59
RET900048,ORD500873,PROD1233,2023-02-28,Wrong Item Shipped,2,474.8
RET900049,ORD500895,PROD1119,2023-02-26,No Longer Needed,1,115.39
RET900050,ORD500899,PROD1165,2023-02-11,Defective/Damaged,1,66.91
RET900051,ORD500899,PROD1075,2023-02-20,Defective/Damaged,1,60.21
RET900052,ORD500901,PROD1199,2023-02-16,Defective/Damaged,1,183.07
RET900053,ORD500909,PROD1155,2023-02-18,Better Price Found,1,78.32
RET900054,ORD500922,PROD1165,2023-02-27,Better Price Found,1,66.91
RET900055,ORD500956,PROD1147,2023-02-19,No Longer Needed,1,20.0
RET900056,ORD500970,PROD1007,2023-03-04,Better Price Found,1,260.61
RET900057,ORD500975,PROD1253,2023-02-27,Not as Described,2,54.27
RET900058,ORD500978,PROD1064,2023-02-14,Wrong Item Shipped,1,53.79
RET900059,ORD501002,PROD1135,2023-02-13,Changed Mind,1,109.82
RET900060,ORD501012,PROD1119,2023-02-20,Size/Fit Issue,1,115.39
RET900061,ORD501016,PROD1253,2023-03-01,Not as Described,1,36.57
RET900062,ORD501029,PROD1177,2023-02-15,Not as Described,1,324.5
RET900063,ORD501044,PROD1090,2023-02-17,Changed Mind,1,149.74
RET900064,ORD501054,PROD1179,2023-02-15,Not as Described,1,185.55
RET900065,ORD501056,PROD1067,2023-02-19,Not as Described,1,53.75
RET900066,ORD501090,PROD1203,2023-03-11,Size/Fit Issue,1,111.22
RET900067,ORD501122,PROD1001,2023-03-08,No Longer Needed,1,89.0
RET900068,ORD501124,PROD1179,2023-03-07,Not as Described,2,371.1
RET900069,ORD501146,PROD1258,2023-03-09,Not as Described,1,128.51
RET900070,ORD501154,PROD1191,2023-02-25,Changed Mind,1,39.95
RET900071,ORD501157,PROD1001,2023-03-12,Wrong Item Shipped,1,89.0
RET900072,ORD501163,PROD1127,2023-03-03,Wrong Item Shipped,1,60.63
RET900073,ORD501164,PROD1030,2023-02-15,Better Price Found,1,60.2
RET900074,ORD501174,PROD1258,2023-03-13,Not as Described,1,128.51
RET900075,ORD501188,PROD1167,2023-03-15,Not as Described,1,16.48
RET900076,ORD501194,PROD1001,2023-03-13,Not as Described,1,86.77
RET900077,ORD501202,PROD1147,2023-03-16,Better Price Found,1,56.65
RET900078,ORD501245,PROD1140,2023-03-03,Not as Described,1,98.1
RET900079,ORD501252,PROD1147,2023-03-08,No Longer Needed,3,169.95
RET900080,ORD501265,PROD1165,2023-02-25,No Longer Needed,1,66.91
RET900081,ORD501274,PROD1023,2023-03-05,Size/Fit Issue,1,101.06
RET900082,ORD501295,PROD1200,2023-03-09,Defective/Damaged,1,106.04
RET900083,ORD501296,PROD1043,2023-03-07,Defective/Damaged,1,22.04
RET900084,ORD501299,PROD1033,2023-02-24,Changed Mind,1,185.77
RET900085,ORD501305,PROD1160,2023-03-05,Better Price Found,1,64.71
RET900086,ORD501341,PROD1144,2023-03-11,Changed Mind,1,201.6
RET900087,ORD501346,PROD1191,2023-03-12,Not as Described,1,42.59
RET900088,ORD501346,PROD1147,2023-03-03,Wrong Item Shipped,1,56.65
RET900089,ORD501378,PROD1071,2023-02-25,Wrong Item Shipped,1,166.35
RET900090,ORD501387,PROD1169,2023-03-22,Better Price Found,1,285.61
RET900091,ORD501450,PROD1174,2023-03-17,Wrong Item Shipped,1,27.31
RET900092,ORD501463,PROD1121,2023-03-09,Defective/Damaged,1,104.1
RET900093,ORD501509,PROD1031,2023-03-25,Not as Described,1,61.68
RET900094,ORD501524,PROD1020,2023-03-03,Not as Described,1,61.67
RET900095,ORD501577,PROD1180,2023-03-21,Defective/Damaged,1,183.8
RET900096,ORD501590,PROD1139,2023-03-17,Not as Described,1,297.03
RET900097,ORD501606,PROD1001,2023-03-28,Better Price Found,1,89.0
RET900098,ORD501617,PROD1057,2023-03-28,Not as Described,1,47.42
RET900099,ORD501622,PROD1049,2023-03-06,Defective/Damaged,2,108.76
RET900100,ORD501644,PROD1232,2023-03-11,Not as Described,1,34.28
RET900101,ORD501655,PROD1012,2023-03-18,Changed Mind,3,644.55
RET900102,ORD501672,PROD1152,2023-03-31,Defective/Damaged,1,86.17
RET900103,ORD501680,PROD1003,2023-03-24,No Longer Needed,1,76.37
RET900104,ORD501719,PROD1126,2023-03-09,Size/Fit Issue,1,212.95
RET900105,ORD501721,PROD1001,2023-04-03,No Longer Needed,1,89.0
RET900106,ORD501722,PROD1061,2023-03-28,Defective/Damaged,1,15.96
RET900107,ORD501737,PROD1216,2023-03-13,Better Price Found,1,260.5
RET900108,ORD501739,PROD1031,2023-03-14,Not as Described,2,123.36
RET900109,ORD501741,PROD1012,2023-03-31,Size/Fit Issue,1,214.85
RET900110,ORD501779,PROD1203,2023-03-26,Wrong Item Shipped,1,111.22
RET900111,ORD501780,PROD1012,2023-03-12,Defective/Damaged,1,214.85
RET900112,ORD501788,PROD1059,2023-03-19,No Longer Needed,1,38.65
RET900113,ORD501790,PROD1253,2023-03-11,Better Price Found,1,20.0
RET900114,ORD501807,PROD1089,2023-03-19,Not as Described,1,170.93
RET900115,ORD501824,PROD1131,2023-03-19,Better Price Found,1,78.43
RET900116,ORD501885,PROD1031,2023-03-18,Changed Mind,1,48.6
RET900117,ORD501888,PROD1107,2023-03-30,Wrong Item Shipped,1,132.2
RET900118,ORD501902,PROD1135,2023-03-23,Wrong Item Shipped,1,109.82
RET900119,ORD501950,PROD1159,2023-03-15,Size/Fit Issue,1,9.0
RET900120,ORD501952,PROD1012,2023-04-05,Better Price Found,1,214.85
RET900121,ORD501965,PROD1165,2023-03-20,Defective/Damaged,1,66.91
RET900122,ORD501979,PROD1165,2023-03-28,Defective/Damaged,1,66.91
RET900123,ORD501986,PROD1001,2023-03-31,Size/Fit Issue,1,89.0
RET900124,ORD501986,PROD1231,2023-03-19,Changed Mind,1,78.58
RET900125,ORD501987,PROD1207,2023-03-29,Defective/Damaged,1,29.25
RET900126,ORD501995,PROD1224,2023-03-24,Defective/Damaged,1,256.54
RET900127,ORD502014,PROD1207,2023-04-12,No Longer Needed,1,26.37
RET900128,ORD502019,PROD1162,2023-03-26,Size/Fit Issue,1,72.45
RET900129,ORD502019,PROD1212,2023-04-11,Size/Fit Issue,1,50.59
RET900130,ORD502019,PROD1001,2023-03-27,Better Price Found,1,89.0
RET900131,ORD502026,PROD1255,2023-04-07,Changed Mind,1,130.19
RET900132,ORD502032,PROD1149,2023-04-09,Defective/Damaged,1,132.46
RET900133,ORD502042,PROD1128,2023-04-06,No Longer Needed,1,211.71
RET900134,ORD502056,PROD1237,2023-04-12,No Longer Needed,1,190.21
RET900135,ORD502070,PROD1090,2023-04-01,Defective/Damaged,1,149.74
RET900136,ORD502072,PROD1207,2023-04-10,Changed Mind,1,31.62
RET900137,ORD502097,PROD1000,2023-04-16,Changed Mind,1,54.6
RET900138,ORD502112,PROD1055,2023-04-11,No Longer Needed,1,60.39
RET900139,ORD502117,PROD1213,2023-04-18,Defective/Damaged,1,125.23
RET900140,ORD502118,PROD1116,2023-04-18,Not as Described,1,80.78
RET900141,ORD502121,PROD1207,2023-03-30,Changed Mind,1,31.62
RET900142,ORD502131,PROD1177,2023-04-02,No Longer Needed,1,324.5
RET900143,ORD502132,PROD1203,2023-04-01,Not as Described,1,111.22
RET900144,ORD502139,PROD1191,2023-03-29,Better Price Found,1,42.59
RET900145,ORD502142,PROD1259,2023-03-31,Changed Mind,1,77.67
RET900146,ORD502172,PROD1071,2023-03-24,Changed Mind,3,499.05
RET900147,ORD502201,PROD1001,2023-03-26,No Longer Needed,1,75.12
RET900148,ORD502222,PROD1169,2023-03-27,Better Price Found,1,285.61
RET900149,ORD502269,PROD1232,2023-04-13,Not as Described,1,34.28
RET900150,ORD502278,PROD1091,2023-03-29,Changed Mind,1,208.22
RET900151,ORD502297,PROD1052,2023-04-11,Better Price Found,2,244.82
RET900152,ORD502302,PROD1160,2023-04-01,Size/Fit Issue,1,64.71
RET900153,ORD502309,PROD1016,2023-04-16,Size/Fit Issue,1,16.39
RET900154,ORD502338,PROD1125,2023-04-07,Better Price Found,1,75.85
RET900155,ORD502355,PROD1069,2023-04-23,Not as Described,1,30.25
RET900156,ORD502368,PROD1218,2023-04-23,Defective/Damaged,1,89.62
RET900157,ORD502369,PROD1179,2023-04-27,Not Specified,1,185.55
RET900158,ORD502373,PROD1207,2023-04-16,Defective/Damaged,1,31.62
RET900159,ORD502377,PROD1184,2023-04-10,Size/Fit Issue,1,16.83
RET900160,ORD502378,PROD1204,2023-04-09,Wrong Item Shipped,1,54.71
RET900161,ORD502388,PROD1220,2023-04-25,Size/Fit Issue,1,54.38
RET900162,ORD502389,PROD1147,2023-04-28,Not as Described,1,56.65
RET900163,ORD502436,PROD1001,2023-04-05,Changed Mind,1,89.0
RET900164,ORD502436,PROD1189,2023-04-22,Wrong Item Shipped,1,129.55
RET900165,ORD502462,PROD1028,2023-04-12,Defective/Damaged,1,123.87
RET900166,ORD502518,PROD1150,2023-04-18,No Longer Needed,1,194.91
RET900167,ORD502530,PROD1179,2023-04-07,No Longer Needed,1,185.55
RET900168,ORD502535,PROD1020,2023-04-13,Changed Mind,2,141.94
RET900169,ORD502555,PROD1123,2023-04-12,Defective/Damaged,1,77.79
RET900170,ORD502594,PROD1147,2023-04-10,Changed Mind,1,50.76
RET900171,ORD502595,PROD1165,2023-04-26,Better Price Found,1,63.56
RET900172,ORD502622,PROD1086,2023-04-26,Better Price Found,1,20.0
RET900173,ORD502647,PROD1055,2023-05-07,Better Price Found,1,71.81
RET900174,ORD502654,PROD1080,2023-05-03,Better Price Found,3,254.97
RET900175,ORD502663,PROD1001,2023-05-05,Size/Fit Issue,1,89.0
RET900176,ORD502674,PROD1173,2023-04-13,Changed Mind,1,96.63
RET900177,ORD502690,PROD1147,2023-04-21,Not Specified,1,55.01
RET900178,ORD502701,PROD1152,2023-04-28,No Longer Needed,1,72.99
RET900179,ORD502708,PROD1071,2023-04-26,No Longer Needed,1,150.71
RET900180,ORD502709,PROD1159,2023-04-13,No Longer Needed,1,10.73
RET900181,ORD502710,PROD1012,2023-04-26,Size/Fit Issue,1,214.85
RET900182,ORD502718,PROD1107,2023-05-08,Not as Described,1,132.2
RET900183,ORD502722,PROD1247,2023-04-24,No Longer Needed,1,276.76
RET900184,ORD502723,PROD1235,2023-04-18,Changed Mind,1,56.93
RET900185,ORD502732,PROD1170,2023-04-28,Better Price Found,1,143.39
RET900186,ORD502739,PROD1090,2023-04-29,Size/Fit Issue,1,114.4
RET900187,ORD502739,PROD1082,2023-05-09,Not as Described,1,155.54
RET900188,ORD502743,PROD1136,2023-04-29,Changed Mind,1,21.43
RET900189,ORD502761,PROD1075,2023-04-29,Size/Fit Issue,1,60.21
RET900190,ORD502763,PROD1189,2023-04-30,Wrong Item Shipped,1,129.55
RET900191,ORD502763,PROD1165,2023-04-24,Defective/Damaged,1,66.91
RET900192,ORD502773,PROD1037,2023-04-22,Size/Fit Issue,1,121.73
RET900193,ORD502785,PROD1108,2023-05-01,Better Price Found,1,39.5
RET900194,ORD502798,PROD1147,2023-05-07,Not as Described,3,169.95
RET900195,ORD502813,PROD1020,2023-04-23,No Longer Needed,1,70.97
RET900196,ORD502833,PROD1111,2023-05-04,Size/Fit Issue,1,212.9
RET900197,ORD502841,PROD1119,2023-04-24,Changed Mind,3,334.4
RET900198,ORD502843,PROD1251,2023-05-14,Size/Fit Issue,1,47.09
RET900199,ORD502845,PROD1230,2023-05-04,No Longer Needed,1,138.35
RET900200,ORD502849,PROD1203,2023-05-01,Better Price Found,1,111.22
RET900201,ORD502857,PROD1020,2023-05-04,Changed Mind,2,103.33
RET900202,ORD502867,PROD1160,2023-04-28,Not as Described,1,60.5
RET900203,ORD502867,PROD1170,2023-05-01,Defective/Damaged,1,134.64
RET900204,ORD502899,PROD1126,2023-05-04,Size/Fit Issue,1,160.56
RET900205,ORD502901,PROD1107,2023-05-08,Defective/Damaged,2,218.39
RET900206,ORD502905,PROD1207,2023-04-19,Changed Mind,1,27.26
RET900207,ORD502906,PROD1016,2023-05-05,Better Price Found,1,13.13
RET900208,ORD502916,PROD1251,2023-04-22,Wrong Item Shipped,1,41.72
RET900209,ORD502917,PROD1179,2023-04-22,Defective/Damaged,1,152.34
RET900210,ORD502917,PROD1251,2023-04-21,No Longer Needed,1,39.04
RET900211,ORD502943,PROD1130,2023-05-16,Changed Mind,3,230.49
RET900212,ORD502966,PROD1012,2023-04-26,Not as Described,1,214.85
RET900213,ORD503000,PROD1207,2023-05-09,Size/Fit Issue,1,31.62
RET900214,ORD503009,PROD1001,2023-04-26,Not as Described,1,89.0
RET900215,ORD503016,PROD1054,2023-05-09,Size/Fit Issue,1,9.39
RET900216,ORD503061,PROD1160,2023-05-18,Wrong Item Shipped,1,60.12
RET900217,ORD503120,PROD1096,2023-05-07,Better Price Found,2,246.0
RET900218,ORD503149,PROD1068,2023-05-15,Defective/Damaged,1,72.86
RET900219,ORD503158,PROD1122,2023-05-05,Size/Fit Issue,1,35.66
RET900220,ORD503180,PROD1068,2023-05-17,No Longer Needed,1,65.28
RET900221,ORD503185,PROD1207,2023-05-04,Not as Described,1,31.62
RET900222,ORD503189,PROD1044,2023-05-21,Changed Mind,1,140.87
RET900223,ORD503199,PROD1051,2023-05-14,Changed Mind,1,111.06
RET900224,ORD503219,PROD1115,2023-05-24,Wrong Item Shipped,1,126.42
RET900225,ORD503243,PROD1259,2023-05-25,Not Specified,1,66.49
RET900226,ORD503272,PROD1201,2023-05-23,No Longer Needed,1,84.38
RET900227,ORD503276,PROD1237,2023-05-04,Defective/Damaged,1,190.21
RET900228,ORD503281,PROD1258,2023-05-27,Size/Fit Issue,1,128.51
RET900229,ORD503300,PROD1128,2023-05-12,Changed Mind,1,197.74
RET900230,ORD503302,PROD1079,2023-05-11,Changed Mind,1,207.51
RET900231,ORD503305,PROD1001,2023-05-09,Size/Fit Issue,1,77.16
RET900232,ORD503318,PROD1140,2023-05-11,Not as Described,1,88.98
RET900233,ORD503325,PROD1124,2023-05-21,No Longer Needed,1,37.16
RET900234,ORD503332,PROD1136,2023-05-31,Changed Mind,2,57.08
RET900235,ORD503333,PROD1121,2023-05-29,Defective/Damaged,1,104.1
RET900236,ORD503344,PROD1065,2023-05-16,Defective/Damaged,1,66.51
RET900237,ORD503359,PROD1063,2023-05-24,Not as Described,1,108.53
RET900238,ORD503430,PROD1104,2023-05-21,Better Price Found,1,37.88
RET900239,ORD503471,PROD1203,2023-05-31,Defective/Damaged,1,111.22
RET900240,ORD503503,PROD1115,2023-05-20,Not as Described,1,126.42
RET900241,ORD503524,PROD1003,2023-06-06,Defective/Damaged,2,163.87
RET900242,ORD503538,PROD1258,2023-05-31,Size/Fit Issue,1,128.51
RET900243,ORD503554,PROD1049,2023-05-26,Defective/Damaged,1,54.38
RET900244,ORD503563,PROD1258,2023-05-17,Defective/Damaged,1,128.51
RET900245,ORD503565,PROD1101,2023-05-16,Changed Mind,2,499.16
RET900246,ORD503602,PROD1012,2023-06-08,Wrong Item Shipped,1,206.9
RET900247,ORD503607,PROD1248,2023-06-07,Wrong Item Shipped,1,315.49
RET900248,ORD503615,PROD1167,2023-05-16,No Longer Needed,1,16.48
RET900249,ORD503644,PROD1234,2023-05-30,Size/Fit Issue,1,195.0
RET900250,ORD503649,PROD1107,2023-05-31,No Longer Needed,1,102.85
RET900251,ORD503667,PROD1015,2023-06-11,Size/Fit Issue,1,118.79
RET900252,ORD503717,PROD1031,2023-06-03,Size/Fit Issue,2,123.36
RET900253,ORD503743,PROD1152,2023-05-23,Better Price Found,1,86.17
RET900254,ORD503744,PROD1001,2023-06-11,Defective/Damaged,1,83.04
RET900255,ORD503758,PROD1001,2023-05-25,Wrong Item Shipped,2,178.0
RET900256,ORD503798,PROD1025,2023-06-07,No Longer Needed,1,172.03
RET900257,ORD503808,PROD1020,2023-05-21,Size/Fit Issue,1,70.97
RET900258,ORD503828,PROD1147,2023-06-01,Not as Described,1,56.65
RET900259,ORD503834,PROD1090,2023-06-09,Defective/Damaged,2,299.48
RET900260,ORD503905,PROD1107,2023-05-31,Changed Mind,1,132.2
RET900261,ORD503953,PROD1249,2023-05-31,Defective/Damaged,2,40.0
RET900262,ORD503962,PROD1094,2023-06-07,No Longer Needed,1,15.04
RET900263,ORD503963,PROD1149,2023-06-20,Size/Fit Issue,1,99.21
RET900264,ORD503968,PROD1204,2023-06-19,Defective/Damaged,1,46.83
RET900265,ORD503984,PROD1041,2023-06-09,Defective/Damaged,1,296.46
RET900266,ORD503988,PROD1249,2023-06-16,Wrong Item Shipped,2,159.5
RET900267,ORD504001,PROD1166,2023-06-17,Not as Described,1,129.23
RET900268,ORD504002,PROD1015,2023-06-18,Better Price Found,1,97.76
RET900269,ORD504007,PROD1135,2023-06-02,Size/Fit Issue,1,109.82
RET900270,ORD504008,PROD1140,2023-06-12,Size/Fit Issue,1,98.1
RET900271,ORD504025,PROD1044,2023-06-17,Defective/Damaged,1,140.87
RET900272,ORD504029,PROD1147,2023-06-25,Wrong Item Shipped,1,56.65
RET900273,ORD504039,PROD1047,2023-06-02,Wrong Item Shipped,1,13.48
RET900274,ORD504052,PROD1179,2023-06-03,Not as Described,1,155.86
RET900275,ORD504061,PROD1236,2023-06-07,Changed Mind,1,102.54
RET900276,ORD504070,PROD1059,2023-06-13,Not as Described,1,38.65
RET900277,ORD504094,PROD1094,2023-06-28,Better Price Found,1,19.08
RET900278,ORD504097,PROD1015,2023-06-23,Size/Fit Issue,1,118.79
RET900279,ORD504103,PROD1165,2023-06-15,Changed Mind,1,66.91
RET900280,ORD504103,PROD1025,2023-06-23,Changed Mind,1,228.16
RET900281,ORD504145,PROD1258,2023-06-12,Changed Mind,1,128.51
RET900282,ORD504153,PROD1123,2023-06-13,Size/Fit Issue,1,61.53
RET900283,ORD504164,PROD1239,2023-06-30,Better Price Found,1,29.99
RET900284,ORD504172,PROD1064,2023-06-24,Not as Described,1,53.79
RET900285,ORD504188,PROD1140,2023-06-11,No Longer Needed,1,98.1
RET900286,ORD504220,PROD1209,2023-06-19,No Longer Needed,2,40.4
RET900287,ORD504232,PROD1140,2023-06-09,Defective/Damaged,1,98.1
RET900288,ORD504249,PROD1079,2023-06-10,No Longer Needed,1,194.44
RET900289,ORD504251,PROD1173,2023-06-08,Wrong Item Shipped,1,82.33
RET900290,ORD504264,PROD1258,2023-06-21,No Longer Needed,1,108.46
RET900291,ORD504280,PROD1253,2023-06-17,No Longer Needed,1,36.57
RET900292,ORD504284,PROD1128,2023-07-01,Not as Described,1,165.77
RET900293,ORD504289,PROD1234,2023-06-25,Defective/Damaged,1,219.37
RET900294,ORD504300,PROD1001,2023-07-01,Not as Described,1,89.0
RET900295,ORD504306,PROD1008,2023-07-07,Wrong Item Shipped,1,150.9
RET900296,ORD504310,PROD1203,2023-06-14,No Longer Needed,1,111.22
RET900297,ORD504316,PROD1249,2023-06-16,No Longer Needed,2,159.5
RET900298,ORD504332,PROD1137,2023-06-13,Defective/Damaged,1,111.78
RET900299,ORD504337,PROD1169,2023-06-20,Not Specified,1,273.04
RET900300,ORD504349,PROD1030,2023-06-16,Defective/Damaged,1,60.2
RET900301,ORD504353,PROD1186,2023-07-06,Defective/Damaged,1,88.95
RET900302,ORD504360,PROD1115,2023-06-19,Wrong Item Shipped,1,126.42
RET900303,ORD504360,PROD1057,2023-06-26,Wrong Item Shipped,1,47.42
RET900304,ORD504364,PROD1011,2023-07-07,Wrong Item Shipped,1,213.7
RET900305,ORD504369,PROD1090,2023-06-23,No Longer Needed,1,149.74
RET900306,ORD504390,PROD1090,2023-06-21,Changed Mind,1,149.74
RET900307,ORD504406,PROD1101,2023-06-21,Changed Mind,1,249.58
RET900308,ORD504435,PROD1001,2023-06-14,Defective/Damaged,1,89.0
RET900309,ORD504445,PROD1061,2023-06-25,Wrong Item Shipped,1,16.45
RET900310,ORD504447,PROD1173,2023-06-24,Better Price Found,1,96.63
RET900311,ORD504475,PROD1001,2023-06-28,Size/Fit Issue,1,89.0
RET900312,ORD504488,PROD1037,2023-07-13,No Longer Needed,1,121.73
RET900313,ORD504488,PROD1216,2023-06-24,No Longer Needed,1,260.5
RET900314,ORD504553,PROD1159,2023-07-03,Defective/Damaged,1,12.52
RET900315,ORD504588,PROD1224,2023-07-04,Size/Fit Issue,1,256.54
RET900316,ORD504591,PROD1258,2023-06-22,Not Specified,1,128.51
RET900317,ORD504603,PROD1090,2023-07-06,Changed Mind,1,149.74
RET900318,ORD504610,PROD1204,2023-06-24,Size/Fit Issue,1,54.71
RET900319,ORD504616,PROD1135,2023-07-06,No Longer Needed,1,109.82
RET900320,ORD504619,PROD1190,2023-07-08,Better Price Found,1,144.06
RET900321,ORD504625,PROD1020,2023-07-17,Changed Mind,1,70.97
RET900322,ORD504653,PROD1255,2023-07-15,No Longer Needed,1,105.19
RET900323,ORD504662,PROD1065,2023-06-24,Wrong Item Shipped,1,61.32
RET900324,ORD504667,PROD1008,2023-07-15,No Longer Needed,1,150.9
RET900325,ORD504671,PROD1001,2023-07-02,Defective/Damaged,1,89.0
RET900326,ORD504680,PROD1137,2023-07-15,Size/Fit Issue,1,111.78
RET900327,ORD504724,PROD1001,2023-07-13,Size/Fit Issue,1,89.0
RET900328,ORD504753,PROD1137,2023-07-02,No Longer Needed,1,111.78
RET900329,ORD504790,PROD1065,2023-07-17,No Longer Needed,1,56.07
RET900330,ORD504791,PROD1096,2023-06-29,No Longer Needed,1,123.0
RET900331,ORD504813,PROD1253,2023-07-03,Wrong Item Shipped,1,36.57
RET900332,ORD504813,PROD1136,2023-07-07,Defective/Damaged,1,28.54
RET900333,ORD504817,PROD1080,2023-07-05,Changed Mind,1,84.99
RET900334,ORD504835,PROD1107,2023-07-17,Better Price Found,1,132.2
RET900335,ORD504849,PROD1259,2023-07-25,No Longer Needed,1,64.78
RET900336,ORD504872,PROD1136,2023-07-08,Not as Described,1,28.54
RET900337,ORD504875,PROD1189,2023-07-18,Defective/Damaged,1,129.55
RET900338,ORD504883,PROD1107,2023-07-25,Wrong Item Shipped,1,132.2
RET900339,ORD504889,PROD1207,2023-07-13,Changed Mind,2,55.15
RET900340,ORD504901,PROD1115,2023-07-28,Not as Described,1,126.42
RET900341,ORD504908,PROD1213,2023-07-07,Changed Mind,3,319.17
RET900342,ORD504917,PROD1159,2023-07-19,Not as Described,1,12.52
RET900343,ORD504929,PROD1020,2023-07-19,Size/Fit Issue,1,67.63
RET900344,ORD504935,PROD1246,2023-07-19,Changed Mind,1,166.72
RET900345,ORD504946,PROD1066,2023-07-11,Changed Mind,1,126.35
RET900346,ORD504951,PROD1090,2023-07-26,Wrong Item Shipped,3,384.53
RET900347,ORD504964,PROD1248,2023-07-12,Size/Fit Issue,1,315.49
RET900348,ORD504986,PROD1101,2023-07-13,Changed Mind,1,249.58
RET900349,ORD505008,PROD1169,2023-07-19,Size/Fit Issue,2,571.22
RET900350,ORD505018,PROD1228,2023-07-16,Wrong Item Shipped,1,114.29
RET900351,ORD505023,PROD1249,2023-07-29,Not Specified,1,79.75
RET900352,ORD505034,PROD1165,2023-07-23,No Longer Needed,1,66.91
RET900353,ORD505086,PROD1117,2023-07-14,Size/Fit Issue,1,154.2
RET900354,ORD505092,PROD1247,2023-07-27,No Longer Needed,1,244.38
RET900355,ORD505132,PROD1012,2023-07-25,Defective/Damaged,1,214.85
RET900356,ORD505134,PROD1173,2023-07-31,Size/Fit Issue,1,96.63
RET900357,ORD505169,PROD1012,2023-07-29,Defective/Damaged,1,214.85
RET900358,ORD505170,PROD1107,2023-07-15,No Longer Needed,1,132.2
RET900359,ORD505174,PROD1111,2023-07-22,No Longer Needed,1,174.37
RET900360,ORD505179,PROD1072,2023-08-09,No Longer Needed,1,37.9
RET900361,ORD505208,PROD1001,2023-07-17,Wrong Item Shipped,1,89.0
RET900362,ORD505238,PROD1152,2023-07-22,Changed Mind,1,86.17
RET900363,ORD505271,PROD1107,2023-07-20,No Longer Needed,2,226.59
RET900364,ORD505296,PROD1055,2023-08-17,Changed Mind,1,71.81
RET900365,ORD505298,PROD1004,2023-08-10,Better Price Found,1,58.14
RET900366,ORD505344,PROD1090,2023-08-07,No Longer Needed,1,149.74
RET900367,ORD505375,PROD1126,2023-08-06,Better Price Found,1,212.95
RET900368,ORD505377,PROD1031,2023-08-20,Defective/Damaged,1,61.68
RET900369,ORD505414,PROD1001,2023-08-11,Not Specified,1,89.0
RET900370,ORD505417,PROD1149,2023-08-06,Defective/Damaged,1,132.46
RET900371,ORD505417,PROD1015,2023-08-11,Wrong Item Shipped,1,118.79
RET900372,ORD505445,PROD1080,2023-08-17,Size/Fit Issue,1,63.23
RET900373,ORD505452,PROD1075,2023-08-18,Defective/Damaged,1,60.21
RET900374,ORD505458,PROD1090,2023-08-12,Not as Described,1,149.74
RET900375,ORD505477,PROD1090,2023-08-18,Wrong Item Shipped,1,149.74
RET900376,ORD505483,PROD1237,2023-08-22,Not as Described,2,380.42
RET900377,ORD505495,PROD1130,2023-08-11,Not as Described,1,59.42
RET900378,ORD505497,PROD1107,2023-08-08,No Longer Needed,1,122.68
RET900379,ORD505528,PROD1001,2023-07-31,Wrong Item Shipped,1,89.0
RET900380,ORD505543,PROD1195,2023-08-18,No Longer Needed,1,41.23
RET900381,ORD505561,PROD1177,2023-08-23,Size/Fit Issue,3,973.5
RET900382,ORD505565,PROD1207,2023-08-20,No Longer Needed,1,31.62
RET900383,ORD505569,PROD1136,2023-08-25,Better Price Found,1,28.54
RET900384,ORD505601,PROD1160,2023-08-28,Defective/Damaged,1,64.71
RET900385,ORD505637,PROD1026,2023-08-26,Wrong Item Shipped,1,23.52
RET900386,ORD505665,PROD1159,2023-08-05,Not Specified,1,12.52
RET900387,ORD505678,PROD1231,2023-08-15,Wrong Item Shipped,1,78.58
RET900388,ORD505686,PROD1018,2023-08-07,Size/Fit Issue,1,286.49
RET900389,ORD505692,PROD1165,2023-08-14,Better Price Found,2,133.82
RET900390,ORD505712,PROD1207,2023-08-09,Wrong Item Shipped,1,31.62
RET900391,ORD505730,PROD1065,2023-08-31,Better Price Found,1,66.51
RET900392,ORD505740,PROD1004,2023-08-12,Wrong Item Shipped,1,58.14
RET900393,ORD505772,PROD1152,2023-08-17,Size/Fit Issue,1,86.17
RET900394,ORD505782,PROD1075,2023-09-01,Defective/Damaged,1,60.21
RET900395,ORD505799,PROD1020,2023-08-30,Better Price Found,1,20.0
RET900396,ORD505801,PROD1135,2023-08-26,Better Price Found,1,109.82
RET900397,ORD505802,PROD1230,2023-08-09,Changed Mind,1,138.35
RET900398,ORD505805,PROD1127,2023-08-13,Not as Described,1,60.63
RET900399,ORD505814,PROD1248,2023-08-22,Better Price Found,1,315.49
RET900400,ORD505816,PROD1239,2023-08-27,Changed Mind,1,29.99
RET900401,ORD505850,PROD1166,2023-09-06,Not Specified,1,129.23
RET900402,ORD505855,PROD1165,2023-08-21,No Longer Needed,1,66.91
RET900403,ORD505856,PROD1079,2023-08-26,Size/Fit Issue,1,207.51
RET900404,ORD505865,PROD1196,2023-08-15,Better Price Found,1,16.21
RET900405,ORD505866,PROD1137,2023-08-10,Size/Fit Issue,1,108.43
RET900406,ORD505876,PROD1001,2023-08-12,Wrong Item Shipped,1,79.57
RET900407,ORD505880,PROD1170,2023-09-04,Not as Described,1,143.39
RET900408,ORD505904,PROD1135,2023-08-31,Wrong Item Shipped,1,109.82
RET900409,ORD505905,PROD1065,2023-08-27,Wrong Item Shipped,1,20.0
RET900410,ORD505918,PROD1249,2023-09-03,Size/Fit Issue,1,79.75
RET900411,ORD505923,PROD1258,2023-08-14,Defective/Damaged,1,128.51
RET900412,ORD505923,PROD1234,2023-09-03,Size/Fit Issue,1,273.87
RET900413,ORD505924,PROD1074,2023-08-26,Wrong Item Shipped,1,84.18
RET900414,ORD505936,PROD1167,2023-09-05,No Longer Needed,1,16.48
RET900415,ORD505938,PROD1187,2023-08-26,Not as Described,1,218.02
RET900416,ORD505948,PROD1018,2023-08-22,Changed Mind,1,286.49
RET900417,ORD505952,PROD1078,2023-08-17,Not as Described,1,122.53
RET900418,ORD505955,PROD1258,2023-09-06,Better Price Found,1,128.51
RET900419,ORD505961,PROD1122,2023-08-13,No Longer Needed,1,35.66
RET900420,ORD505976,PROD1001,2023-09-02,Wrong Item Shipped,1,89.0
RET900421,ORD505979,PROD1194,2023-09-01,Changed Mind,1,157.0
RET900422,ORD505984,PROD1230,2023-08-28,Size/Fit Issue,1,138.35
RET900423,ORD506000,PROD1047,2023-08-16,Better Price Found,1,15.44
RET900424,ORD506005,PROD1160,2023-09-06,Wrong Item Shipped,1,57.72
RET900425,ORD506007,PROD1170,2023-08-22,Changed Mind,1,143.39
RET900426,ORD506047,PROD1113,2023-08-19,Changed Mind,1,59.98
RET900427,ORD506050,PROD1090,2023-09-02,Not as Described,2,299.48
RET900428,ORD506051,PROD1068,2023-08-21,Better Price Found,1,72.86
RET900429,ORD506054,PROD1153,2023-09-10,Not as Described,3,333.54
RET900430,ORD506060,PROD1207,2023-08-18,No Longer Needed,2,63.24
RET900431,ORD506081,PROD1231,2023-09-03,No Longer Needed,3,235.74
RET900432,ORD506101,PROD1218,2023-09-03,Better Price Found,1,20.0
RET900433,ORD506103,PROD1137,2023-08-20,No Longer Needed,1,111.78
RET900434,ORD506106,PROD1122,2023-09-01,No Longer Needed,2,71.32
RET900435,ORD506107,PROD1115,2023-08-31,No Longer Needed,1,126.42
RET900436,ORD506120,PROD1001,2023-08-25,No Longer Needed,1,89.0
RET900437,ORD506121,PROD1147,2023-08-25,Changed Mind,1,56.65
RET900438,ORD506130,PROD1015,2023-08-26,Size/Fit Issue,1,118.79
RET900439,ORD506148,PROD1147,2023-08-30,Not as Described,1,54.5
RET900440,ORD506152,PROD1001,2023-09-17,Changed Mind,2,178.0
RET900441,ORD506168,PROD1071,2023-09-16,Size/Fit Issue,1,166.35
RET900442,ORD506190,PROD1004,2023-08-22,Size/Fit Issue,1,56.57
RET900443,ORD506206,PROD1001,2023-09-14,Wrong Item Shipped,1,89.0
RET900444,ORD506212,PROD1021,2023-08-28,Better Price Found,1,61.16
RET900445,ORD506234,PROD1001,2023-08-26,Size/Fit Issue,2,178.0
RET900446,ORD506241,PROD1231,2023-08-24,Better Price Found,1,78.58
RET900447,ORD506261,PROD1165,2023-09-10,Changed Mind,1,20.0
RET900448,ORD506263,PROD1001,2023-09-07,Defective/Damaged,1,89.0
RET900449,ORD506284,PROD1160,2023-08-30,Changed Mind,1,61.67
RET900450,ORD506313,PROD1043,2023-09-01,No Longer Needed,1,27.72
RET900451,ORD506321,PROD1152,2023-09-02,Wrong Item Shipped,1,86.17
RET900452,ORD506334,PROD1224,2023-09-22,Better Price Found,1,256.54
RET900453,ORD506344,PROD1113,2023-09-18,Size/Fit Issue,1,56.62
RET900454,ORD506357,PROD1136,2023-09-05,No Longer Needed,2,57.08
RET900455,ORD506375,PROD1169,2023-08-30,Better Price Found,1,285.61
RET900456,ORD506392,PROD1207,2023-09-22,Not Specified,1,27.89
RET900457,ORD506397,PROD1003,2023-09-15,Not as Described,2,176.58
RET900458,ORD506405,PROD1184,2023-09-24,Defective/Damaged,1,16.83
RET900459,ORD506406,PROD1159,2023-09-08,Defective/Damaged,1,9.33
RET900460,ORD506440,PROD1120,2023-09-09,No Longer Needed,1,19.71
RET900461,ORD506492,PROD1179,2023-09-24,Not as Described,1,185.55
RET900462,ORD506501,PROD1196,2023-09-03,Changed Mind,1,16.21
RET900463,ORD506502,PROD1147,2023-09-19,Size/Fit Issue,1,48.38
RET900464,ORD506521,PROD1258,2023-09-17,No Longer Needed,1,128.51
RET900465,ORD506553,PROD1239,2023-09-27,Better Price Found,1,29.99
RET900466,ORD506556,PROD1145,2023-09-23,Defective/Damaged,1,41.94
RET900467,ORD506564,PROD1109,2023-09-18,Not as Described,1,254.91
RET900468,ORD506583,PROD1060,2023-09-14,Changed Mind,1,33.31
RET900469,ORD506603,PROD1136,2023-09-17,Better Price Found,1,23.72
RET900470,ORD506633,PROD1159,2023-09-28,No Longer Needed,1,12.52
RET900471,ORD506651,PROD1068,2023-09-07,Wrong Item Shipped,1,55.16
RET900472,ORD506660,PROD1239,2023-09-10,Changed Mind,1,28.82
RET900473,ORD506663,PROD1015,2023-10-03,Changed Mind,1,102.16
RET900474,ORD506689,PROD1090,2023-09-13,Better Price Found,1,149.74
RET900475,ORD506723,PROD1147,2023-09-12,Defective/Damaged,1,56.65
RET900476,ORD506732,PROD1012,2023-09-21,Better Price Found,1,214.85
RET900477,ORD506761,PROD1071,2023-09-29,Not as Described,1,133.91
RET900478,ORD506796,PROD1059,2023-09-17,Size/Fit Issue,1,38.65
RET900479,ORD506802,PROD1165,2023-09-26,No Longer Needed,1,66.91
RET900480,ORD506836,PROD1165,2023-09-27,Wrong Item Shipped,1,66.91
RET900481,ORD506842,PROD1113,2023-10-06,No Longer Needed,1,59.98
RET900482,ORD506845,PROD1186,2023-09-25,Not as Described,1,88.95
RET900483,ORD506846,PROD1207,2023-09-26,Defective/Damaged,1,31.62
RET900484,ORD506855,PROD1107,2023-09-30,Not as Described,2,264.4
RET900485,ORD506860,PROD1159,2023-09-29,Not as Described,2,25.04
RET900486,ORD506864,PROD1071,2023-09-24,Better Price Found,1,166.35
RET900487,ORD506871,PROD1205,2023-09-22,No Longer Needed,1,121.86
RET900488,ORD506879,PROD1043,2023-10-09,No Longer Needed,1,27.72
RET900489,ORD506919,PROD1068,2023-09-30,Changed Mind,1,72.86
RET900490,ORD506928,PROD1249,2023-10-08,Not as Described,1,72.89
RET900491,ORD506932,PROD1100,2023-10-04,Changed Mind,1,72.79
RET900492,ORD506950,PROD1001,2023-09-16,Not as Described,1,89.0
RET900493,ORD506956,PROD1012,2023-09-17,Better Price Found,2,429.7
RET900494,ORD506959,PROD1228,2023-09-21,Wrong Item Shipped,2,228.58
RET900495,ORD506977,PROD1147,2023-10-13,Changed Mind,1,56.65
RET900496,ORD506987,PROD1167,2023-09-25,Better Price Found,1,13.94
RET900497,ORD506999,PROD1065,2023-09-25,Size/Fit Issue,1,66.51
RET900498,ORD507004,PROD1258,2023-10-12,Not as Described,1,128.51
RET900499,ORD507028,PROD1012,2023-09-29,Wrong Item Shipped,1,214.85
RET900500,ORD507035,PROD1175,2023-10-10,Defective/Damaged,1,122.04
RET900501,ORD507039,PROD1193,2023-09-29,No Longer Needed,1,119.7
RET900502,ORD507042,PROD1094,2023-09-27,Size/Fit Issue,1,19.08
RET900503,ORD507046,PROD1165,2023-09-30,Not as Described,1,66.91
RET900504,ORD507052,PROD1122,2023-09-22,Better Price Found,1,35.66
RET900505,ORD507061,PROD1113,2023-10-03,Changed Mind,1,59.98
RET900506,ORD507070,PROD1095,2023-10-12,Not as Described,3,332.76
RET900507,ORD507092,PROD1204,2023-09-24,Not as Described,1,54.71
RET900508,ORD507105,PROD1137,2023-10-06,Not as Described,1,86.74
RET900509,ORD507137,PROD1214,2023-10-17,No Longer Needed,1,132.49
RET900510,ORD507145,PROD1165,2023-09-29,Changed Mind,1,60.62
RET900511,ORD507184,PROD1020,2023-10-20,No Longer Needed,1,56.78
RET900512,ORD507187,PROD1133,2023-09-23,Not as Described,2,233.85
RET900513,ORD507192,PROD1222,2023-10-16,Size/Fit Issue,3,424.44
RET900514,ORD507211,PROD1107,2023-09-30,Wrong Item Shipped,1,111.97
RET900515,ORD507254,PROD1205,2023-10-14,Not as Described,1,138.63
RET900516,ORD507263,PROD1205,2023-10-03,Size/Fit Issue,1,138.63
RET900517,ORD507299,PROD1226,2023-10-22,Size/Fit Issue,1,34.66
RET900518,ORD507306,PROD1158,2023-09-28,Defective/Damaged,1,53.08
RET900519,ORD507306,PROD1160,2023-10-17,Size/Fit Issue,1,64.71
RET900520,ORD507309,PROD1165,2023-10-14,Wrong Item Shipped,1,66.91
RET900521,ORD507314,PROD1255,2023-10-01,Defective/Damaged,1,130.19
RET900522,ORD507382,PROD1177,2023-10-22,Better Price Found,1,20.0
RET900523,ORD507386,PROD1001,2023-10-01,Size/Fit Issue,1,66.39
RET900524,ORD507394,PROD1070,2023-10-27,Not as Described,1,87.92
RET900525,ORD507407,PROD1049,2023-10-09,No Longer Needed,1,50.03
RET900526,ORD507416,PROD1160,2023-10-03,Defective/Damaged,1,62.32
RET900527,ORD507425,PROD1082,2023-10-24,Defective/Damaged,1,206.84
RET900528,ORD507456,PROD1161,2023-10-20,Better Price Found,1,24.81
RET900529,ORD507498,PROD1137,2023-10-13,Better Price Found,1,80.82
RET900530,ORD507517,PROD1258,2023-10-22,No Longer Needed,1,128.51
RET900531,ORD507518,PROD1207,2023-10-11,Better Price Found,1,29.69
RET900532,ORD507522,PROD1122,2023-10-11,Defective/Damaged,1,35.55
RET900533,ORD507538,PROD1075,2023-10-30,Wrong Item Shipped,1,60.21
RET900534,ORD507539,PROD1189,2023-10-18,Wrong Item Shipped,1,113.62
RET900535,ORD507559,PROD1049,2023-10-23,Wrong Item Shipped,1,54.38
RET900536,ORD507566,PROD1159,2023-10-18,Defective/Damaged,2,25.04
RET900537,ORD507580,PROD1031,2023-10-27,Size/Fit Issue,1,19.92
RET900538,ORD507582,PROD1012,2023-10-10,Changed Mind,1,214.85
RET900539,ORD507586,PROD1191,2023-10-26,Better Price Found,1,42.59
RET900540,ORD507612,PROD1001,2023-10-25,Changed Mind,1,89.0
RET900541,ORD507613,PROD1015,2023-11-02,Size/Fit Issue,1,118.79
RET900542,ORD507635,PROD1028,2023-11-06,Defective/Damaged,1,126.14
RET900543,ORD507651,PROD1023,2023-10-26,Size/Fit Issue,1,101.06
RET900544,ORD507664,PROD1126,2023-11-05,Better Price Found,1,212.95
RET900545,ORD507708,PROD1152,2023-11-02,No Longer Needed,1,86.17
RET900546,ORD507716,PROD1235,2023-11-08,No Longer Needed,1,44.46
RET900547,ORD507726,PROD1115,2023-11-03,No Longer Needed,1,126.42
RET900548,ORD507739,PROD1001,2023-10-23,Changed Mind,1,89.0
RET900549,ORD507777,PROD1227,2023-10-29,No Longer Needed,1,163.54
RET900550,ORD507783,PROD1152,2023-10-20,Better Price Found,1,86.17
RET900551,ORD507791,PROD1090,2023-10-20,Size/Fit Issue,1,149.74
RET900552,ORD507796,PROD1165,2023-10-18,Better Price Found,1,66.91
RET900553,ORD507841,PROD1258,2023-11-06,Changed Mind,1,122.34
RET900554,ORD507883,PROD1258,2023-11-09,Wrong Item Shipped,1,128.51
RET900555,ORD507925,PROD1067,2023-11-06,Changed Mind,1,68.32
RET900556,ORD507935,PROD1230,2023-11-13,Not as Described,2,276.7
RET900557,ORD507941,PROD1230,2023-10-21,Size/Fit Issue,1,137.8
RET900558,ORD507942,PROD1165,2023-11-09,Better Price Found,1,64.43
RET900559,ORD507964,PROD1113,2023-10-23,Defective/Damaged,1,48.04
RET900560,ORD507989,PROD1193,2023-11-04,Not as Described,1,119.7
RET900561,ORD508008,PROD1258,2023-11-05,No Longer Needed,1,128.51
RET900562,ORD508009,PROD1003,2023-11-12,Not as Described,1,88.29
RET900563,ORD508019,PROD1001,2023-10-25,Defective/Damaged,2,178.0
RET900564,ORD508025,PROD1167,2023-11-08,Wrong Item Shipped,1,16.48
RET900565,ORD508029,PROD1230,2023-11-03,Changed Mind,1,138.35
RET900566,ORD508045,PROD1172,2023-11-16,Not as Described,1,194.2
RET900567,ORD508051,PROD1090,2023-10-28,Size/Fit Issue,1,131.32
RET900568,ORD508079,PROD1071,2023-11-18,Defective/Damaged,1,166.35
RET900569,ORD508090,PROD1065,2023-10-31,Changed Mind,1,66.51
RET900570,ORD508105,PROD1189,2023-11-11,Wrong Item Shipped,1,127.74
RET900571,ORD508112,PROD1165,2023-11-03,Size/Fit Issue,1,66.91
RET900572,ORD508117,PROD1169,2023-11-11,Size/Fit Issue,1,285.61
RET900573,ORD508187,PROD1211,2023-11-12,Not Specified,1,58.9
RET900574,ORD508204,PROD1224,2023-11-16,No Longer Needed,1,256.54
RET900575,ORD508211,PROD1247,2023-11-18,Defective/Damaged,1,276.76
RET900576,ORD508225,PROD1158,2023-11-11,Wrong Item Shipped,1,53.08
RET900577,ORD508245,PROD1068,2023-11-06,Wrong Item Shipped,1,61.2
RET900578,ORD508258,PROD1107,2023-11-08,Better Price Found,2,214.16
RET900579,ORD508305,PROD1012,2023-11-09,Better Price Found,1,214.85
RET900580,ORD508308,PROD1215,2023-11-03,Defective/Damaged,1,71.79
RET900581,ORD508308,PROD1230,2023-11-15,No Longer Needed,1,138.35
RET900582,ORD508312,PROD1207,2023-11-08,Defective/Damaged,2,57.74
RET900583,ORD508315,PROD1107,2023-11-11,Size/Fit Issue,1,132.2
RET900584,ORD508328,PROD1054,2023-11-21,Size/Fit Issue,1,11.68
RET900585,ORD508330,PROD1165,2023-11-15,Not as Described,1,66.91
RET900586,ORD508347,PROD1046,2023-11-06,No Longer Needed,1,96.36
RET900587,ORD508354,PROD1106,2023-11-26,Wrong Item Shipped,1,56.45
RET900588,ORD508361,PROD1165,2023-11-23,Size/Fit Issue,1,66.91
RET900589,ORD508366,PROD1072,2023-11-11,No Longer Needed,1,37.9
RET900590,ORD508392,PROD1065,2023-11-16,No Longer Needed,2,133.02
RET900591,ORD508394,PROD1230,2023-12-02,Defective/Damaged,1,138.35
RET900592,ORD508396,PROD1107,2023-11-26,Changed Mind,1,132.2
RET900593,ORD508402,PROD1211,2023-11-21,Not as Described,1,58.9
RET900594,ORD508426,PROD1033,2023-11-24,Changed Mind,1,185.77
RET900595,ORD508468,PROD1195,2023-11-26,Defective/Damaged,1,41.23
RET900596,ORD508469,PROD1130,2023-12-04,Changed Mind,1,71.37
RET900597,ORD508472,PROD1179,2023-11-21,Defective/Damaged,1,185.55
RET900598,ORD508476,PROD1075,2023-11-09,Not as Described,1,60.21
RET900599,ORD508491,PROD1239,2023-12-06,Changed Mind,1,29.99
RET900600,ORD508497,PROD1015,2023-11-24,Changed Mind,1,118.79
RET900601,ORD508500,PROD1001,2023-11-16,No Longer Needed,1,89.0
RET900602,ORD508504,PROD1137,2023-12-06,Better Price Found,1,111.78
RET900603,ORD508506,PROD1012,2023-11-27,Changed Mind,3,644.55
RET900604,ORD508517,PROD1012,2023-11-10,Not as Described,1,156.84
RET900605,ORD508519,PROD1064,2023-11-21,No Longer Needed,1,53.79
RET900606,ORD508529,PROD1018,2023-11-13,No Longer Needed,1,286.49
RET900607,ORD508529,PROD1234,2023-11-14,Better Price Found,2,547.74
RET900608,ORD508531,PROD1095,2023-11-28,Not as Described,1,110.92
RET900609,ORD508590,PROD1012,2023-11-21,Not as Described,1,214.85
RET900610,ORD508593,PROD1165,2023-12-08,Changed Mind,1,66.91
RET900611,ORD508622,PROD1190,2023-12-06,Changed Mind,2,315.22
RET900612,ORD508642,PROD1003,2023-12-04,Defective/Damaged,1,88.29
RET900613,ORD508655,PROD1179,2023-12-04,Better Price Found,1,185.55
RET900614,ORD508659,PROD1071,2023-12-07,Changed Mind,1,166.35
RET900615,ORD508704,PROD1008,2023-12-11,Changed Mind,1,150.9
RET900616,ORD508715,PROD1160,2023-12-10,Wrong Item Shipped,1,64.71
RET900617,ORD508737,PROD1003,2023-12-08,No Longer Needed,1,88.29
RET900618,ORD508754,PROD1254,2023-12-14,No Longer Needed,1,73.92
RET900619,ORD508781,PROD1107,2023-11-27,Defective/Damaged,1,132.2
RET900620,ORD508795,PROD1185,2023-11-24,Not as Described,1,114.18
RET900621,ORD508796,PROD1165,2023-12-11,Changed Mind,1,66.91
RET900622,ORD508827,PROD1243,2023-12-07,Defective/Damaged,1,235.5
RET900623,ORD508828,PROD1001,2023-11-22,Not as Described,1,74.76
RET900624,ORD508897,PROD1001,2023-12-07,Not as Described,1,66.3
RET900625,ORD508926,PROD1147,2023-11-29,Not as Described,1,55.35
RET900626,ORD508952,PROD1152,2023-12-16,Defective/Damaged,1,86.17
RET900627,ORD508976,PROD1001,2023-11-23,Not as Described,1,89.0
RET900628,ORD508977,PROD1214,2023-11-30,Size/Fit Issue,1,132.49
RET900629,ORD508982,PROD1020,2023-12-05,Size/Fit Issue,1,70.19
RET900630,ORD508993,PROD1128,2023-12-01,Size/Fit Issue,1,211.71
RET900631,ORD509002,PROD1189,2023-11-24,Defective/Damaged,2,259.1
RET900632,ORD509020,PROD1090,2023-11-30,Changed Mind,1,131.32
RET900633,ORD509032,PROD1107,2023-11-26,No Longer Needed,1,132.2
RET900634,ORD509070,PROD1012,2023-11-27,Wrong Item Shipped,1,214.85
RET900635,ORD509075,PROD1113,2023-12-06,Wrong Item Shipped,1,59.98
RET900636,ORD509075,PROD1165,2023-12-11,Defective/Damaged,1,66.91
RET900637,ORD509125,PROD1071,2023-12-07,No Longer Needed,1,153.87
RET900638,ORD509195,PROD1009,2023-12-20,No Longer Needed,1,121.39
RET900639,ORD509206,PROD1065,2023-12-02,Better Price Found,1,62.52
RET900640,ORD509229,PROD1075,2023-12-20,Not as Described,1,60.21
RET900641,ORD509248,PROD1090,2023-12-21,Wrong Item Shipped,1,149.74
RET900642,ORD509301,PROD1001,2023-11-30,Not as Described,1,89.0
RET900643,ORD509331,PROD1213,2023-12-25,Defective/Damaged,1,116.47
RET900644,ORD509344,PROD1243,2023-12-14,No Longer Needed,1,235.5
RET900645,ORD509346,PROD1090,2023-12-05,Defective/Damaged,1,149.74
RET900646,ORD509350,PROD1184,2023-12-06,No Longer Needed,1,16.83
RET900647,ORD509359,PROD1160,2023-12-21,Changed Mind,1,64.71
RET900648,ORD509372,PROD1194,2023-12-23,Wrong Item Shipped,2,314.0
RET900649,ORD509375,PROD1230,2023-12-16,Wrong Item Shipped,1,110.26
RET900650,ORD509400,PROD1028,2023-12-04,Defective/Damaged,2,208.64
RET900651,ORD509410,PROD1234,2023-12-18,Better Price Found,1,273.87
RET900652,ORD509423,PROD1186,2023-12-16,Not as Described,1,88.95
RET900653,ORD509476,PROD1028,2023-12-17,Better Price Found,1,126.14
RET900654,ORD509506,PROD1026,2023-12-20,Not Specified,1,19.17
RET900655,ORD509519,PROD1012,2023-12-08,Not as Described,1,214.85
RET900656,ORD509521,PROD1186,2023-12-14,Wrong Item Shipped,1,78.9
RET900657,ORD509540,PROD1191,2023-12-09,No Longer Needed,1,42.59
RET900658,ORD509570,PROD1207,2023-12-18,Defective/Damaged,1,31.62
RET900659,ORD509604,PROD1031,2023-12-21,Changed Mind,1,61.68
RET900660,ORD509611,PROD1152,2023-12-31,No Longer Needed,1,81.0
RET900661,ORD509639,PROD1001,2023-12-13,Size/Fit Issue,1,70.93
RET900662,ORD509650,PROD1184,2023-12-18,Wrong Item Shipped,1,12.07
RET900663,ORD509651,PROD1204,2023-12-21,No Longer Needed,1,50.28
RET900664,ORD509659,PROD1147,2023-12-08,Not as Described,1,46.23
RET900665,ORD509667,PROD1232,2023-12-28,Not as Described,1,34.28
RET900666,ORD509670,PROD1080,2023-12-18,Defective/Damaged,1,84.99
RET900667,ORD509683,PROD1107,2023-12-21,Defective/Damaged,1,132.2
RET900668,ORD509690,PROD1068,2023-12-17,Changed Mind,1,71.91
RET900669,ORD509704,PROD1106,2023-12-27,Better Price Found,1,68.34
RET900670,ORD509706,PROD1026,2023-12-29,Defective/Damaged,1,20.67
RET900671,ORD509719,PROD1126,2023-12-29,Size/Fit Issue,1,212.95
RET900672,ORD509719,PROD1199,2023-12-13,No Longer Needed,1,192.1
RET900673,ORD509726,PROD1001,2023-12-09,Better Price Found,1,66.13
RET900674,ORD509735,PROD1176,2023-12-11,Not Specified,1,130.28
RET900675,ORD509737,PROD1126,2023-12-25,Not as Described,1,192.29
RET900676,ORD509738,PROD1094,2024-01-02,Wrong Item Shipped,1,16.68
RET900677,ORD509759,PROD1001,2023-12-12,Size/Fit Issue,1,77.88
RET900678,ORD509783,PROD1133,2023-12-19,Not as Described,1,142.42
RET900679,ORD509864,PROD1230,2023-12-12,Wrong Item Shipped,3,403.43
RET900680,ORD509874,PROD1165,2024-01-05,Size/Fit Issue,1,66.91
RET900681,ORD509878,PROD1240,2023-12-12,Wrong Item Shipped,1,25.14
RET900682,ORD509879,PROD1055,2023-12-16,Better Price Found,2,109.15
RET900683,ORD509907,PROD1139,2024-01-06,Better Price Found,1,297.03
RET900684,ORD509910,PROD1087,2023-12-11,Changed Mind,1,114.0
RET900685,ORD509919,PROD1127,2024-01-01,Wrong Item Shipped,1,60.63
RET900686,ORD509934,PROD1248,2023-12-11,Better Price Found,1,255.23
RET900687,ORD509935,PROD1191,2023-12-13,Size/Fit Issue,1,39.35
RET900688,ORD509942,PROD1008,2023-12-21,Better Price Found,1,137.77
RET900689,ORD509958,PROD1231,2024-01-01,No Longer Needed,1,78.58
RET900690,ORD509959,PROD1134,2023-12-24,Not as Described,1,45.21
RET900691,ORD509964,PROD1249,2023-12-30,Better Price Found,1,79.75
RET900692,ORD509974,PROD1249,2023-12-20,Wrong Item Shipped,1,74.49
RET900693,ORD509976,PROD1020,2023-12-27,No Longer Needed,1,66.64
RET900694,ORD509988,PROD1001,2024-01-01,Wrong Item Shipped,1,79.66
RET900695,ORD509998,PROD1101,2024-01-02,No Longer Needed,1,249.58
RET900696,ORD510007,PROD1065,2024-01-03,No Longer Needed,1,49.55
RET900697,ORD510018,PROD1065,2023-12-30,Changed Mind,3,196.54
RET900698,ORD510034,PROD1014,2023-12-24,Better Price Found,1,46.51
RET900699,ORD510077,PROD1170,2023-12-30,Defective/Damaged,1,117.01
RET900700,ORD510100,PROD1230,2023-12-27,Defective/Damaged,1,136.0
RET900701,ORD510101,PROD1028,2023-12-23,Not as Described,1,126.14
RET900702,ORD510101,PROD1054,2023-12-19,Better Price Found,1,11.68
RET900703,ORD510108,PROD1219,2023-12-27,Defective/Damaged,1,65.69
RET900704,ORD510115,PROD1015,2024-01-02,Not Specified,1,110.24
RET900705,ORD510201,PROD1156,2023-12-20,Defective/Damaged,1,174.1
RET900706,ORD510223,PROD1033,2023-12-19,Not as Described,1,149.73
RET900707,ORD510231,PROD1127,2024-01-10,Changed Mind,1,60.63
RET900708,ORD510239,PROD1147,2024-01-13,Not as Described,1,56.65
RET900709,ORD510246,PROD1050,2023-12-28,Wrong Item Shipped,1,148.32
RET900710,ORD510250,PROD1156,2024-01-05,No Longer Needed,2,311.99
RET900711,ORD510262,PROD1091,2023-12-19,Not as Described,1,203.64
RET900712,ORD510284,PROD1258,2024-01-04,Defective/Damaged,1,119.13
RET900713,ORD510298,PROD1169,2023-12-19,Changed Mind,1,16.74
RET900714,ORD510305,PROD1134,2024-01-06,Wrong Item Shipped,2,90.42
RET900715,ORD510315,PROD1213,2024-01-07,Defective/Damaged,1,109.01
RET900716,ORD510337,PROD1037,2024-01-11,Not as Described,1,121.73
RET900717,ORD510343,PROD1158,2024-01-12,Changed Mind,1,53.08
RET900718,ORD510345,PROD1195,2023-12-22,Defective/Damaged,1,41.23
RET900719,ORD510356,PROD1013,2024-01-13,Size/Fit Issue,1,86.11
RET900720,ORD510376,PROD1074,2024-01-16,Changed Mind,1,75.09
RET900721,ORD510396,PROD1107,2023-12-30,No Longer Needed,1,130.61
RET900722,ORD510409,PROD1008,2024-01-03,No Longer Needed,1,137.02
RET900723,ORD510416,PROD1159,2023-12-24,No Longer Needed,1,9.94
RET900724,ORD510422,PROD1239,2024-01-02,Wrong Item Shipped,1,29.87
RET900725,ORD510422,PROD1001,2023-12-25,Size/Fit Issue,1,88.64
RET900726,ORD510424,PROD1101,2024-01-17,Size/Fit Issue,1,241.34
RET900727,ORD510443,PROD1186,2024-01-17,Not as Described,1,68.94
RET900728,ORD510453,PROD1015,2023-12-31,Changed Mind,1,118.79
RET900729,ORD510462,PROD1154,2024-01-11,Wrong Item Shipped,1,144.94
RET900730,ORD510466,PROD1058,2024-01-17,Defective/Damaged,1,61.33
RET900731,ORD510480,PROD1165,2024-01-14,Size/Fit Issue,1,49.58
RET900732,ORD510488,PROD1080,2024-01-11,Size/Fit Issue,1,84.99
RET900733,ORD510512,PROD1193,2023-12-30,Better Price Found,1,119.7
RET900734,ORD510534,PROD1107,2024-01-02,Changed Mind,1,132.2
RET900735,ORD510552,PROD1128,2023-12-30,Size/Fit Issue,1,211.71
RET900736,ORD510558,PROD1107,2023-12-28,Size/Fit Issue,1,132.2
RET900737,ORD510558,PROD1213,2024-01-04,Wrong Item Shipped,1,130.86
RET900738,ORD510570,PROD1207,2024-01-10,Not as Described,1,31.62
RET900739,ORD510591,PROD1207,2024-01-08,Size/Fit Issue,1,31.62
RET900740,ORD510601,PROD1001,2024-01-02,No Longer Needed,1,89.0
RET900741,ORD510615,PROD1258,2024-01-16,No Longer Needed,1,128.51
RET900742,ORD510624,PROD1090,2024-01-15,Not as Described,1,149.74
RET900743,ORD510635,PROD1254,2024-01-19,Defective/Damaged,1,73.92
RET900744,ORD510646,PROD1137,2024-01-23,Not as Described,1,111.78
RET900745,ORD510650,PROD1184,2024-01-25,Better Price Found,1,13.5
RET900746,ORD510655,PROD1205,2024-01-01,Better Price Found,1,138.63
RET900747,ORD510664,PROD1016,2024-01-08,No Longer Needed,1,12.46
RET900748,ORD510747,PROD1012,2024-01-29,Not as Described,1,214.85
RET900749,ORD510755,PROD1258,2024-01-12,No Longer Needed,1,128.51
RET900750,ORD510758,PROD1001,2024-02-01,Better Price Found,1,89.0
RET900751,ORD510769,PROD1014,2024-01-20,Changed Mind,1,46.51
RET900752,ORD510782,PROD1031,2024-01-07,Changed Mind,1,61.68
RET900753,ORD510790,PROD1109,2024-01-16,Wrong Item Shipped,1,254.91
RET900754,ORD510794,PROD1031,2024-02-01,Size/Fit Issue,1,61.68
RET900755,ORD510837,PROD1135,2024-01-14,Size/Fit Issue,1,109.82
RET900756,ORD510838,PROD1033,2024-01-25,Size/Fit Issue,1,185.77
RET900757,ORD510843,PROD1189,2024-01-15,Wrong Item Shipped,1,129.55
RET900758,ORD510857,PROD1165,2024-01-18,Better Price Found,1,57.07
RET900759,ORD510901,PROD1147,2024-02-04,Wrong Item Shipped,1,56.65
RET900760,ORD510920,PROD1001,2024-02-08,Size/Fit Issue,1,77.16
RET900761,ORD510925,PROD1169,2024-02-10,No Longer Needed,1,285.61
RET900762,ORD510928,PROD1031,2024-01-31,Size/Fit Issue,1,61.68
RET900763,ORD510964,PROD1232,2024-02-03,Changed Mind,1,34.28
RET900764,ORD510989,PROD1107,2024-01-21,Wrong Item Shipped,1,132.2
RET900765,ORD510991,PROD1001,2024-01-19,Defective/Damaged,1,89.0
RET900766,ORD511017,PROD1078,2024-02-11,Size/Fit Issue,1,122.53
RET900767,ORD511056,PROD1128,2024-01-26,Wrong Item Shipped,1,211.71
RET900768,ORD511059,PROD1169,2024-01-23,Wrong Item Shipped,1,285.61
RET900769,ORD511072,PROD1150,2024-02-01,Not as Described,1,194.91
RET900770,ORD511079,PROD1001,2024-01-31,Changed Mind,1,89.0
RET900771,ORD511098,PROD1207,2024-02-09,No Longer Needed,1,31.62
RET900772,ORD511120,PROD1031,2024-02-08,Changed Mind,1,61.68
RET900773,ORD511120,PROD1090,2024-01-28,No Longer Needed,1,149.74
RET900774,ORD511143,PROD1147,2024-01-29,Changed Mind,1,56.65
RET900775,ORD511165,PROD1113,2024-01-24,Wrong Item Shipped,1,59.98
RET900776,ORD511171,PROD1210,2024-02-06,Better Price Found,1,88.45
RET900777,ORD511175,PROD1019,2024-02-10,Better Price Found,1,132.53
RET900778,ORD511208,PROD1001,2024-02-20,Wrong Item Shipped,1,89.0
RET900779,ORD511219,PROD1090,2024-02-19,Better Price Found,1,149.74
RET900780,ORD511231,PROD1220,2024-02-20,Changed Mind,1,50.95
RET900781,ORD511247,PROD1107,2024-02-03,Changed Mind,1,132.2
RET900782,ORD511292,PROD1136,2024-02-07,Not as Described,1,28.54
RET900783,ORD511299,PROD1147,2024-01-28,Not as Described,1,56.65
RET900784,ORD511315,PROD1232,2024-02-15,Not as Described,2,68.56
RET900785,ORD511347,PROD1087,2024-02-17,No Longer Needed,2,301.98
RET900786,ORD511352,PROD1031,2024-02-01,Wrong Item Shipped,1,61.68
RET900787,ORD511363,PROD1107,2024-02-19,Wrong Item Shipped,1,132.2
RET900788,ORD511374,PROD1130,2024-02-25,No Longer Needed,1,78.08
RET900789,ORD511381,PROD1108,2024-02-10,Wrong Item Shipped,1,39.5
RET900790,ORD511397,PROD1136,2024-02-13,Not Specified,1,23.77
RET900791,ORD511404,PROD1136,2024-02-10,Not as Described,1,28.54
RET900792,ORD511434,PROD1068,2024-02-20,Size/Fit Issue,1,72.86
RET900793,ORD511464,PROD1090,2024-02-29,No Longer Needed,1,149.74
RET900794,ORD511488,PROD1090,2024-02-18,Changed Mind,2,299.48
RET900795,ORD511494,PROD1065,2024-02-04,Better Price Found,1,66.51
RET900796,ORD511515,PROD1090,2024-02-07,Better Price Found,1,149.74
RET900797,ORD511521,PROD1003,2024-02-13,Better Price Found,1,88.29
RET900798,ORD511530,PROD1179,2024-02-18,Changed Mind,1,185.55
RET900799,ORD511531,PROD1057,2024-02-08,Changed Mind,1,47.42
RET900800,ORD511556,PROD1249,2024-02-12,Defective/Damaged,1,79.75
RET900801,ORD511598,PROD1235,2024-02-06,Wrong Item Shipped,1,56.93
RET900802,ORD511599,PROD1207,2024-02-17,Better Price Found,1,26.34
RET900803,ORD511603,PROD1234,2024-02-14,Size/Fit Issue,1,273.87
RET900804,ORD511650,PROD1094,2024-02-22,Changed Mind,1,19.08
RET900805,ORD511686,PROD1207,2024-02-24,No Longer Needed,1,31.62
RET900806,ORD511689,PROD1214,2024-02-25,Defective/Damaged,1,118.71
RET900807,ORD511704,PROD1242,2024-02-27,Not as Described,2,333.8
RET900808,ORD511721,PROD1075,2024-03-01,Defective/Damaged,1,60.21
RET900809,ORD511732,PROD1080,2024-02-12,Wrong Item Shipped,1,65.53
RET900810,ORD511749,PROD1091,2024-02-12,Better Price Found,1,208.22
RET900811,ORD511750,PROD1224,2024-02-20,Not as Described,1,246.28
RET900812,ORD511757,PROD1204,2024-02-18,No Longer Needed,1,54.71
RET900813,ORD511785,PROD1126,2024-02-20,Not as Described,1,212.95
RET900814,ORD511801,PROD1001,2024-03-04,Defective/Damaged,2,178.0
RET900815,ORD511810,PROD1165,2024-02-14,Wrong Item Shipped,1,66.91
RET900816,ORD511814,PROD1247,2024-03-09,Changed Mind,1,250.47
RET900817,ORD511822,PROD1082,2024-03-03,Wrong Item Shipped,1,206.84
RET900818,ORD511840,PROD1018,2024-02-27,Wrong Item Shipped,1,214.58
RET900819,ORD511859,PROD1218,2024-02-25,No Longer Needed,1,89.62
RET900820,ORD511875,PROD1001,2024-02-26,Defective/Damaged,1,89.0
RET900821,ORD511877,PROD1001,2024-03-08,Better Price Found,1,81.97
RET900822,ORD511901,PROD1072,2024-03-14,No Longer Needed,1,37.9
RET900823,ORD511926,PROD1165,2024-02-26,Changed Mind,1,66.91
RET900824,ORD511938,PROD1107,2024-02-20,Not as Described,1,132.2
RET900825,ORD511940,PROD1127,2024-02-29,No Longer Needed,1,60.63
RET900826,ORD511983,PROD1028,2024-03-17,Size/Fit Issue,1,112.26
RET900827,ORD511989,PROD1186,2024-02-21,Wrong Item Shipped,1,65.56
RET900828,ORD512010,PROD1044,2024-02-21,No Longer Needed,2,281.74
RET900829,ORD512013,PROD1107,2024-03-01,Size/Fit Issue,1,132.2
RET900830,ORD512019,PROD1205,2024-02-23,Changed Mind,1,138.63
RET900831,ORD512031,PROD1067,2024-03-10,No Longer Needed,1,71.76
RET900832,ORD512035,PROD1107,2024-03-15,Wrong Item Shipped,1,132.2
RET900833,ORD512037,PROD1090,2024-02-27,Not as Described,1,149.74
RET900834,ORD512050,PROD1167,2024-03-12,Changed Mind,1,12.46
RET900835,ORD512065,PROD1107,2024-02-29,Not as Described,1,132.2
RET900836,ORD512108,PROD1135,2024-03-01,Not as Described,1,109.82
RET900837,ORD512134,PROD1012,2024-03-09,No Longer Needed,1,164.58
RET900838,ORD512137,PROD1194,2024-02-25,Better Price Found,1,157.0
RET900839,ORD512153,PROD1258,2024-03-19,Size/Fit Issue,1,128.51
RET900840,ORD512181,PROD1003,2024-03-14,Wrong Item Shipped,1,69.04
RET900841,ORD512195,PROD1059,2024-03-13,Changed Mind,1,38.65
RET900842,ORD512197,PROD1234,2024-02-28,Size/Fit Issue,1,273.87
RET900843,ORD512198,PROD1226,2024-03-23,Not as Described,1,35.15
RET900844,ORD512254,PROD1034,2024-03-10,Better Price Found,1,46.68
RET900845,ORD512255,PROD1185,2024-03-22,Better Price Found,1,120.57
RET900846,ORD512263,PROD1165,2024-03-18,Defective/Damaged,1,57.01
RET900847,ORD512290,PROD1227,2024-03-27,Not as Described,1,163.54
RET900848,ORD512315,PROD1073,2024-03-06,Size/Fit Issue,1,13.14
RET900849,ORD512320,PROD1001,2024-03-20,Defective/Damaged,1,89.0
RET900850,ORD512344,PROD1133,2024-03-07,Better Price Found,1,142.42
RET900851,ORD512349,PROD1187,2024-03-11,Better Price Found,1,218.02
RET900852,ORD512383,PROD1147,2024-04-01,Not as Described,3,169.95
RET900853,ORD512414,PROD1224,2024-03-08,Defective/Damaged,1,256.54
RET900854,ORD512424,PROD1079,2024-03-09,Wrong Item Shipped,1,158.95
RET900855,ORD512445,PROD1211,2024-03-22,Size/Fit Issue,2,117.8
RET900856,ORD512498,PROD1170,2024-03-25,Size/Fit Issue,1,143.39
RET900857,ORD512529,PROD1251,2024-03-27,No Longer Needed,1,47.09
RET900858,ORD512547,PROD1075,2024-03-12,Wrong Item Shipped,1,60.21
RET900859,ORD512566,PROD1127,2024-03-28,No Longer Needed,1,60.63
RET900860,ORD512581,PROD1054,2024-03-25,Not as Described,1,11.68
RET900861,ORD512614,PROD1071,2024-04-03,Better Price Found,1,166.35
RET900862,ORD512628,PROD1160,2024-04-10,Changed Mind,1,64.71
RET900863,ORD512641,PROD1158,2024-03-25,No Longer Needed,1,44.11
RET900864,ORD512642,PROD1012,2024-03-31,Wrong Item Shipped,1,183.27
RET900865,ORD512663,PROD1165,2024-03-30,Changed Mind,1,50.45
RET900866,ORD512676,PROD1165,2024-03-31,Not as Described,1,66.91
RET900867,ORD512685,PROD1194,2024-04-04,Changed Mind,1,129.84
RET900868,ORD512693,PROD1001,2024-04-02,No Longer Needed,1,81.17
RET900869,ORD512726,PROD1165,2024-03-22,Size/Fit Issue,1,55.8
RET900870,ORD512732,PROD1126,2024-04-10,Size/Fit Issue,1,194.85
RET900871,ORD512740,PROD1111,2024-03-26,Defective/Damaged,1,166.7
RET900872,ORD512746,PROD1246,2024-03-24,Changed Mind,1,127.54
RET900873,ORD512756,PROD1044,2024-03-31,Not as Described,1,140.87
RET900874,ORD512774,PROD1169,2024-03-25,No Longer Needed,1,285.61
RET900875,ORD512778,PROD1001,2024-04-01,Wrong Item Shipped,1,89.0
RET900876,ORD512794,PROD1144,2024-04-01,Changed Mind,1,201.6
RET900877,ORD512796,PROD1188,2024-04-13,Size/Fit Issue,1,45.64
RET900878,ORD512808,PROD1126,2024-04-01,Wrong Item Shipped,1,212.95
RET900879,ORD512823,PROD1189,2024-04-02,Wrong Item Shipped,1,129.55
RET900880,ORD512833,PROD1127,2024-04-12,No Longer Needed,1,60.63
RET900881,ORD512839,PROD1126,2024-04-15,Not as Described,1,212.95
RET900882,ORD512849,PROD1230,2024-03-23,Not as Described,1,138.35
RET900883,ORD512853,PROD1099,2024-04-09,Defective/Damaged,1,83.99
RET900884,ORD512884,PROD1059,2024-03-22,Changed Mind,1,38.65
RET900885,ORD512888,PROD1240,2024-04-11,Changed Mind,2,58.6
RET900886,ORD512919,PROD1228,2024-04-12,No Longer Needed,1,90.4
RET900887,ORD512946,PROD1033,2024-04-12,Wrong Item Shipped,1,185.77
RET900888,ORD512951,PROD1001,2024-03-30,Wrong Item Shipped,1,70.22
RET900889,ORD512978,PROD1122,2024-04-10,No Longer Needed,2,58.63
RET900890,ORD512989,PROD1234,2024-04-13,Wrong Item Shipped,2,547.74
RET900891,ORD512990,PROD1001,2024-04-16,Size/Fit Issue,1,89.0
RET900892,ORD513014,PROD1001,2024-04-16,Better Price Found,1,68.62
RET900893,ORD513027,PROD1219,2024-04-05,Better Price Found,1,61.46
RET900894,ORD513028,PROD1044,2024-04-17,Better Price Found,1,129.74
RET900895,ORD513061,PROD1001,2024-04-24,Better Price Found,1,75.12
RET900896,ORD513068,PROD1080,2024-04-16,Changed Mind,1,84.99
RET900897,ORD513082,PROD1154,2024-04-22,No Longer Needed,1,144.94
RET900898,ORD513091,PROD1208,2024-04-12,No Longer Needed,1,49.51
RET900899,ORD513106,PROD1031,2024-04-02,Not Specified,1,61.68
RET900900,ORD513107,PROD1228,2024-04-16,Not as Described,1,104.8
RET900901,ORD513110,PROD1152,2024-04-04,Wrong Item Shipped,1,86.17
RET900902,ORD513121,PROD1147,2024-04-15,Better Price Found,1,56.65
RET900903,ORD513129,PROD1147,2024-04-02,Changed Mind,1,56.65
RET900904,ORD513133,PROD1068,2024-04-04,Not as Described,1,72.86
RET900905,ORD513187,PROD1094,2024-04-15,No Longer Needed,1,19.08
RET900906,ORD513189,PROD1009,2024-04-11,No Longer Needed,1,121.39
RET900907,ORD513219,PROD1195,2024-04-04,Not as Described,1,41.23
RET900908,ORD513280,PROD1020,2024-04-20,Defective/Damaged,1,70.97
RET900909,ORD513295,PROD1122,2024-04-06,Size/Fit Issue,1,35.66
RET900910,ORD513313,PROD1196,2024-05-03,Not as Described,1,16.21
RET900911,ORD513328,PROD1107,2024-05-04,Defective/Damaged,1,116.2
RET900912,ORD513346,PROD1211,2024-05-06,Better Price Found,1,57.49
RET900913,ORD513368,PROD1107,2024-04-18,Not as Described,1,110.78
RET900914,ORD513409,PROD1103,2024-04-17,Wrong Item Shipped,1,168.41
RET900915,ORD513411,PROD1207,2024-04-18,Not as Described,2,56.85
RET900916,ORD513418,PROD1205,2024-04-25,No Longer Needed,1,138.63
RET900917,ORD513424,PROD1224,2024-05-03,Wrong Item Shipped,1,256.54
RET900918,ORD513429,PROD1020,2024-04-24,Size/Fit Issue,1,70.97
RET900919,ORD513440,PROD1020,2024-04-27,Defective/Damaged,1,70.97
RET900920,ORD513455,PROD1107,2024-04-23,Wrong Item Shipped,1,132.2
RET900921,ORD513531,PROD1044,2024-05-05,Changed Mind,1,140.87
RET900922,ORD513564,PROD1051,2024-04-22,Better Price Found,1,111.06
RET900923,ORD513585,PROD1107,2024-05-12,Size/Fit Issue,1,132.2
RET900924,ORD513616,PROD1129,2024-05-17,Better Price Found,1,147.96
RET900925,ORD513633,PROD1237,2024-05-16,Defective/Damaged,1,190.21
RET900926,ORD513644,PROD1065,2024-05-09,Defective/Damaged,1,66.51
RET900927,ORD513673,PROD1103,2024-05-05,No Longer Needed,1,168.41
RET900928,ORD513705,PROD1191,2024-05-15,No Longer Needed,1,42.59
RET900929,ORD513713,PROD1218,2024-05-18,Size/Fit Issue,1,66.5
RET900930,ORD513725,PROD1050,2024-04-24,Defective/Damaged,2,318.96
RET900931,ORD513729,PROD1076,2024-04-30,Better Price Found,1,166.97
RET900932,ORD513735,PROD1090,2024-05-07,Wrong Item Shipped,1,149.74
RET900933,ORD513746,PROD1059,2024-04-26,Defective/Damaged,1,34.75
RET900934,ORD513762,PROD1219,2024-05-14,Better Price Found,1,62.42
RET900935,ORD513796,PROD1115,2024-05-14,Better Price Found,1,126.42
RET900936,ORD513802,PROD1015,2024-05-09,Size/Fit Issue,1,118.79
RET900937,ORD513809,PROD1107,2024-05-22,Better Price Found,2,264.4
RET900938,ORD513817,PROD1207,2024-05-10,Defective/Damaged,1,31.62
RET900939,ORD513825,PROD1160,2024-05-16,Defective/Damaged,1,64.71
RET900940,ORD513840,PROD1037,2024-05-07,Size/Fit Issue,1,121.73
RET900941,ORD513843,PROD1107,2024-05-05,Changed Mind,1,117.66
RET900942,ORD513844,PROD1055,2024-05-15,Wrong Item Shipped,1,71.81
RET900943,ORD513862,PROD1020,2024-05-21,Changed Mind,1,70.97
RET900944,ORD513869,PROD1001,2024-05-11,Better Price Found,1,89.0
RET900945,ORD513896,PROD1098,2024-04-30,Defective/Damaged,1,36.0
RET900946,ORD513899,PROD1090,2024-05-27,Defective/Damaged,1,149.74
RET900947,ORD513904,PROD1170,2024-05-16,Better Price Found,1,143.39
RET900948,ORD513917,PROD1012,2024-05-01,Wrong Item Shipped,1,214.85
RET900949,ORD513924,PROD1192,2024-05-13,Not as Described,3,57.68
RET900950,ORD513970,PROD1207,2024-05-14,Changed Mind,1,26.81
RET900951,ORD513972,PROD1107,2024-05-17,Changed Mind,1,132.2
RET900952,ORD514016,PROD1054,2024-05-05,Defective/Damaged,1,11.68
RET900953,ORD514037,PROD1075,2024-05-23,No Longer Needed,1,60.21
RET900954,ORD514039,PROD1165,2024-05-06,Size/Fit Issue,1,66.91
RET900955,ORD514064,PROD1001,2024-05-14,No Longer Needed,1,74.85
RET900956,ORD514070,PROD1043,2024-05-31,Wrong Item Shipped,1,20.32
RET900957,ORD514081,PROD1152,2024-05-24,Wrong Item Shipped,1,86.17
RET900958,ORD514088,PROD1079,2024-05-21,Not as Described,1,207.51
RET900959,ORD514122,PROD1253,2024-05-16,Not as Described,1,36.39
RET900960,ORD514124,PROD1255,2024-05-13,Size/Fit Issue,1,130.19
RET900961,ORD514128,PROD1147,2024-06-04,Size/Fit Issue,1,56.65
RET900962,ORD514154,PROD1003,2024-05-21,Defective/Damaged,1,88.29
RET900963,ORD514157,PROD1165,2024-05-19,Better Price Found,1,66.91
RET900964,ORD514164,PROD1001,2024-06-03,Defective/Damaged,1,89.0
RET900965,ORD514181,PROD1136,2024-06-02,Better Price Found,1,28.54
RET900966,ORD514214,PROD1015,2024-05-29,Defective/Damaged,1,118.79
RET900967,ORD514215,PROD1126,2024-05-29,Size/Fit Issue,1,212.95
RET900968,ORD514217,PROD1015,2024-05-26,Size/Fit Issue,1,96.46
RET900969,ORD514219,PROD1012,2024-05-24,Changed Mind,1,214.85
RET900970,ORD514222,PROD1004,2024-05-31,Defective/Damaged,1,58.14
RET900971,ORD514224,PROD1018,2024-05-20,Not as Described,1,286.49
RET900972,ORD514234,PROD1001,2024-06-07,Wrong Item Shipped,1,89.0
RET900973,ORD514254,PROD1237,2024-05-28,Changed Mind,1,190.21
RET900974,ORD514258,PROD1025,2024-05-14,Defective/Damaged,1,228.16
RET900975,ORD514259,PROD1165,2024-05-24,Not as Described,1,55.07
RET900976,ORD514283,PROD1184,2024-06-08,Changed Mind,1,16.83
RET900977,ORD514284,PROD1256,2024-05-22,Wrong Item Shipped,1,158.14
RET900978,ORD514285,PROD1090,2024-06-04,Better Price Found,1,147.94
RET900979,ORD514328,PROD1001,2024-06-10,No Longer Needed,1,89.0
RET900980,ORD514348,PROD1147,2024-05-22,Wrong Item Shipped,1,56.65
RET900981,ORD514357,PROD1004,2024-06-01,Wrong Item Shipped,1,52.5
RET900982,ORD514365,PROD1111,2024-05-30,No Longer Needed,1,212.9
RET900983,ORD514374,PROD1174,2024-06-10,Changed Mind,1,28.39
RET900984,ORD514382,PROD1147,2024-05-27,Better Price Found,1,56.65
RET900985,ORD514408,PROD1213,2024-05-19,Better Price Found,1,111.1
RET900986,ORD514409,PROD1205,2024-05-23,No Longer Needed,1,138.63
RET900987,ORD514412,PROD1174,2024-05-28,Better Price Found,1,28.39
RET900988,ORD514427,PROD1001,2024-05-28,Better Price Found,1,78.05
RET900989,ORD514443,PROD1234,2024-05-27,Defective/Damaged,1,273.87
RET900990,ORD514460,PROD1107,2024-06-01,No Longer Needed,1,118.45
RET900991,ORD514464,PROD1150,2024-06-06,Better Price Found,1,194.91
RET900992,ORD514480,PROD1128,2024-06-08,No Longer Needed,1,211.71
RET900993,ORD514484,PROD1012,2024-06-17,Changed Mind,1,214.85
RET900994,ORD514485,PROD1003,2024-06-05,Defective/Damaged,1,86.7
RET900995,ORD514490,PROD1136,2024-06-16,No Longer Needed,2,40.0
RET900996,ORD514491,PROD1011,2024-06-16,Size/Fit Issue,1,213.7
RET900997,ORD514512,PROD1207,2024-06-14,Changed Mind,1,31.62
RET900998,ORD514587,PROD1090,2024-06-18,Wrong Item Shipped,1,149.74
RET900999,ORD514599,PROD1135,2024-06-21,Defective/Damaged,1,109.82
RET901000,ORD514610,PROD1001,2024-06-08,Better Price Found,1,89.0
RET901001,ORD514612,PROD1216,2024-05-26,Changed Mind,1,260.5
RET901002,ORD514650,PROD1258,2024-06-09,No Longer Needed,1,128.51
RET901003,ORD514653,PROD1020,2024-06-03,Defective/Damaged,1,65.36
RET901004,ORD514664,PROD1094,2024-06-13,Better Price Found,1,19.08
RET901005,ORD514686,PROD1218,2024-06-02,No Longer Needed,1,81.73
RET901006,ORD514689,PROD1239,2024-06-06,Better Price Found,1,29.99
RET901007,ORD514705,PROD1135,2024-06-25,Better Price Found,2,183.62
RET901008,ORD514716,PROD1258,2024-06-15,Not as Described,1,128.51
RET901009,ORD514731,PROD1147,2024-06-16,Better Price Found,1,53.76
RET901010,ORD514737,PROD1107,2024-06-25,No Longer Needed,1,132.2
RET901011,ORD514743,PROD1160,2024-05-30,Better Price Found,1,64.71
RET901012,ORD514745,PROD1179,2024-06-06,Wrong Item Shipped,1,185.55
RET901013,ORD514774,PROD1027,2024-06-24,Not as Described,1,118.88
RET901014,ORD514800,PROD1058,2024-06-06,Changed Mind,1,61.33
RET901015,ORD514840,PROD1094,2024-06-17,Not as Described,1,19.08
RET901016,ORD514848,PROD1234,2024-06-04,Size/Fit Issue,1,273.87
RET901017,ORD514853,PROD1059,2024-06-27,Size/Fit Issue,1,38.11
RET901018,ORD514863,PROD1079,2024-06-09,Wrong Item Shipped,1,207.51
RET901019,ORD514867,PROD1239,2024-06-06,Wrong Item Shipped,1,29.99
RET901020,ORD514869,PROD1207,2024-06-30,Changed Mind,2,63.24
RET901021,ORD514896,PROD1001,2024-06-28,No Longer Needed,1,74.4
RET901022,ORD514901,PROD1050,2024-06-06,Size/Fit Issue,1,122.48
RET901023,ORD514918,PROD1001,2024-06-18,Better Price Found,2,178.0
RET901024,ORD514952,PROD1215,2024-07-05,Size/Fit Issue,1,71.79
RET901025,ORD514957,PROD1249,2024-06-09,Wrong Item Shipped,1,79.75
RET901026,ORD514965,PROD1165,2024-06-22,Better Price Found,1,66.91
RET901027,ORD514967,PROD1159,2024-06-10,Wrong Item Shipped,2,25.04
RET901028,ORD514969,PROD1027,2024-06-13,Better Price Found,1,149.16
RET901029,ORD514977,PROD1046,2024-06-11,Size/Fit Issue,1,100.8
RET901030,ORD515015,PROD1012,2024-06-27,Better Price Found,1,214.85
RET901031,ORD515023,PROD1012,2024-06-25,Not as Described,1,214.85
RET901032,ORD515045,PROD1010,2024-07-08,Not as Described,2,35.87
RET901033,ORD515050,PROD1190,2024-07-08,Better Price Found,1,157.61
RET901034,ORD515076,PROD1115,2024-07-02,No Longer Needed,1,126.42
RET901035,ORD515093,PROD1259,2024-07-05,Defective/Damaged,1,77.67
RET901036,ORD515106,PROD1189,2024-07-10,Better Price Found,1,122.55
RET901037,ORD515107,PROD1035,2024-06-30,Size/Fit Issue,1,51.36
RET901038,ORD515123,PROD1145,2024-07-02,Defective/Damaged,1,41.94
RET901039,ORD515150,PROD1050,2024-07-06,Better Price Found,1,159.48
RET901040,ORD515156,PROD1207,2024-07-12,Defective/Damaged,1,31.62
RET901041,ORD515166,PROD1168,2024-06-17,Defective/Damaged,1,192.13
RET901042,ORD515186,PROD1044,2024-06-21,Not Specified,1,140.87
RET901043,ORD515197,PROD1008,2024-06-24,Size/Fit Issue,1,129.77
RET901044,ORD515209,PROD1016,2024-07-04,Not as Described,1,14.95
RET901045,ORD515229,PROD1108,2024-07-05,Changed Mind,1,39.5
RET901046,ORD515234,PROD1243,2024-07-17,No Longer Needed,1,235.5
RET901047,ORD515237,PROD1185,2024-06-21,No Longer Needed,1,120.57
RET901048,ORD515252,PROD1180,2024-07-01,No Longer Needed,1,183.8
RET901049,ORD515306,PROD1012,2024-07-09,Defective/Damaged,1,214.85
RET901050,ORD515307,PROD1107,2024-07-14,Not as Described,1,131.01
RET901051,ORD515339,PROD1039,2024-07-11,No Longer Needed,1,138.43
RET901052,ORD515340,PROD1059,2024-07-19,Size/Fit Issue,1,38.65
RET901053,ORD515347,PROD1167,2024-06-30,No Longer Needed,1,16.48
RET901054,ORD515348,PROD1218,2024-07-09,Size/Fit Issue,2,179.24
RET901055,ORD515352,PROD1160,2024-06-30,No Longer Needed,1,64.71
RET901056,ORD515383,PROD1001,2024-07-19,No Longer Needed,1,89.0
RET901057,ORD515385,PROD1009,2024-07-08,Not as Described,1,121.39
RET901058,ORD515423,PROD1230,2024-07-11,Defective/Damaged,1,138.35
RET901059,ORD515473,PROD1159,2024-07-06,Not as Described,1,8.94
RET901060,ORD515493,PROD1244,2024-07-12,Changed Mind,1,19.63
RET901061,ORD515506,PROD1207,2024-07-15,No Longer Needed,1,31.15
RET901062,ORD515512,PROD1001,2024-07-09,Changed Mind,1,70.31
RET901063,ORD515526,PROD1249,2024-07-23,Wrong Item Shipped,1,79.75
RET901064,ORD515530,PROD1234,2024-07-08,Size/Fit Issue,1,252.78
RET901065,ORD515540,PROD1080,2024-07-28,Size/Fit Issue,1,84.99
RET901066,ORD515555,PROD1249,2024-07-12,Wrong Item Shipped,1,79.75
RET901067,ORD515581,PROD1207,2024-07-26,No Longer Needed,1,31.62
RET901068,ORD515603,PROD1012,2024-07-25,Not as Described,1,214.85
RET901069,ORD515611,PROD1239,2024-07-22,Better Price Found,1,29.99
RET901070,ORD515631,PROD1007,2024-07-31,Not as Described,1,260.61
RET901071,ORD515654,PROD1090,2024-07-28,Defective/Damaged,2,299.48
RET901072,ORD515695,PROD1071,2024-07-22,Wrong Item Shipped,1,166.35
RET901073,ORD515706,PROD1090,2024-08-03,Size/Fit Issue,1,149.74
RET901074,ORD515720,PROD1044,2024-07-28,No Longer Needed,1,140.87
RET901075,ORD515768,PROD1149,2024-07-19,Better Price Found,1,132.46
RET901076,ORD515811,PROD1001,2024-07-30,Not as Described,1,89.0
RET901077,ORD515814,PROD1165,2024-07-23,Wrong Item Shipped,1,66.91
RET901078,ORD515820,PROD1259,2024-08-08,Changed Mind,1,77.67
RET901079,ORD515822,PROD1058,2024-07-17,Changed Mind,1,61.33
RET901080,ORD515826,PROD1258,2024-08-11,Size/Fit Issue,1,128.51
RET901081,ORD515841,PROD1080,2024-08-05,Size/Fit Issue,1,84.99
RET901082,ORD515851,PROD1135,2024-07-22,Defective/Damaged,1,109.82
RET901083,ORD515865,PROD1070,2024-07-23,Wrong Item Shipped,1,87.92
RET901084,ORD515868,PROD1204,2024-08-12,Better Price Found,1,54.71
RET901085,ORD515885,PROD1001,2024-07-21,Better Price Found,1,89.0
RET901086,ORD515902,PROD1224,2024-08-13,Wrong Item Shipped,1,256.54
RET901087,ORD515908,PROD1156,2024-07-28,No Longer Needed,1,174.1
RET901088,ORD515909,PROD1001,2024-07-23,Size/Fit Issue,1,89.0
RET901089,ORD515939,PROD1107,2024-08-15,Defective/Damaged,1,132.2
RET901090,ORD515950,PROD1012,2024-08-06,Size/Fit Issue,1,214.85
RET901091,ORD515956,PROD1015,2024-07-28,Better Price Found,1,118.79
RET901092,ORD515969,PROD1001,2024-07-30,Changed Mind,1,89.0
RET901093,ORD515973,PROD1191,2024-08-13,Not as Described,1,42.59
RET901094,ORD516018,PROD1224,2024-08-13,Wrong Item Shipped,1,256.54
RET901095,ORD516018,PROD1170,2024-07-31,Not Specified,1,143.39
RET901096,ORD516020,PROD1001,2024-07-28,Not as Described,1,85.62
RET901097,ORD516040,PROD1229,2024-08-13,Better Price Found,1,144.38
RET901098,ORD516047,PROD1008,2024-07-28,Changed Mind,1,150.9
RET901099,ORD516049,PROD1207,2024-07-31,Size/Fit Issue,1,31.62
RET901100,ORD516055,PROD1258,2024-08-17,Defective/Damaged,1,128.51
RET901101,ORD516058,PROD1046,2024-08-01,Not as Described,1,93.34
RET901102,ORD516062,PROD1134,2024-08-09,Wrong Item Shipped,1,45.21
RET901103,ORD516088,PROD1031,2024-08-08,Wrong Item Shipped,1,61.68
RET901104,ORD516105,PROD1049,2024-08-02,No Longer Needed,1,54.38
RET901105,ORD516108,PROD1243,2024-07-29,Better Price Found,1,235.5
RET901106,ORD516165,PROD1071,2024-08-01,Changed Mind,1,166.35
RET901107,ORD516166,PROD1012,2024-08-25,No Longer Needed,1,197.88
RET901108,ORD516194,PROD1169,2024-08-18,Size/Fit Issue,1,285.61
RET901109,ORD516202,PROD1004,2024-08-25,Better Price Found,1,56.57
RET901110,ORD516210,PROD1001,2024-08-05,Defective/Damaged,1,89.0
RET901111,ORD516228,PROD1070,2024-08-20,Better Price Found,1,87.92
RET901112,ORD516232,PROD1080,2024-08-28,Better Price Found,1,84.99
RET901113,ORD516240,PROD1230,2024-08-08,No Longer Needed,3,415.05
RET901114,ORD516247,PROD1190,2024-08-06,Better Price Found,1,157.61
RET901115,ORD516251,PROD1259,2024-08-28,Not as Described,1,77.67
RET901116,ORD516255,PROD1031,2024-08-26,Changed Mind,1,61.68
RET901117,ORD516296,PROD1058,2024-08-10,Defective/Damaged,1,61.33
RET901118,ORD516303,PROD1229,2024-08-14,Defective/Damaged,1,152.56
RET901119,ORD516335,PROD1018,2024-08-05,Defective/Damaged,1,286.49
RET901120,ORD516343,PROD1082,2024-08-08,Changed Mind,2,413.68
RET901121,ORD516343,PROD1080,2024-08-14,Better Price Found,3,254.97
RET901122,ORD516371,PROD1234,2024-08-11,Better Price Found,1,273.87
RET901123,ORD516379,PROD1218,2024-08-19,Wrong Item Shipped,1,89.62
RET901124,ORD516384,PROD1235,2024-09-01,Size/Fit Issue,1,55.34
RET901125,ORD516388,PROD1258,2024-08-29,No Longer Needed,1,119.51
RET901126,ORD516395,PROD1214,2024-08-27,Better Price Found,1,132.49
RET901127,ORD516413,PROD1217,2024-08-15,Better Price Found,1,43.44
RET901128,ORD516429,PROD1022,2024-08-15,Not as Described,1,29.86
RET901129,ORD516441,PROD1190,2024-08-14,Changed Mind,1,157.61
RET901130,ORD516453,PROD1173,2024-08-24,Wrong Item Shipped,1,15.94
RET901131,ORD516455,PROD1037,2024-08-13,Defective/Damaged,2,243.46
RET901132,ORD516489,PROD1107,2024-08-10,Wrong Item Shipped,1,132.2
RET901133,ORD516546,PROD1184,2024-08-30,Defective/Damaged,1,13.99
RET901134,ORD516577,PROD1059,2024-09-07,Better Price Found,1,38.65
RET901135,ORD516596,PROD1176,2024-08-17,Size/Fit Issue,1,128.33
RET901136,ORD516596,PROD1159,2024-08-16,Changed Mind,1,12.36
RET901137,ORD516602,PROD1196,2024-08-14,Not as Described,2,32.42
RET901138,ORD516623,PROD1054,2024-08-20,Not as Described,1,11.68
RET901139,ORD516639,PROD1001,2024-08-14,Better Price Found,1,89.0
RET901140,ORD516657,PROD1258,2024-08-22,No Longer Needed,1,128.51
RET901141,ORD516678,PROD1163,2024-08-31,Wrong Item Shipped,1,162.26
RET901142,ORD516678,PROD1019,2024-08-31,Not as Described,1,132.53
RET901143,ORD516720,PROD1107,2024-09-06,Better Price Found,1,101.53
RET901144,ORD516720,PROD1003,2024-08-26,No Longer Needed,1,66.04
RET901145,ORD516754,PROD1258,2024-08-27,Wrong Item Shipped,1,128.51
RET901146,ORD516770,PROD1020,2024-09-10,Wrong Item Shipped,1,70.97
RET901147,ORD516772,PROD1152,2024-08-27,Better Price Found,1,86.17
RET901148,ORD516781,PROD1177,2024-09-12,Better Price Found,1,311.52
RET901149,ORD516826,PROD1190,2024-08-28,Better Price Found,2,315.22
RET901150,ORD516833,PROD1029,2024-09-10,Better Price Found,1,64.24
RET901151,ORD516833,PROD1232,2024-09-04,Wrong Item Shipped,1,26.36
RET901152,ORD516851,PROD1165,2024-08-29,Not Specified,2,133.82
RET901153,ORD516852,PROD1179,2024-08-22,Wrong Item Shipped,1,185.55
RET901154,ORD516861,PROD1001,2024-09-09,Defective/Damaged,1,89.0
RET901155,ORD516863,PROD1001,2024-09-11,Size/Fit Issue,1,89.0
RET901156,ORD516877,PROD1175,2024-09-14,Changed Mind,1,122.04
RET901157,ORD516906,PROD1088,2024-09-14,Defective/Damaged,1,74.28
RET901158,ORD516907,PROD1107,2024-09-14,Not Specified,1,132.2
RET901159,ORD516922,PROD1069,2024-09-02,Not as Described,1,30.25
RET901160,ORD516927,PROD1148,2024-09-08,Wrong Item Shipped,1,52.95
RET901161,ORD516928,PROD1120,2024-08-27,No Longer Needed,1,18.29
RET901162,ORD516941,PROD1001,2024-09-01,No Longer Needed,1,89.0
RET901163,ORD516942,PROD1218,2024-09-04,Not as Described,1,89.62
RET901164,ORD516975,PROD1163,2024-08-28,No Longer Needed,1,162.26
RET901165,ORD516990,PROD1245,2024-09-14,Defective/Damaged,1,39.81
RET901166,ORD517025,PROD1016,2024-09-03,Wrong Item Shipped,1,12.93
RET901167,ORD517058,PROD1201,2024-08-30,Defective/Damaged,3,253.14
RET901168,ORD517074,PROD1030,2024-09-06,No Longer Needed,1,60.2
RET901169,ORD517082,PROD1239,2024-09-09,Size/Fit Issue,1,29.99
RET901170,ORD517103,PROD1025,2024-09-17,Defective/Damaged,1,228.16
RET901171,ORD517106,PROD1079,2024-09-02,No Longer Needed,1,178.46
RET901172,ORD517111,PROD1255,2024-09-15,Not as Described,2,260.38
RET901173,ORD517111,PROD1102,2024-09-18,Wrong Item Shipped,1,204.96
RET901174,ORD517131,PROD1205,2024-09-13,No Longer Needed,1,138.63
RET901175,ORD517145,PROD1160,2024-09-05,Defective/Damaged,1,64.71
RET901176,ORD517149,PROD1090,2024-09-25,Better Price Found,1,149.74
RET901177,ORD517156,PROD1176,2024-09-22,Not as Described,1,105.27
RET901178,ORD517176,PROD1245,2024-09-22,Wrong Item Shipped,1,30.81
RET901179,ORD517182,PROD1258,2024-09-18,Defective/Damaged,1,128.51
RET901180,ORD517184,PROD1087,2024-09-11,Not as Described,1,150.99
RET901181,ORD517184,PROD1069,2024-09-12,Better Price Found,1,30.25
RET901182,ORD517210,PROD1224,2024-09-14,Not as Described,1,256.54
RET901183,ORD517213,PROD1050,2024-09-04,Changed Mind,1,159.48
RET901184,ORD517215,PROD1230,2024-09-20,Not as Described,1,138.35
RET901185,ORD517223,PROD1239,2024-09-18,Size/Fit Issue,1,29.99
RET901186,ORD517234,PROD1012,2024-09-24,Better Price Found,1,214.85
RET901187,ORD517241,PROD1087,2024-09-26,Size/Fit Issue,1,142.23
RET901188,ORD517281,PROD1065,2024-09-28,No Longer Needed,1,52.74
RET901189,ORD517308,PROD1075,2024-09-06,Changed Mind,1,60.21
RET901190,ORD517312,PROD1055,2024-09-29,Changed Mind,1,71.81
RET901191,ORD517327,PROD1234,2024-09-28,No Longer Needed,2,547.74
RET901192,ORD517387,PROD1165,2024-09-28,Size/Fit Issue,1,66.91
RET901193,ORD517404,PROD1107,2024-09-13,Wrong Item Shipped,1,132.2
RET901194,ORD517404,PROD1206,2024-09-24,No Longer Needed,1,159.99
RET901195,ORD517432,PROD1071,2024-10-01,Not Specified,1,166.35
RET901196,ORD517447,PROD1001,2024-09-24,Wrong Item Shipped,2,178.0
RET901197,ORD517454,PROD1171,2024-10-04,Changed Mind,1,145.08
RET901198,ORD517475,PROD1177,2024-09-22,No Longer Needed,1,324.5
RET901199,ORD517498,PROD1186,2024-09-24,Changed Mind,1,88.95
RET901200,ORD517507,PROD1258,2024-10-03,Size/Fit Issue,1,119.51
RET901201,ORD517515,PROD1050,2024-09-30,Not as Described,1,159.48
RET901202,ORD517523,PROD1015,2024-10-05,No Longer Needed,1,112.38
RET901203,ORD517559,PROD1031,2024-09-14,Wrong Item Shipped,1,61.68
RET901204,ORD517559,PROD1249,2024-10-06,Size/Fit Issue,1,79.75
RET901205,ORD517559,PROD1003,2024-10-06,Wrong Item Shipped,1,88.29
RET901206,ORD517585,PROD1001,2024-09-24,Changed Mind,1,69.6
RET901207,ORD517620,PROD1203,2024-09-26,Better Price Found,1,111.22
RET901208,ORD517629,PROD1151,2024-10-12,No Longer Needed,1,43.76
RET901209,ORD517678,PROD1224,2024-09-20,Better Price Found,1,256.54
RET901210,ORD517694,PROD1147,2024-10-12,Wrong Item Shipped,1,56.65
RET901211,ORD517699,PROD1119,2024-10-09,Wrong Item Shipped,1,115.39
RET901212,ORD517702,PROD1020,2024-09-18,Wrong Item Shipped,1,70.97
RET901213,ORD517707,PROD1159,2024-10-08,Wrong Item Shipped,1,12.52
RET901214,ORD517722,PROD1113,2024-09-18,Defective/Damaged,1,59.98
RET901215,ORD517725,PROD1001,2024-10-08,No Longer Needed,1,89.0
RET901216,ORD517726,PROD1253,2024-10-04,No Longer Needed,1,36.57
RET901217,ORD517731,PROD1063,2024-10-05,Better Price Found,1,84.65
RET901218,ORD517743,PROD1167,2024-10-07,Changed Mind,1,16.48
RET901219,ORD517766,PROD1207,2024-10-09,Wrong Item Shipped,1,31.62
RET901220,ORD517803,PROD1191,2024-09-21,Not as Described,1,42.59
RET901221,ORD517841,PROD1186,2024-10-11,No Longer Needed,1,88.95
RET901222,ORD517843,PROD1001,2024-10-11,Defective/Damaged,1,89.0
RET901223,ORD517862,PROD1185,2024-10-19,Defective/Damaged,1,117.8
RET901224,ORD517886,PROD1031,2024-10-16,Wrong Item Shipped,1,61.68
RET901225,ORD517920,PROD1248,2024-10-05,Defective/Damaged,1,315.49
RET901226,ORD517929,PROD1126,2024-10-05,Better Price Found,1,212.95
RET901227,ORD517931,PROD1000,2024-10-18,No Longer Needed,1,54.6
RET901228,ORD517951,PROD1152,2024-10-15,No Longer Needed,1,86.17
RET901229,ORD517951,PROD1159,2024-10-03,Defective/Damaged,1,12.52
RET901230,ORD517960,PROD1012,2024-10-08,Defective/Damaged,3,644.55
RET901231,ORD517965,PROD1003,2024-10-02,Defective/Damaged,1,88.29
RET901232,ORD517980,PROD1020,2024-10-23,Changed Mind,1,54.29
RET901233,ORD518001,PROD1001,2024-10-22,No Longer Needed,1,89.0
RET901234,ORD518041,PROD1172,2024-10-24,No Longer Needed,1,194.2
RET901235,ORD518053,PROD1134,2024-10-17,Size/Fit Issue,1,45.21
RET901236,ORD518062,PROD1080,2024-10-01,Not as Described,1,84.99
RET901237,ORD518063,PROD1160,2024-10-13,Changed Mind,1,49.37
RET901238,ORD518075,PROD1015,2024-10-06,Wrong Item Shipped,1,118.79
RET901239,ORD518122,PROD1057,2024-10-07,Not as Described,1,47.42
RET901240,ORD518132,PROD1155,2024-10-27,Better Price Found,1,78.32
RET901241,ORD518141,PROD1124,2024-10-14,Wrong Item Shipped,1,46.51
RET901242,ORD518155,PROD1094,2024-10-19,No Longer Needed,1,19.08
RET901243,ORD518172,PROD1031,2024-10-29,Not as Described,1,56.5
RET901244,ORD518173,PROD1115,2024-10-28,Size/Fit Issue,1,126.42
RET901245,ORD518178,PROD1079,2024-10-24,Not Specified,1,207.51
RET901246,ORD518189,PROD1001,2024-10-24,Size/Fit Issue,1,89.0
RET901247,ORD518224,PROD1001,2024-10-12,Wrong Item Shipped,1,87.84
RET901248,ORD518246,PROD1184,2024-10-08,Not as Described,1,16.83
RET901249,ORD518251,PROD1258,2024-10-25,No Longer Needed,1,128.51
RET901250,ORD518253,PROD1001,2024-10-15,Size/Fit Issue,1,89.0
RET901251,ORD518288,PROD1099,2024-10-25,Size/Fit Issue,1,86.14
RET901252,ORD518315,PROD1012,2024-10-14,Better Price Found,1,214.85
RET901253,ORD518326,PROD1247,2024-10-24,Wrong Item Shipped,1,264.86
RET901254,ORD518345,PROD1152,2024-10-11,Size/Fit Issue,1,86.17
RET901255,ORD518377,PROD1024,2024-10-22,Better Price Found,1,160.73
RET901256,ORD518384,PROD1152,2024-10-31,Size/Fit Issue,1,86.17
RET901257,ORD518386,PROD1177,2024-10-11,Better Price Found,1,324.5
RET901258,ORD518411,PROD1147,2024-10-31,Wrong Item Shipped,1,56.65
RET901259,ORD518438,PROD1167,2024-10-28,Not as Described,3,49.44
RET901260,ORD518456,PROD1252,2024-10-21,Size/Fit Issue,1,21.0
RET901261,ORD518460,PROD1106,2024-11-02,Not as Described,1,57.68
RET901262,ORD518493,PROD1158,2024-10-30,Size/Fit Issue,1,53.08
RET901263,ORD518555,PROD1230,2024-11-09,Size/Fit Issue,1,138.35
RET901264,ORD518571,PROD1123,2024-10-26,Wrong Item Shipped,1,77.79
RET901265,ORD518588,PROD1258,2024-10-26,Size/Fit Issue,1,128.51
RET901266,ORD518602,PROD1055,2024-10-21,Better Price Found,1,71.81
RET901267,ORD518623,PROD1137,2024-10-30,No Longer Needed,1,111.78
RET901268,ORD518669,PROD1234,2024-11-16,Defective/Damaged,1,273.87
RET901269,ORD518670,PROD1124,2024-11-16,Defective/Damaged,1,46.51
RET901270,ORD518676,PROD1068,2024-11-03,Better Price Found,1,72.86
RET901271,ORD518695,PROD1057,2024-11-18,Not Specified,1,47.42
RET901272,ORD518703,PROD1237,2024-10-29,Size/Fit Issue,1,190.21
RET901273,ORD518716,PROD1255,2024-10-30,Size/Fit Issue,1,130.19
RET901274,ORD518728,PROD1055,2024-11-19,Size/Fit Issue,1,71.81
RET901275,ORD518735,PROD1111,2024-11-02,Defective/Damaged,1,212.9
RET901276,ORD518737,PROD1073,2024-10-27,Size/Fit Issue,1,13.14
RET901277,ORD518740,PROD1165,2024-11-05,Wrong Item Shipped,1,60.49
RET901278,ORD518769,PROD1186,2024-11-03,Defective/Damaged,1,88.95
RET901279,ORD518780,PROD1143,2024-11-19,Defective/Damaged,1,78.25
RET901280,ORD518787,PROD1147,2024-11-08,Size/Fit Issue,1,56.65
RET901281,ORD518806,PROD1207,2024-11-06,Size/Fit Issue,2,63.24
RET901282,ORD518827,PROD1114,2024-11-01,Not as Described,1,287.03
RET901283,ORD518833,PROD1071,2024-11-02,Changed Mind,1,166.35
RET901284,ORD518863,PROD1259,2024-11-14,Wrong Item Shipped,3,233.01
RET901285,ORD518874,PROD1175,2024-11-06,Better Price Found,1,122.04
RET901286,ORD518902,PROD1001,2024-11-26,Better Price Found,1,89.0
RET901287,ORD518904,PROD1258,2024-11-24,Changed Mind,1,128.51
RET901288,ORD518911,PROD1018,2024-11-17,Changed Mind,1,286.49
RET901289,ORD518921,PROD1127,2024-11-20,Not as Described,1,60.63
RET901290,ORD518927,PROD1103,2024-11-19,Defective/Damaged,1,168.41
RET901291,ORD518956,PROD1179,2024-11-19,Defective/Damaged,1,154.75
RET901292,ORD518956,PROD1230,2024-11-03,Size/Fit Issue,1,113.72
RET901293,ORD519001,PROD1245,2024-11-11,Wrong Item Shipped,1,36.51
RET901294,ORD519014,PROD1155,2024-11-30,Not as Described,1,78.32
RET901295,ORD519046,PROD1004,2024-11-14,Better Price Found,1,58.14
RET901296,ORD519090,PROD1255,2024-11-10,Defective/Damaged,1,130.19
RET901297,ORD519104,PROD1126,2024-11-11,Better Price Found,1,212.95
RET901298,ORD519139,PROD1123,2024-11-14,Wrong Item Shipped,2,155.58
RET901299,ORD519157,PROD1028,2024-11-21,Not as Described,1,126.14
RET901300,ORD519167,PROD1020,2024-12-05,Changed Mind,1,69.48
RET901301,ORD519174,PROD1207,2024-12-04,Defective/Damaged,1,31.62
RET901302,ORD519184,PROD1127,2024-11-13,Defective/Damaged,1,47.9
RET901303,ORD519213,PROD1205,2024-11-26,Changed Mind,1,138.63
RET901304,ORD519235,PROD1175,2024-12-07,No Longer Needed,1,122.04
RET901305,ORD519250,PROD1196,2024-12-03,Changed Mind,1,15.51
RET901306,ORD519256,PROD1087,2024-11-14,No Longer Needed,3,452.97
RET901307,ORD519259,PROD1187,2024-11-18,No Longer Needed,1,20.0
RET901308,ORD519275,PROD1094,2024-11-24,Changed Mind,1,19.08
RET901309,ORD519288,PROD1094,2024-12-09,Size/Fit Issue,1,19.08
RET901310,ORD519296,PROD1026,2024-11-19,No Longer Needed,1,23.52
RET901311,ORD519303,PROD1245,2024-12-04,Not as Described,1,39.81
RET901312,ORD519336,PROD1258,2024-11-24,Better Price Found,1,128.51
RET901313,ORD519346,PROD1194,2024-11-15,Not as Described,2,314.0
RET901314,ORD519350,PROD1031,2024-12-09,No Longer Needed,1,53.66
RET901315,ORD519354,PROD1087,2024-11-26,No Longer Needed,1,150.99
RET901316,ORD519363,PROD1258,2024-12-09,Wrong Item Shipped,1,128.51
RET901317,ORD519371,PROD1219,2024-11-22,Wrong Item Shipped,1,68.14
RET901318,ORD519396,PROD1158,2024-12-02,Not as Described,3,159.24
RET901319,ORD519413,PROD1239,2024-12-07,Changed Mind,1,29.99
RET901320,ORD519429,PROD1179,2024-11-18,No Longer Needed,2,290.57
RET901321,ORD519437,PROD1012,2024-12-13,Defective/Damaged,1,214.85
RET901322,ORD519457,PROD1198,2024-12-05,Better Price Found,1,109.12
RET901323,ORD519461,PROD1249,2024-12-10,Changed Mind,1,69.06
RET901324,ORD519468,PROD1224,2024-11-22,Not as Described,1,256.54
RET901325,ORD519470,PROD1012,2024-11-25,Changed Mind,1,214.85
RET901326,ORD519483,PROD1050,2024-12-11,No Longer Needed,1,159.48
RET901327,ORD519485,PROD1001,2024-11-29,Defective/Damaged,1,70.13
RET901328,ORD519494,PROD1164,2024-12-13,Defective/Damaged,1,100.79
RET901329,ORD519496,PROD1107,2024-12-16,Changed Mind,1,132.2
RET901330,ORD519498,PROD1245,2024-11-24,Size/Fit Issue,1,38.97
RET901331,ORD519519,PROD1155,2024-11-25,Defective/Damaged,1,78.32
RET901332,ORD519524,PROD1191,2024-12-07,No Longer Needed,1,42.59
RET901333,ORD519564,PROD1246,2024-12-06,Not as Described,3,373.12
RET901334,ORD519565,PROD1147,2024-11-26,Not Specified,1,43.73
RET901335,ORD519579,PROD1040,2024-12-18,Not Specified,1,109.44
RET901336,ORD519614,PROD1012,2024-12-06,Changed Mind,1,214.64
RET901337,ORD519620,PROD1185,2024-11-27,Not as Described,1,94.77
RET901338,ORD519624,PROD1075,2024-12-04,No Longer Needed,1,60.21
RET901339,ORD519631,PROD1160,2024-11-28,No Longer Needed,1,64.71
RET901340,ORD519647,PROD1216,2024-12-15,Better Price Found,1,260.5
RET901341,ORD519669,PROD1237,2024-12-03,Changed Mind,1,189.83
RET901342,ORD519721,PROD1004,2024-11-26,Wrong Item Shipped,1,52.04
RET901343,ORD519743,PROD1228,2024-12-15,Not as Described,1,106.98
RET901344,ORD519763,PROD1147,2024-12-18,Changed Mind,1,44.47
RET901345,ORD519790,PROD1158,2024-12-08,Defective/Damaged,1,48.94
RET901346,ORD519806,PROD1241,2024-12-15,No Longer Needed,1,40.79
RET901347,ORD519825,PROD1010,2024-12-08,Better Price Found,1,24.74
RET901348,ORD519839,PROD1001,2024-12-14,Size/Fit Issue,1,79.48
RET901349,ORD519865,PROD1207,2024-11-27,Defective/Damaged,1,29.22
RET901350,ORD519870,PROD1028,2024-12-07,Not as Described,1,102.05
RET901351,ORD519896,PROD1001,2024-12-18,Better Price Found,1,77.7
RET901352,ORD519932,PROD1102,2024-12-04,Size/Fit Issue,1,204.96
RET901353,ORD519946,PROD1028,2024-12-13,Defective/Damaged,1,126.14
RET901354,ORD519970,PROD1122,2024-12-24,Defective/Damaged,1,26.6
RET901355,ORD519972,PROD1046,2024-11-30,Size/Fit Issue,1,100.8
RET901356,ORD520004,PROD1107,2024-11-30,No Longer Needed,2,264.4
RET901357,ORD520011,PROD1043,2024-12-08,Changed Mind,1,27.72
RET901358,ORD520023,PROD1001,2024-12-02,Not as Described,1,83.75
RET901359,ORD520050,PROD1191,2024-12-03,Changed Mind,1,42.59
RET901360,ORD520057,PROD1152,2024-12-23,Changed Mind,1,62.13
RET901361,ORD520067,PROD1259,2024-12-15,Defective/Damaged,1,66.41
RET901362,ORD520068,PROD1101,2024-12-24,Not as Described,1,188.68
RET901363,ORD520069,PROD1179,2024-12-07,Size/Fit Issue,1,157.72
RET901364,ORD520077,PROD1251,2024-12-07,Size/Fit Issue,1,36.17
RET901365,ORD520110,PROD1158,2024-12-11,Changed Mind,1,48.62
RET901366,ORD520122,PROD1001,2024-12-06,Not as Described,1,78.77
RET901367,ORD520126,PROD1120,2024-12-26,Better Price Found,2,39.42
RET901368,ORD520135,PROD1132,2024-12-07,Wrong Item Shipped,1,74.63
RET901369,ORD520135,PROD1118,2024-12-08,Better Price Found,1,121.92
RET901370,ORD520149,PROD1129,2024-12-02,Size/Fit Issue,1,147.96
RET901371,ORD520189,PROD1239,2024-12-20,Wrong Item Shipped,1,25.88
RET901372,ORD520200,PROD1152,2024-12-04,Size/Fit Issue,1,74.19
RET901373,ORD520210,PROD1258,2024-12-15,Size/Fit Issue,1,128.51
RET901374,ORD520219,PROD1185,2024-12-04,No Longer Needed,1,120.57
RET901375,ORD520220,PROD1258,2024-12-17,Size/Fit Issue,1,117.07
RET901376,ORD520222,PROD1126,2024-12-22,Size/Fit Issue,1,206.77
RET901377,ORD520286,PROD1240,2024-12-25,Changed Mind,1,29.3
RET901378,ORD520288,PROD1044,2024-12-06,Better Price Found,1,19.48
RET901379,ORD520288,PROD1242,2024-12-18,No Longer Needed,1,162.39
RET901380,ORD520295,PROD1220,2024-12-22,No Longer Needed,1,46.55
RET901381,ORD520330,PROD1165,2024-12-22,Better Price Found,1,49.45
RET901382,ORD520351,PROD1012,2024-12-29,Changed Mind,1,214.85
RET901383,ORD520360,PROD1043,2024-12-23,Changed Mind,1,27.72
RET901384,ORD520372,PROD1158,2024-12-07,Size/Fit Issue,1,53.08
RET901385,ORD520378,PROD1001,2024-12-22,Not as Described,1,81.26
RET901386,ORD520381,PROD1094,2024-12-27,No Longer Needed,2,33.28
RET901387,ORD520383,PROD1237,2024-12-24,Defective/Damaged,2,303.58
RET901388,ORD520425,PROD1241,2024-12-09,Size/Fit Issue,1,29.61
RET901389,ORD520428,PROD1149,2024-12-06,Not as Described,1,110.87
RET901390,ORD520431,PROD1252,2024-12-31,Better Price Found,2,42.0
RET901391,ORD520439,PROD1249,2024-12-24,Changed Mind,1,79.75
RET901392,ORD520466,PROD1197,2024-12-26,Better Price Found,1,137.19
RET901393,ORD520500,PROD1095,2024-12-11,Defective/Damaged,2,197.88
RET901394,ORD520516,PROD1152,2024-12-11,Size/Fit Issue,1,86.17
RET901395,ORD520532,PROD1113,2024-12-10,Defective/Damaged,1,45.76
RET901396,ORD520547,PROD1169,2024-12-18,Defective/Damaged,1,217.63
RET901397,ORD520583,PROD1241,2024-12-11,No Longer Needed,1,40.79
RET901398,ORD520583,PROD1165,2024-12-29,Defective/Damaged,1,66.91
RET901399,ORD520589,PROD1031,2025-01-05,Better Price Found,1,61.68
RET901400,ORD520590,PROD1218,2024-12-24,Size/Fit Issue,1,86.48
RET901401,ORD520628,PROD1123,2024-12-21,No Longer Needed,1,77.79
RET901402,ORD520636,PROD1232,2024-12-20,No Longer Needed,1,26.16
RET901403,ORD520659,PROD1001,2024-12-13,Changed Mind,1,85.71
RET901404,ORD520669,PROD1072,2024-12-21,Not Specified,1,37.9
RET901405,ORD520701,PROD1232,2025-01-08,Changed Mind,1,28.04
RET901406,ORD520710,PROD1177,2024-12-22,Changed Mind,2,649.0
RET901407,ORD520739,PROD1080,2025-01-03,Wrong Item Shipped,1,81.76
RET901408,ORD520765,PROD1001,2024-12-16,Wrong Item Shipped,1,87.49
RET901409,ORD520765,PROD1165,2024-12-15,Defective/Damaged,1,65.71
RET901410,ORD520773,PROD1224,2024-12-28,Changed Mind,1,239.35
RET901411,ORD520774,PROD1008,2024-12-18,Size/Fit Issue,1,133.4
RET901412,ORD520781,PROD1043,2024-12-18,Changed Mind,1,27.08
RET901413,ORD520789,PROD1234,2024-12-20,Size/Fit Issue,1,207.05
RET901414,ORD520811,PROD1042,2024-12-23,Wrong Item Shipped,1,21.16
RET901415,ORD520846,PROD1156,2024-12-21,No Longer Needed,1,147.64
RET901416,ORD520847,PROD1001,2024-12-15,Not as Described,1,89.0
RET901417,ORD520861,PROD1255,2025-01-08,No Longer Needed,2,260.38
RET901418,ORD520866,PROD1114,2025-01-11,Size/Fit Issue,1,287.03
RET901419,ORD520877,PROD1012,2024-12-27,Defective/Damaged,1,203.03
RET901420,ORD520879,PROD1245,2024-12-28,Not as Described,1,34.32
RET901421,ORD520882,PROD1012,2024-12-26,No Longer Needed,1,214.85
RET901422,ORD520912,PROD1241,2024-12-18,Wrong Item Shipped,1,40.79
RET901423,ORD520916,PROD1012,2024-12-26,Size/Fit Issue,1,214.85
RET901424,ORD520917,PROD1058,2025-01-10,No Longer Needed,1,55.69
RET901425,ORD520929,PROD1111,2024-12-28,No Longer Needed,1,201.19
RET901426,ORD520933,PROD1137,2024-12-23,Not as Described,1,93.11
RET901427,ORD520989,PROD1116,2025-01-04,No Longer Needed,1,80.78
RET901428,ORD520998,PROD1020,2025-01-04,Not Specified,1,70.97
RET901429,ORD521005,PROD1080,2025-01-09,Changed Mind,1,84.99
RET901430,ORD521014,PROD1138,2024-12-23,Size/Fit Issue,1,76.8
RET901431,ORD521018,PROD1249,2025-01-04,Size/Fit Issue,1,79.75
RET901432,ORD521036,PROD1160,2025-01-07,Defective/Damaged,1,62.96
RET901433,ORD521062,PROD1109,2025-01-11,Defective/Damaged,1,254.91
RET901434,ORD521065,PROD1152,2024-12-24,Size/Fit Issue,1,62.65
RET901435,ORD521066,PROD1095,2025-01-15,Not as Described,1,110.92
RET901436,ORD521102,PROD1191,2024-12-31,Not as Described,1,38.25
RET901437,ORD521104,PROD1174,2024-12-23,Better Price Found,1,28.39
RET901438,ORD521110,PROD1195,2024-12-28,Defective/Damaged,1,32.04
RET901439,ORD521112,PROD1008,2024-12-21,Better Price Found,2,301.8
RET901440,ORD521113,PROD1234,2025-01-10,Not Specified,1,233.06
RET901441,ORD521153,PROD1145,2025-01-12,Size/Fit Issue,1,41.94
RET901442,ORD521172,PROD1134,2025-01-15,Not as Described,1,45.21
RET901443,ORD521184,PROD1244,2025-01-17,Defective/Damaged,1,14.84
RET901444,ORD521186,PROD1107,2024-12-27,Not as Described,1,132.2
RET901445,ORD521209,PROD1246,2025-01-09,Not as Described,1,166.72
RET901446,ORD521238,PROD1165,2025-01-20,Better Price Found,1,66.91
RET901447,ORD521249,PROD1051,2024-12-27,Changed Mind,1,111.06
RET901448,ORD521289,PROD1189,2025-01-02,Size/Fit Issue,1,114.78
RET901449,ORD521311,PROD1001,2024-12-29,Not as Described,1,89.0
RET901450,ORD521315,PROD1087,2025-01-04,Better Price Found,1,150.99
RET901451,ORD521326,PROD1127,2025-01-15,Better Price Found,1,60.63
RET901452,ORD521406,PROD1068,2025-01-09,Size/Fit Issue,1,67.69
RET901453,ORD521511,PROD1094,2025-01-14,Defective/Damaged,1,19.08
RET901454,ORD521528,PROD1165,2025-01-18,Not as Described,1,66.91
RET901455,ORD521577,PROD1043,2025-02-08,Changed Mind,1,27.72
RET901456,ORD521579,PROD1200,2025-02-04,Not as Described,3,318.12
RET901457,ORD521609,PROD1211,2025-01-16,Not as Described,1,58.9
RET901458,ORD521637,PROD1107,2025-02-02,No Longer Needed,1,132.2
RET901459,ORD521638,PROD1230,2025-01-22,Size/Fit Issue,1,138.35
RET901460,ORD521639,PROD1001,2025-01-15,Not as Described,1,89.0
RET901461,ORD521706,PROD1080,2025-02-10,Better Price Found,1,84.99
RET901462,ORD521737,PROD1175,2025-02-06,Wrong Item Shipped,1,122.04
RET901463,ORD521767,PROD1126,2025-02-06,Defective/Damaged,1,197.19
RET901464,ORD521768,PROD1230,2025-02-01,Changed Mind,1,138.35
RET901465,ORD521771,PROD1140,2025-01-27,Changed Mind,1,74.95
RET901466,ORD521773,PROD1010,2025-01-26,Wrong Item Shipped,1,21.92
RET901467,ORD521781,PROD1012,2025-01-25,Changed Mind,2,388.02
RET901468,ORD521781,PROD1184,2025-02-02,Changed Mind,1,15.23
RET901469,ORD521789,PROD1249,2025-01-29,No Longer Needed,1,79.75
RET901470,ORD521799,PROD1147,2025-01-26,Defective/Damaged,1,45.32
RET901471,ORD521800,PROD1207,2025-02-09,No Longer Needed,1,31.62
RET901472,ORD521828,PROD1043,2025-01-23,Wrong Item Shipped,1,27.72
RET901473,ORD521832,PROD1090,2025-02-10,Size/Fit Issue,1,149.74
RET901474,ORD521834,PROD1249,2025-01-23,Better Price Found,1,66.75
RET901475,ORD521837,PROD1055,2025-02-13,Size/Fit Issue,1,71.81
RET901476,ORD521847,PROD1080,2025-02-12,Changed Mind,1,84.99
RET901477,ORD521853,PROD1020,2025-02-05,Defective/Damaged,1,70.97
RET901478,ORD521866,PROD1147,2025-02-05,Wrong Item Shipped,1,48.15
RET901479,ORD521884,PROD1028,2025-02-16,Changed Mind,1,126.14
RET901480,ORD521885,PROD1001,2025-02-12,Defective/Damaged,1,89.0
RET901481,ORD521908,PROD1179,2025-02-11,Size/Fit Issue,1,185.55
RET901482,ORD521916,PROD1152,2025-01-27,Wrong Item Shipped,1,86.17
RET901483,ORD521964,PROD1043,2025-02-20,Better Price Found,1,27.72
RET901484,ORD521972,PROD1078,2025-02-17,No Longer Needed,1,122.53
RET901485,ORD521987,PROD1065,2025-02-03,Defective/Damaged,1,52.94
RET901486,ORD522013,PROD1152,2025-02-20,Better Price Found,1,86.17
RET901487,ORD522070,PROD1073,2025-02-18,No Longer Needed,1,10.39
RET901488,ORD522071,PROD1176,2025-02-06,Not as Described,1,115.56
RET901489,ORD522110,PROD1055,2025-02-28,Wrong Item Shipped,1,71.81
RET901490,ORD522115,PROD1188,2025-02-13,No Longer Needed,1,57.41
RET901491,ORD522120,PROD1012,2025-02-18,Better Price Found,1,187.13
RET901492,ORD522126,PROD1165,2025-02-21,Changed Mind,1,61.76
RET901493,ORD522127,PROD1111,2025-02-16,Not as Described,1,156.27
RET901494,ORD522175,PROD1011,2025-02-20,Changed Mind,1,198.53
RET901495,ORD522208,PROD1232,2025-03-03,Not as Described,1,34.28
RET901496,ORD522227,PROD1258,2025-02-19,Not as Described,1,128.51
RET901497,ORD522240,PROD1001,2025-03-02,Size/Fit Issue,1,82.59
RET901498,ORD522256,PROD1207,2025-02-19,Wrong Item Shipped,1,31.34
RET901499,ORD522265,PROD1108,2025-02-18,Size/Fit Issue,1,39.5
RET901500,ORD522289,PROD1159,2025-02-11,Better Price Found,1,11.54
RET901501,ORD522303,PROD1001,2025-02-27,Not as Described,1,75.56
RET901502,ORD522321,PROD1211,2025-02-27,Not as Described,1,58.9
RET901503,ORD522340,PROD1001,2025-02-12,Size/Fit Issue,1,89.0
RET901504,ORD522378,PROD1156,2025-02-22,Changed Mind,1,156.69
RET901505,ORD522379,PROD1189,2025-03-08,Defective/Damaged,1,129.55
RET901506,ORD522400,PROD1147,2025-03-04,No Longer Needed,1,56.65
RET901507,ORD522403,PROD1231,2025-03-08,Not as Described,2,157.16
RET901508,ORD522426,PROD1011,2025-02-17,Better Price Found,1,213.7
RET901509,ORD522439,PROD1212,2025-02-28,Not as Described,1,44.27
RET901510,ORD522445,PROD1234,2025-03-13,Wrong Item Shipped,1,273.87
RET901511,ORD522451,PROD1055,2025-03-13,No Longer Needed,1,71.81
RET901512,ORD522475,PROD1253,2025-02-27,Better Price Found,1,36.57
RET901513,ORD522481,PROD1107,2025-02-21,Better Price Found,1,132.2
RET901514,ORD522504,PROD1165,2025-02-28,Better Price Found,1,63.16
RET901515,ORD522586,PROD1242,2025-03-14,Better Price Found,1,166.9
RET901516,ORD522596,PROD1136,2025-03-17,Size/Fit Issue,1,28.54
RET901517,ORD522604,PROD1102,2025-03-04,Size/Fit Issue,1,188.97
RET901518,ORD522618,PROD1139,2025-03-12,Changed Mind,1,297.03
RET901519,ORD522633,PROD1231,2025-03-08,No Longer Needed,1,78.58
RET901520,ORD522638,PROD1012,2025-02-22,Not as Described,1,214.85
RET901521,ORD522675,PROD1159,2025-03-11,Size/Fit Issue,1,9.99
RET901522,ORD522683,PROD1161,2025-03-14,Not Specified,2,55.88
RET901523,ORD522707,PROD1115,2025-03-16,Wrong Item Shipped,1,126.42
RET901524,ORD522716,PROD1033,2025-03-08,Wrong Item Shipped,1,185.77
RET901525,ORD522726,PROD1190,2025-02-27,No Longer Needed,1,156.19
RET901526,ORD522733,PROD1258,2025-03-01,No Longer Needed,2,204.59
RET901527,ORD522738,PROD1139,2025-03-16,Better Price Found,1,297.03
RET901528,ORD522743,PROD1050,2025-03-08,Changed Mind,1,159.48
RET901529,ORD522778,PROD1065,2025-03-13,Better Price Found,1,66.51
RET901530,ORD522779,PROD1179,2025-03-01,Not Specified,1,173.12
RET901531,ORD522803,PROD1240,2025-03-25,Size/Fit Issue,1,29.3
RET901532,ORD522847,PROD1234,2025-03-24,Size/Fit Issue,1,273.87
RET901533,ORD522852,PROD1135,2025-03-18,Defective/Damaged,1,109.82
RET901534,ORD522865,PROD1020,2025-03-17,Not as Described,1,70.97
RET901535,ORD522888,PROD1090,2025-03-25,No Longer Needed,1,149.74
RET901536,ORD522905,PROD1096,2025-03-24,Better Price Found,1,123.0
RET901537,ORD522933,PROD1255,2025-03-11,No Longer Needed,1,130.19
RET901538,ORD522936,PROD1159,2025-03-31,Changed Mind,1,12.52
RET901539,ORD522940,PROD1224,2025-03-07,No Longer Needed,1,256.54
RET901540,ORD522944,PROD1167,2025-03-21,Not as Described,1,16.48
RET901541,ORD522946,PROD1160,2025-03-26,Changed Mind,1,64.71
RET901542,ORD522959,PROD1207,2025-03-11,Not as Described,1,25.33
RET901543,ORD522963,PROD1226,2025-03-31,Defective/Damaged,1,35.15
RET901544,ORD522996,PROD1096,2025-03-20,Not as Described,2,244.77
RET901545,ORD523033,PROD1134,2025-03-21,Not as Described,1,45.21
RET901546,ORD523056,PROD1152,2025-03-18,Not as Described,1,79.79
RET901547,ORD523072,PROD1091,2025-03-22,No Longer Needed,1,161.58
RET901548,ORD523080,PROD1136,2025-03-18,No Longer Needed,1,25.6
RET901549,ORD523093,PROD1148,2025-04-02,Changed Mind,1,52.95
RET901550,ORD523103,PROD1055,2025-03-18,Wrong Item Shipped,1,71.81
RET901551,ORD523121,PROD1177,2025-04-04,Better Price Found,1,324.5
RET901552,ORD523131,PROD1108,2025-03-22,Not as Described,1,39.5
RET901553,ORD523142,PROD1001,2025-03-31,No Longer Needed,2,178.0
RET901554,ORD523154,PROD1207,2025-03-21,Not as Described,3,94.86
RET901555,ORD523164,PROD1064,2025-04-02,Defective/Damaged,1,53.79
RET901556,ORD523212,PROD1015,2025-04-05,Wrong Item Shipped,1,118.79
RET901557,ORD523220,PROD1031,2025-03-30,Size/Fit Issue,1,61.68
RET901558,ORD523220,PROD1125,2025-04-09,Size/Fit Issue,1,75.85
RET901559,ORD523230,PROD1001,2025-03-17,Size/Fit Issue,1,89.0
RET901560,ORD523259,PROD1191,2025-04-12,Not as Described,1,33.9
RET901561,ORD523281,PROD1001,2025-04-09,Changed Mind,1,89.0
RET901562,ORD523301,PROD1258,2025-04-11,No Longer Needed,2,257.02
RET901563,ORD523306,PROD1131,2025-03-28,Changed Mind,1,71.76
RET901564,ORD523339,PROD1137,2025-03-23,Not as Described,2,172.59
RET901565,ORD523339,PROD1145,2025-04-05,Wrong Item Shipped,1,32.55
RET901566,ORD523364,PROD1152,2025-04-09,Better Price Found,1,75.92
RET901567,ORD523422,PROD1160,2025-04-14,Better Price Found,1,62.38
RET901568,ORD523427,PROD1001,2025-04-02,Size/Fit Issue,1,79.39
RET901569,ORD523428,PROD1239,2025-03-28,Size/Fit Issue,1,29.99
RET901570,ORD523440,PROD1165,2025-04-05,Better Price Found,1,54.93
RET901571,ORD523441,PROD1165,2025-04-10,No Longer Needed,1,66.91
RET901572,ORD523458,PROD1258,2025-04-11,Defective/Damaged,1,128.51
RET901573,ORD523463,PROD1001,2025-03-30,Size/Fit Issue,1,16.44
RET901574,ORD523496,PROD1004,2025-03-25,No Longer Needed,1,58.14
RET901575,ORD523497,PROD1179,2025-04-03,No Longer Needed,1,185.55
RET901576,ORD523500,PROD1079,2025-03-31,Size/Fit Issue,1,207.51
RET901577,ORD523502,PROD1020,2025-04-07,Size/Fit Issue,1,70.97
RET901578,ORD523507,PROD1001,2025-04-16,Changed Mind,1,89.0
RET901579,ORD523515,PROD1012,2025-03-26,Size/Fit Issue,1,214.85
RET901580,ORD523555,PROD1087,2025-03-29,Size/Fit Issue,1,150.99
RET901581,ORD523607,PROD1186,2025-04-21,Size/Fit Issue,1,88.95
RET901582,ORD523609,PROD1016,2025-04-07,Size/Fit Issue,1,16.39
RET901583,ORD523623,PROD1209,2025-04-14,No Longer Needed,1,20.2
RET901584,ORD523624,PROD1125,2025-04-25,Defective/Damaged,1,75.47
RET901585,ORD523718,PROD1065,2025-04-07,Not as Described,1,66.51
RET901586,ORD523729,PROD1122,2025-04-02,No Longer Needed,1,35.66
RET901587,ORD523746,PROD1087,2025-04-03,Size/Fit Issue,1,150.99
RET901588,ORD523793,PROD1011,2025-04-16,No Longer Needed,1,186.13
RET901589,ORD523827,PROD1147,2025-04-19,Defective/Damaged,1,49.97
RET901590,ORD523840,PROD1020,2025-04-18,Size/Fit Issue,1,70.97
RET901591,ORD523865,PROD1233,2025-04-18,Size/Fit Issue,1,216.03
RET901592,ORD523872,PROD1001,2025-04-20,Wrong Item Shipped,1,89.0
RET901593,ORD523913,PROD1159,2025-04-29,Better Price Found,1,12.52
RET901594,ORD523917,PROD1253,2025-04-09,Size/Fit Issue,2,70.21
RET901595,ORD523917,PROD1249,2025-04-09,Wrong Item Shipped,1,76.56
RET901596,ORD523956,PROD1255,2025-04-24,Better Price Found,1,98.81
RET901597,ORD523969,PROD1090,2025-05-07,Wrong Item Shipped,1,149.74
RET901598,ORD523990,PROD1128,2025-04-29,Better Price Found,2,423.42
RET901599,ORD524035,PROD1043,2025-04-22,Wrong Item Shipped,1,27.72
RET901600,ORD524039,PROD1196,2025-04-16,No Longer Needed,1,16.21
RET901601,ORD524057,PROD1113,2025-05-10,Changed Mind,1,59.98
RET901602,ORD524060,PROD1090,2025-04-22,Not as Described,1,149.74
RET901603,ORD524081,PROD1015,2025-04-16,No Longer Needed,1,118.79
RET901604,ORD524101,PROD1181,2025-05-12,No Longer Needed,1,56.98
RET901605,ORD524106,PROD1068,2025-05-04,Better Price Found,1,72.86
RET901606,ORD524121,PROD1204,2025-05-05,Size/Fit Issue,1,54.71
RET901607,ORD524159,PROD1159,2025-05-09,Defective/Damaged,1,10.62
RET901608,ORD524184,PROD1031,2025-04-27,Size/Fit Issue,1,61.68
RET901609,ORD524226,PROD1215,2025-05-02,Changed Mind,1,66.41
RET901610,ORD524227,PROD1112,2025-04-26,Defective/Damaged,1,27.91
RET901611,ORD524231,PROD1001,2025-04-29,Size/Fit Issue,1,89.0
RET901612,ORD524235,PROD1154,2025-05-14,Changed Mind,1,144.94
RET901613,ORD524242,PROD1109,2025-05-04,No Longer Needed,1,185.32
RET901614,ORD524261,PROD1213,2025-04-30,Not as Described,1,130.86
RET901615,ORD524265,PROD1255,2025-05-06,Better Price Found,1,130.19
RET901616,ORD524281,PROD1191,2025-05-16,Wrong Item Shipped,1,42.59
RET901617,ORD524316,PROD1068,2025-05-04,Size/Fit Issue,1,72.86
RET901618,ORD524317,PROD1002,2025-05-14,Defective/Damaged,1,21.73
RET901619,ORD524381,PROD1231,2025-04-30,Better Price Found,1,77.01
RET901620,ORD524386,PROD1065,2025-05-17,Not Specified,1,66.51
RET901621,ORD524405,PROD1149,2025-05-02,Wrong Item Shipped,1,132.46
RET901622,ORD524415,PROD1012,2025-05-22,Better Price Found,1,214.85
RET901623,ORD524419,PROD1159,2025-05-23,Defective/Damaged,1,12.52
RET901624,ORD524425,PROD1179,2025-05-03,Changed Mind,1,185.55
RET901625,ORD524427,PROD1080,2025-05-12,Not as Described,1,84.99
RET901626,ORD524430,PROD1075,2025-05-11,Defective/Damaged,1,60.21
RET901627,ORD524437,PROD1095,2025-05-17,No Longer Needed,1,110.92
RET901628,ORD524463,PROD1187,2025-05-21,Defective/Damaged,1,218.02
RET901629,ORD524484,PROD1015,2025-05-14,Wrong Item Shipped,1,118.79
RET901630,ORD524521,PROD1015,2025-05-11,Wrong Item Shipped,1,118.79
RET901631,ORD524540,PROD1090,2025-05-12,Defective/Damaged,1,149.74
RET901632,ORD524542,PROD1222,2025-05-04,No Longer Needed,1,141.48
RET901633,ORD524555,PROD1160,2025-05-22,Not as Described,1,64.71
RET901634,ORD524585,PROD1214,2025-05-23,Better Price Found,1,106.52
RET901635,ORD524590,PROD1033,2025-05-03,Not as Described,1,185.77
RET901636,ORD524593,PROD1107,2025-05-06,Defective/Damaged,1,123.61
RET901637,ORD524595,PROD1146,2025-05-10,Wrong Item Shipped,1,209.93
RET901638,ORD524600,PROD1144,2025-05-16,Better Price Found,1,201.6
RET901639,ORD524605,PROD1132,2025-05-03,No Longer Needed,1,68.74
RET901640,ORD524609,PROD1037,2025-05-20,Not Specified,1,104.57
RET901641,ORD524620,PROD1173,2025-05-17,Size/Fit Issue,1,96.63
RET901642,ORD524627,PROD1020,2025-05-23,Size/Fit Issue,1,65.86
RET901643,ORD524637,PROD1176,2025-05-28,Size/Fit Issue,1,130.28
RET901644,ORD524654,PROD1099,2025-05-06,Size/Fit Issue,1,74.34
RET901645,ORD524683,PROD1197,2025-05-08,No Longer Needed,2,295.36
RET901646,ORD524689,PROD1110,2025-05-25,Not as Described,1,56.94
RET901647,ORD524698,PROD1127,2025-05-30,Not as Described,1,60.63
RET901648,ORD524699,PROD1173,2025-05-09,Not as Described,1,96.63
RET901649,ORD524715,PROD1067,2025-05-08,Not as Described,1,71.76
RET901650,ORD524719,PROD1124,2025-06-01,Wrong Item Shipped,1,46.51
RET901651,ORD524723,PROD1002,2025-06-01,Better Price Found,1,21.73
RET901652,ORD524725,PROD1175,2025-05-19,No Longer Needed,1,122.04
RET901653,ORD524727,PROD1031,2025-05-25,Not as Described,1,61.68
RET901654,ORD524737,PROD1258,2025-05-20,Size/Fit Issue,1,114.89
RET901655,ORD524762,PROD1208,2025-05-15,Defective/Damaged,2,87.24
RET901656,ORD524766,PROD1095,2025-05-12,Changed Mind,1,110.92
RET901657,ORD524773,PROD1020,2025-05-15,Size/Fit Issue,1,70.97
RET901658,ORD524799,PROD1152,2025-05-22,Size/Fit Issue,1,86.17
RET901659,ORD524833,PROD1001,2025-05-27,Defective/Damaged,1,89.0
RET901660,ORD524859,PROD1184,2025-06-01,Wrong Item Shipped,1,16.83
RET901661,ORD524865,PROD1253,2025-05-16,Better Price Found,1,36.57
RET901662,ORD524893,PROD1128,2025-06-04,Better Price Found,1,177.2
RET901663,ORD524903,PROD1044,2025-06-08,Size/Fit Issue,2,281.74
RET901664,ORD524938,PROD1105,2025-05-19,Better Price Found,1,86.33
RET901665,ORD524942,PROD1165,2025-05-30,Better Price Found,1,66.91
RET901666,ORD524950,PROD1094,2025-06-09,Wrong Item Shipped,1,19.08
RET901667,ORD524965,PROD1239,2025-05-24,Changed Mind,1,29.99
RET901668,ORD524989,PROD1136,2025-06-12,Not as Described,1,28.54
RET901669,ORD524997,PROD1238,2025-05-28,Defective/Damaged,1,67.49
RET901670,ORD525015,PROD1226,2025-06-01,Changed Mind,1,17.8
RET901671,ORD525017,PROD1240,2025-05-26,No Longer Needed,1,29.3
RET901672,ORD525035,PROD1103,2025-05-25,Changed Mind,1,162.68
RET901673,ORD525039,PROD1014,2025-05-22,Size/Fit Issue,1,39.02
RET901674,ORD525047,PROD1051,2025-05-22,Size/Fit Issue,1,111.06
RET901675,ORD525067,PROD1149,2025-06-09,Defective/Damaged,1,132.46
RET901676,ORD525071,PROD1008,2025-05-23,Changed Mind,1,150.9
RET901677,ORD525088,PROD1131,2025-05-23,Not as Described,1,65.02
RET901678,ORD525091,PROD1159,2025-06-09,No Longer Needed,1,12.52
RET901679,ORD525112,PROD1001,2025-06-10,Changed Mind,1,89.0
RET901680,ORD525142,PROD1012,2025-06-15,Changed Mind,1,214.85
RET901681,ORD525144,PROD1012,2025-06-16,Better Price Found,1,173.17
RET901682,ORD525149,PROD1060,2025-06-13,No Longer Needed,1,33.31
RET901683,ORD525157,PROD1015,2025-05-31,Not as Described,1,118.79
RET901684,ORD525197,PROD1258,2025-06-21,Wrong Item Shipped,2,236.46
RET901685,ORD525215,PROD1207,2025-06-14,Size/Fit Issue,1,31.62
RET901686,ORD525224,PROD1107,2025-05-29,Changed Mind,1,132.2
RET901687,ORD525229,PROD1061,2025-06-05,Better Price Found,1,14.87
RET901688,ORD525264,PROD1012,2025-06-02,No Longer Needed,2,429.7
RET901689,ORD525266,PROD1001,2025-06-14,Not as Described,1,66.3
RET901690,ORD525296,PROD1152,2025-06-17,Wrong Item Shipped,1,86.17
RET901691,ORD525301,PROD1001,2025-05-29,Changed Mind,1,89.0
RET901692,ORD525303,PROD1230,2025-06-25,Not as Described,1,138.35
RET901693,ORD525340,PROD1107,2025-06-04,Changed Mind,1,132.2
RET901694,ORD525343,PROD1206,2025-06-10,Changed Mind,2,319.98
RET901695,ORD525351,PROD1073,2025-06-09,Not as Described,1,13.14
RET901696,ORD525360,PROD1016,2025-06-20,Not as Described,1,16.39
RET901697,ORD525360,PROD1055,2025-06-16,Size/Fit Issue,1,71.81
RET901698,ORD525363,PROD1072,2025-06-19,Wrong Item Shipped,1,35.32
RET901699,ORD525375,PROD1239,2025-06-27,Not as Described,1,27.92
RET901700,ORD525417,PROD1041,2025-06-17,Wrong Item Shipped,1,296.46
RET901701,ORD525439,PROD1165,2025-06-29,Size/Fit Issue,1,66.91
RET901702,ORD525449,PROD1155,2025-06-07,Changed Mind,1,78.32
RET901703,ORD525459,PROD1080,2025-06-20,Not Specified,1,84.99
RET901704,ORD525474,PROD1013,2025-06-29,Size/Fit Issue,1,86.11
RET901705,ORD525479,PROD1163,2025-06-21,Wrong Item Shipped,1,162.26
RET901706,ORD525484,PROD1043,2025-06-05,Better Price Found,1,27.72
RET901707,ORD525486,PROD1185,2025-06-26,Defective/Damaged,1,120.57
RET901708,ORD525490,PROD1224,2025-06-26,Size/Fit Issue,1,194.2
RET901709,ORD525492,PROD1173,2025-07-02,Not Specified,1,96.63
RET901710,ORD525525,PROD1072,2025-06-17,Not as Described,1,37.9
RET901711,ORD525531,PROD1192,2025-06-11,Better Price Found,3,62.7
RET901712,ORD525559,PROD1134,2025-06-17,Changed Mind,1,45.21
RET901713,ORD525559,PROD1015,2025-06-26,No Longer Needed,1,118.79
RET901714,ORD525577,PROD1096,2025-06-30,Wrong Item Shipped,1,123.0
RET901715,ORD525586,PROD1207,2025-06-23,Defective/Damaged,2,63.24
RET901716,ORD525599,PROD1239,2025-06-29,Wrong Item Shipped,1,29.99
RET901717,ORD525603,PROD1194,2025-06-29,Size/Fit Issue,1,157.0
RET901718,ORD525611,PROD1249,2025-06-24,Changed Mind,1,20.0
RET901719,ORD525614,PROD1012,2025-06-24,No Longer Needed,1,214.85
RET901720,ORD525622,PROD1008,2025-07-01,Defective/Damaged,1,150.9
RET901721,ORD525665,PROD1008,2025-07-09,Better Price Found,1,150.9
RET901722,ORD525672,PROD1090,2025-07-10,Wrong Item Shipped,1,149.74
RET901723,ORD525705,PROD1147,2025-07-01,Wrong Item Shipped,1,54.33
RET901724,ORD525731,PROD1169,2025-06-17,No Longer Needed,1,285.61
RET901725,ORD525765,PROD1054,2025-07-13,Wrong Item Shipped,1,11.31
RET901726,ORD525767,PROD1209,2025-06-17,Defective/Damaged,1,20.2
RET901727,ORD525771,PROD1001,2025-07-08,Size/Fit Issue,1,89.0
RET901728,ORD525773,PROD1191,2025-07-09,No Longer Needed,1,42.59
RET901729,ORD525777,PROD1259,2025-07-01,Not as Described,1,77.67
RET901730,ORD525796,PROD1152,2025-07-08,No Longer Needed,1,73.07
RET901731,ORD525820,PROD1207,2025-07-04,Better Price Found,1,31.62
RET901732,ORD525845,PROD1146,2025-06-23,Wrong Item Shipped,1,204.47
RET901733,ORD525883,PROD1231,2025-06-23,Defective/Damaged,1,78.58
RET901734,ORD525893,PROD1080,2025-06-26,Size/Fit Issue,1,84.99
RET901735,ORD525896,PROD1137,2025-07-01,Defective/Damaged,1,111.78
RET901736,ORD525924,PROD1131,2025-07-18,Not Specified,1,64.86
RET901737,ORD525946,PROD1240,2025-07-11,Size/Fit Issue,2,58.6
RET901738,ORD525964,PROD1145,2025-07-20,No Longer Needed,1,41.94
RET901739,ORD525965,PROD1108,2025-07-02,Defective/Damaged,1,35.27
RET901740,ORD525969,PROD1090,2025-07-16,Wrong Item Shipped,1,116.05
RET901741,ORD525988,PROD1054,2025-07-10,Wrong Item Shipped,1,11.68
RET901742,ORD525990,PROD1001,2025-06-26,Changed Mind,1,89.0
RET901743,ORD526005,PROD1107,2025-07-14,No Longer Needed,1,132.2
RET901744,ORD526064,PROD1001,2025-07-25,Changed Mind,1,89.0
RET901745,ORD526103,PROD1079,2025-07-27,No Longer Needed,1,207.51
RET901746,ORD526106,PROD1122,2025-07-23,No Longer Needed,1,35.66
RET901747,ORD526121,PROD1175,2025-07-17,Size/Fit Issue,1,122.04
RET901748,ORD526127,PROD1123,2025-07-21,Size/Fit Issue,1,77.79
RET901749,ORD526144,PROD1028,2025-07-05,Changed Mind,1,94.48
RET901750,ORD526165,PROD1012,2025-07-28,Not as Described,1,214.85
RET901751,ORD526198,PROD1204,2025-07-31,Defective/Damaged,1,54.71
RET901752,ORD526229,PROD1049,2025-07-22,Not as Described,1,54.38
RET901753,ORD526239,PROD1194,2025-07-11,Wrong Item Shipped,1,157.0
RET901754,ORD526289,PROD1258,2025-07-17,Defective/Damaged,1,128.51
RET901755,ORD526289,PROD1259,2025-07-10,Changed Mind,1,77.67
RET901756,ORD526305,PROD1012,2025-07-31,Size/Fit Issue,1,156.2
RET901757,ORD526315,PROD1050,2025-07-25,Not as Described,1,159.48
RET901758,ORD526318,PROD1128,2025-07-29,Defective/Damaged,1,211.71
RET901759,ORD526333,PROD1189,2025-07-23,Wrong Item Shipped,1,104.42
RET901760,ORD526341,PROD1255,2025-07-14,Defective/Damaged,1,130.19
RET901761,ORD526361,PROD1001,2025-07-13,Better Price Found,1,89.0
RET901762,ORD526370,PROD1165,2025-07-28,Not as Described,1,66.91
RET901763,ORD526388,PROD1020,2025-08-04,Wrong Item Shipped,1,70.97
RET901764,ORD526406,PROD1050,2025-07-26,No Longer Needed,1,159.48
RET901765,ORD526408,PROD1207,2025-07-26,No Longer Needed,1,31.62
RET901766,ORD526418,PROD1015,2025-07-23,Better Price Found,1,95.15
RET901767,ORD526437,PROD1020,2025-08-05,No Longer Needed,1,70.97
RET901768,ORD526444,PROD1189,2025-07-20,Defective/Damaged,1,114.39
RET901769,ORD526479,PROD1067,2025-08-07,Not as Described,1,71.76
RET901770,ORD526482,PROD1107,2025-08-11,Better Price Found,1,132.2
RET901771,ORD526487,PROD1056,2025-08-13,No Longer Needed,1,54.9
RET901772,ORD526491,PROD1107,2025-07-25,Changed Mind,1,132.2
RET901773,ORD526495,PROD1156,2025-07-29,Wrong Item Shipped,2,348.2
RET901774,ORD526504,PROD1167,2025-07-22,Better Price Found,1,16.48
RET901775,ORD526508,PROD1031,2025-07-19,Not as Described,1,61.68
RET901776,ORD526516,PROD1239,2025-08-08,Defective/Damaged,1,29.99
RET901777,ORD526533,PROD1095,2025-08-06,Better Price Found,1,110.92
RET901778,ORD526541,PROD1106,2025-08-01,Defective/Damaged,2,136.68
RET901779,ORD526545,PROD1044,2025-08-11,Size/Fit Issue,1,140.87
RET901780,ORD526548,PROD1112,2025-07-23,Size/Fit Issue,1,27.91
RET901781,ORD526588,PROD1115,2025-08-07,Better Price Found,1,101.77
RET901782,ORD526592,PROD1095,2025-08-08,Wrong Item Shipped,2,204.76
RET901783,ORD526596,PROD1068,2025-08-06,Better Price Found,1,63.32
RET901784,ORD526631,PROD1152,2025-07-28,Not as Described,3,258.51
RET901785,ORD526634,PROD1012,2025-08-17,Wrong Item Shipped,1,214.85
RET901786,ORD526649,PROD1176,2025-08-12,Defective/Damaged,1,130.28
RET901787,ORD526654,PROD1174,2025-07-28,Changed Mind,1,25.32
RET901788,ORD526661,PROD1001,2025-08-05,Size/Fit Issue,1,67.73
RET901789,ORD526689,PROD1126,2025-08-11,Better Price Found,1,212.95
RET901790,ORD526693,PROD1037,2025-08-13,Defective/Damaged,1,121.73
RET901791,ORD526723,PROD1008,2025-08-04,Better Price Found,1,150.9
RET901792,ORD526736,PROD1211,2025-08-05,Changed Mind,1,54.25
RET901793,ORD526748,PROD1156,2025-08-18,Wrong Item Shipped,1,174.1
RET901794,ORD526763,PROD1067,2025-08-22,Defective/Damaged,1,71.76
RET901795,ORD526765,PROD1209,2025-08-03,Not as Described,1,16.54
RET901796,ORD526829,PROD1123,2025-08-19,Changed Mind,1,77.79
RET901797,ORD526830,PROD1135,2025-08-17,Changed Mind,1,109.82
RET901798,ORD526848,PROD1027,2025-08-22,No Longer Needed,1,149.16
RET901799,ORD526920,PROD1259,2025-08-13,Size/Fit Issue,1,56.78
RET901800,ORD526925,PROD1244,2025-08-31,No Longer Needed,1,19.63
RET901801,ORD526942,PROD1147,2025-08-15,No Longer Needed,1,44.53
RET901802,ORD526970,PROD1001,2025-08-20,Defective/Damaged,1,89.0
RET901803,ORD526970,PROD1043,2025-08-16,Changed Mind,1,27.72
RET901804,ORD526980,PROD1001,2025-08-27,Better Price Found,1,81.17
RET901805,ORD526985,PROD1090,2025-08-12,Not as Described,1,147.49
RET901806,ORD526989,PROD1240,2025-08-17,Wrong Item Shipped,1,29.3
RET901807,ORD526989,PROD1136,2025-08-07,Not as Described,1,28.54
RET901808,ORD527062,PROD1153,2025-08-15,No Longer Needed,1,111.18
RET901809,ORD527079,PROD1001,2025-08-28,Changed Mind,2,178.0
RET901810,ORD527100,PROD1123,2025-08-13,No Longer Needed,1,77.79
RET901811,ORD527103,PROD1207,2025-09-05,Not as Described,1,31.62
RET901812,ORD527131,PROD1001,2025-08-13,Changed Mind,1,89.0
RET901813,ORD527191,PROD1207,2025-08-20,No Longer Needed,1,31.62
RET901814,ORD527201,PROD1169,2025-08-31,Wrong Item Shipped,1,285.61
RET901815,ORD527204,PROD1025,2025-08-13,Not as Described,1,228.16
RET901816,ORD527223,PROD1003,2025-08-14,Changed Mind,1,88.29
RET901817,ORD527239,PROD1255,2025-08-31,Changed Mind,1,130.19
RET901818,ORD527241,PROD1078,2025-08-18,Defective/Damaged,1,96.19
RET901819,ORD527255,PROD1107,2025-08-27,Defective/Damaged,1,132.2
RET901820,ORD527265,PROD1147,2025-08-23,No Longer Needed,1,56.65
RET901821,ORD527267,PROD1031,2025-09-10,Defective/Damaged,1,61.68
RET901822,ORD527279,PROD1003,2025-08-31,Wrong Item Shipped,2,176.58
RET901823,ORD527283,PROD1234,2025-08-31,Wrong Item Shipped,1,273.87
RET901824,ORD527285,PROD1179,2025-09-09,Defective/Damaged,1,185.55
RET901825,ORD527294,PROD1135,2025-09-10,Size/Fit Issue,1,109.82
RET901826,ORD527305,PROD1159,2025-09-05,Better Price Found,1,12.52
RET901827,ORD527307,PROD1194,2025-08-21,Size/Fit Issue,1,157.0
RET901828,ORD527308,PROD1015,2025-08-21,Defective/Damaged,1,118.79
RET901829,ORD527310,PROD1003,2025-09-07,Wrong Item Shipped,1,88.29
RET901830,ORD527312,PROD1207,2025-08-21,No Longer Needed,1,31.62
RET901831,ORD527347,PROD1255,2025-08-19,Size/Fit Issue,1,109.23
RET901832,ORD527352,PROD1237,2025-08-18,No Longer Needed,1,190.21
RET901833,ORD527364,PROD1028,2025-08-23,No Longer Needed,2,252.28
RET901834,ORD527373,PROD1237,2025-09-05,Size/Fit Issue,1,190.21
RET901835,ORD527380,PROD1229,2025-09-12,Better Price Found,1,143.36
RET901836,ORD527406,PROD1066,2025-08-22,Defective/Damaged,1,138.09
RET901837,ORD527413,PROD1020,2025-08-30,No Longer Needed,1,70.97
RET901838,ORD527416,PROD1107,2025-09-03,No Longer Needed,3,351.78
RET901839,ORD527427,PROD1001,2025-09-10,Wrong Item Shipped,1,89.0
RET901840,ORD527493,PROD1065,2025-09-12,Wrong Item Shipped,2,124.11
RET901841,ORD527499,PROD1237,2025-09-12,No Longer Needed,1,153.69
RET901842,ORD527544,PROD1258,2025-09-17,Wrong Item Shipped,1,128.51
RET901843,ORD527546,PROD1106,2025-08-27,Not as Described,1,68.34
RET901844,ORD527554,PROD1020,2025-09-14,Defective/Damaged,1,70.76
RET901845,ORD527577,PROD1145,2025-09-07,Defective/Damaged,1,41.94
RET901846,ORD527585,PROD1227,2025-08-30,Better Price Found,1,150.13
RET901847,ORD527588,PROD1152,2025-08-26,Changed Mind,1,70.49
RET901848,ORD527602,PROD1006,2025-09-02,Size/Fit Issue,1,175.04
RET901849,ORD527606,PROD1080,2025-08-26,Defective/Damaged,1,84.99
RET901850,ORD527610,PROD1037,2025-09-21,No Longer Needed,1,121.73
RET901851,ORD527610,PROD1107,2025-09-15,Not as Described,1,132.2
RET901852,ORD527618,PROD1143,2025-08-29,No Longer Needed,1,78.25
RET901853,ORD527637,PROD1067,2025-09-22,No Longer Needed,1,71.76
RET901854,ORD527640,PROD1107,2025-09-01,Not Specified,1,132.2
RET901855,ORD527641,PROD1218,2025-09-09,Changed Mind,1,89.62
RET901856,ORD527682,PROD1050,2025-09-21,Size/Fit Issue,1,159.48
RET901857,ORD527723,PROD1090,2025-08-31,Wrong Item Shipped,1,149.74
RET901858,ORD527732,PROD1162,2025-09-03,Wrong Item Shipped,1,72.45
RET901859,ORD527762,PROD1065,2025-09-16,Changed Mind,1,66.51
RET901860,ORD527773,PROD1068,2025-09-27,Not as Described,1,72.86
RET901861,ORD527780,PROD1012,2025-09-27,Defective/Damaged,1,214.85
RET901862,ORD527782,PROD1169,2025-09-11,Changed Mind,1,221.63
RET901863,ORD527786,PROD1001,2025-09-17,Better Price Found,1,89.0
RET901864,ORD527790,PROD1191,2025-09-08,Changed Mind,1,42.59
RET901865,ORD527798,PROD1239,2025-09-10,Wrong Item Shipped,1,26.57
RET901866,ORD527806,PROD1165,2025-09-27,Not as Described,1,62.16
RET901867,ORD527832,PROD1255,2025-09-21,Size/Fit Issue,1,130.19
RET901868,ORD527835,PROD1189,2025-09-08,Not as Described,1,101.31
RET901869,ORD527841,PROD1224,2025-09-18,No Longer Needed,1,207.03
RET901870,ORD527877,PROD1205,2025-09-10,Size/Fit Issue,1,138.63
RET901871,ORD527903,PROD1136,2025-09-16,Defective/Damaged,1,20.78
RET901872,ORD527910,PROD1239,2025-09-17,Not as Described,2,59.98
RET901873,ORD527931,PROD1115,2025-09-24,No Longer Needed,1,126.42
RET901874,ORD527937,PROD1134,2025-09-22,Better Price Found,2,90.42
RET901875,ORD527957,PROD1016,2025-09-16,Wrong Item Shipped,1,16.39
RET901876,ORD527991,PROD1142,2025-09-24,Changed Mind,1,64.46
RET901877,ORD528012,PROD1031,2025-09-25,Defective/Damaged,3,141.93
RET901878,ORD528036,PROD1122,2025-09-11,Size/Fit Issue,1,33.41
RET901879,ORD528049,PROD1227,2025-09-25,Better Price Found,1,163.54
RET901880,ORD528074,PROD1117,2025-09-13,Better Price Found,1,170.46
RET901881,ORD528096,PROD1001,2025-10-05,Defective/Damaged,1,89.0
RET901882,ORD528096,PROD1061,2025-09-11,Size/Fit Issue,1,16.45
RET901883,ORD528097,PROD1258,2025-10-07,Better Price Found,1,128.51
RET901884,ORD528106,PROD1012,2025-09-24,No Longer Needed,1,163.93
RET901885,ORD528114,PROD1247,2025-09-23,Wrong Item Shipped,1,276.76
RET901886,ORD528181,PROD1012,2025-09-28,Changed Mind,1,214.85
RET901887,ORD528244,PROD1107,2025-09-30,No Longer Needed,1,132.2
RET901888,ORD528250,PROD1067,2025-10-03,No Longer Needed,1,71.76
RET901889,ORD528264,PROD1001,2025-10-05,Changed Mind,1,89.0
RET901890,ORD528303,PROD1249,2025-10-03,No Longer Needed,1,79.75
RET901891,ORD528306,PROD1080,2025-10-02,Defective/Damaged,1,84.99
RET901892,ORD528322,PROD1194,2025-09-23,Wrong Item Shipped,1,157.0
RET901893,ORD528324,PROD1134,2025-09-27,Better Price Found,1,45.21
RET901894,ORD528392,PROD1158,2025-09-28,Size/Fit Issue,2,106.16
RET901895,ORD528406,PROD1249,2025-10-06,Better Price Found,1,79.75
RET901896,ORD528410,PROD1184,2025-09-28,Changed Mind,1,16.83
RET901897,ORD528446,PROD1001,2025-10-05,Changed Mind,1,89.0
RET901898,ORD528455,PROD1242,2025-10-07,No Longer Needed,1,166.9
RET901899,ORD528500,PROD1185,2025-09-28,Changed Mind,1,93.8
RET901900,ORD528518,PROD1115,2025-10-13,Size/Fit Issue,1,126.42
RET901901,ORD528573,PROD1101,2025-10-11,No Longer Needed,1,249.58
RET901902,ORD528575,PROD1203,2025-10-24,Defective/Damaged,1,111.22
RET901903,ORD528587,PROD1169,2025-10-23,Better Price Found,1,285.61
RET901904,ORD528592,PROD1020,2025-10-01,Not as Described,1,70.97
RET901905,ORD528606,PROD1052,2025-10-06,No Longer Needed,1,122.41
RET901906,ORD528633,PROD1207,2025-10-13,Not as Described,1,31.62
RET901907,ORD528643,PROD1012,2025-10-20,Changed Mind,1,205.61
RET901908,ORD528661,PROD1090,2025-10-16,No Longer Needed,1,116.5
RET901909,ORD528662,PROD1165,2025-10-19,Better Price Found,2,133.82
RET901910,ORD528669,PROD1258,2025-10-17,Better Price Found,1,128.51
RET901911,ORD528685,PROD1004,2025-10-12,Not as Described,1,46.16
RET901912,ORD528699,PROD1012,2025-10-01,No Longer Needed,1,166.94
RET901913,ORD528711,PROD1026,2025-10-15,Not as Described,1,23.52
RET901914,ORD528736,PROD1233,2025-10-29,Wrong Item Shipped,1,18.94
RET901915,ORD528750,PROD1141,2025-10-30,Defective/Damaged,1,75.68
RET901916,ORD528762,PROD1169,2025-10-17,Defective/Damaged,1,267.33
RET901917,ORD528787,PROD1165,2025-10-31,Size/Fit Issue,3,200.73
RET901918,ORD528791,PROD1081,2025-10-05,Changed Mind,1,180.31
RET901919,ORD528806,PROD1057,2025-10-30,Defective/Damaged,3,142.26
RET901920,ORD528818,PROD1253,2025-10-27,Changed Mind,1,36.57
RET901921,ORD528842,PROD1151,2025-10-31,Changed Mind,1,43.76
RET901922,ORD528859,PROD1158,2025-10-20,No Longer Needed,1,46.66
RET901923,ORD528861,PROD1218,2025-10-31,Wrong Item Shipped,2,179.24
RET901924,ORD528901,PROD1160,2025-10-13,No Longer Needed,2,129.42
RET901925,ORD528927,PROD1091,2025-10-19,Size/Fit Issue,1,208.22
RET901926,ORD528932,PROD1201,2025-10-20,Not as Described,1,84.38
RET901927,ORD528933,PROD1001,2025-10-13,Changed Mind,1,72.98
RET901928,ORD528967,PROD1107,2025-10-23,Better Price Found,1,132.2
RET901929,ORD528970,PROD1186,2025-10-20,Wrong Item Shipped,1,88.95
RET901930,ORD528973,PROD1231,2025-11-07,Better Price Found,1,78.58
RET901931,ORD528984,PROD1186,2025-10-16,Changed Mind,1,88.95
RET901932,ORD529006,PROD1258,2025-10-31,Not as Described,1,102.68
RET901933,ORD529011,PROD1209,2025-10-25,Changed Mind,1,20.2
RET901934,ORD529036,PROD1001,2025-11-02,Size/Fit Issue,1,73.51
RET901935,ORD529055,PROD1138,2025-11-09,No Longer Needed,2,160.34
RET901936,ORD529064,PROD1122,2025-11-10,Changed Mind,1,35.66
RET901937,ORD529070,PROD1211,2025-11-05,Wrong Item Shipped,1,47.94
RET901938,ORD529076,PROD1020,2025-11-08,Size/Fit Issue,1,70.97
RET901939,ORD529157,PROD1213,2025-10-21,Not as Described,1,130.86
RET901940,ORD529158,PROD1001,2025-11-04,Size/Fit Issue,1,89.0
RET901941,ORD529160,PROD1001,2025-10-29,Wrong Item Shipped,1,86.33
RET901942,ORD529167,PROD1192,2025-10-23,Defective/Damaged,1,20.9
RET901943,ORD529172,PROD1136,2025-10-29,Wrong Item Shipped,1,28.54
RET901944,ORD529205,PROD1115,2025-10-21,Size/Fit Issue,1,126.42
RET901945,ORD529207,PROD1001,2025-11-13,Size/Fit Issue,1,89.0
RET901946,ORD529207,PROD1075,2025-10-21,Not as Described,1,60.21
RET901947,ORD529211,PROD1090,2025-10-28,Size/Fit Issue,1,149.74
RET901948,ORD529216,PROD1213,2025-11-11,No Longer Needed,1,130.86
RET901949,ORD529216,PROD1249,2025-10-29,Changed Mind,1,79.75
RET901950,ORD529233,PROD1147,2025-11-16,Size/Fit Issue,1,56.65
RET901951,ORD529241,PROD1186,2025-11-04,Size/Fit Issue,1,67.96
RET901952,ORD529259,PROD1249,2025-10-24,Size/Fit Issue,1,79.75
RET901953,ORD529265,PROD1179,2025-11-15,Wrong Item Shipped,1,185.55
RET901954,ORD529274,PROD1258,2025-10-26,Wrong Item Shipped,1,128.51
RET901955,ORD529279,PROD1107,2025-11-10,Better Price Found,1,132.2
RET901956,ORD529282,PROD1050,2025-11-06,Defective/Damaged,1,159.48
RET901957,ORD529285,PROD1136,2025-11-06,Changed Mind,1,28.54
RET901958,ORD529304,PROD1239,2025-11-01,Wrong Item Shipped,1,29.99
RET901959,ORD529325,PROD1006,2025-11-06,Better Price Found,1,180.83
RET901960,ORD529349,PROD1064,2025-11-19,Size/Fit Issue,1,48.63
RET901961,ORD529389,PROD1096,2025-10-29,Defective/Damaged,1,123.0
RET901962,ORD529392,PROD1001,2025-11-17,Wrong Item Shipped,1,89.0
RET901963,ORD529404,PROD1033,2025-11-21,No Longer Needed,2,295.37
RET901964,ORD529425,PROD1009,2025-11-21,Changed Mind,1,96.02
RET901965,ORD529454,PROD1020,2025-11-19,Size/Fit Issue,1,70.97
RET901966,ORD529462,PROD1023,2025-11-05,Changed Mind,1,101.06
RET901967,ORD529475,PROD1012,2025-11-18,Changed Mind,1,214.85
RET901968,ORD529484,PROD1247,2025-11-17,Not Specified,1,276.76
RET901969,ORD529488,PROD1207,2025-11-12,Not as Described,1,31.62
RET901970,ORD529499,PROD1001,2025-11-24,No Longer Needed,1,89.0
RET901971,ORD529513,PROD1115,2025-11-16,Changed Mind,1,90.64
RET901972,ORD529550,PROD1118,2025-11-05,Wrong Item Shipped,1,126.87
RET901973,ORD529559,PROD1169,2025-11-03,Changed Mind,1,285.61
RET901974,ORD529573,PROD1044,2025-11-15,Better Price Found,1,140.87
RET901975,ORD529584,PROD1094,2025-11-25,Changed Mind,1,19.08
RET901976,ORD529600,PROD1134,2025-11-17,Defective/Damaged,1,45.21
RET901977,ORD529605,PROD1254,2025-11-05,Defective/Damaged,1,73.92
RET901978,ORD529605,PROD1207,2025-11-04,No Longer Needed,1,31.62
RET901979,ORD529605,PROD1025,2025-11-22,Defective/Damaged,1,228.16
RET901980,ORD529606,PROD1149,2025-11-11,Not as Described,1,132.46
RET901981,ORD529606,PROD1001,2025-11-08,Changed Mind,1,89.0
RET901982,ORD529617,PROD1020,2025-11-23,Size/Fit Issue,1,70.97
RET901983,ORD529629,PROD1152,2025-11-12,Defective/Damaged,1,86.17
RET901984,ORD529629,PROD1008,2025-11-14,Wrong Item Shipped,1,150.9
RET901985,ORD529631,PROD1087,2025-12-02,Size/Fit Issue,1,114.3
RET901986,ORD529672,PROD1186,2025-11-10,No Longer Needed,2,177.9
RET901987,ORD529683,PROD1160,2025-11-17,Defective/Damaged,1,64.58
RET901988,ORD529689,PROD1161,2025-11-19,Changed Mind,1,27.94
RET901989,ORD529695,PROD1203,2025-11-08,Not as Described,1,111.22
RET901990,ORD529697,PROD1189,2025-11-17,No Longer Needed,1,129.55
RET901991,ORD529726,PROD1207,2025-12-02,Size/Fit Issue,1,31.62
RET901992,ORD529753,PROD1012,2025-11-11,No Longer Needed,1,214.85
RET901993,ORD529759,PROD1003,2025-11-13,Not as Described,1,88.29
RET901994,ORD529795,PROD1012,2025-11-21,Size/Fit Issue,1,167.58
RET901995,ORD529799,PROD1239,2025-11-20,Better Price Found,1,29.99
RET901996,ORD529810,PROD1090,2025-12-03,No Longer Needed,1,125.63
RET901997,ORD529821,PROD1207,2025-11-20,Not as Described,1,30.7
RET901998,ORD529827,PROD1031,2025-12-06,Better Price Found,1,45.4
RET901999,ORD529845,PROD1244,2025-12-09,Defective/Damaged,1,19.63
RET902000,ORD529866,PROD1249,2025-11-28,Defective/Damaged,1,62.36
RET902001,ORD529892,PROD1151,2025-12-09,Wrong Item Shipped,1,43.76
RET902002,ORD529918,PROD1258,2025-12-07,Not as Described,1,118.36
RET902003,ORD529932,PROD1147,2025-12-07,Better Price Found,1,56.65
RET902004,ORD529934,PROD1001,2025-11-18,No Longer Needed,1,82.24
RET902005,ORD529953,PROD1042,2025-11-23,Size/Fit Issue,1,20.31
RET902006,ORD529973,PROD1196,2025-11-27,Not as Described,1,16.21
RET902007,ORD529996,PROD1169,2025-12-06,Changed Mind,1,285.61
RET902008,ORD530023,PROD1207,2025-11-20,Wrong Item Shipped,1,24.38
RET902009,ORD530034,PROD1214,2025-11-25,Defective/Damaged,1,132.49
RET902010,ORD530061,PROD1160,2025-12-13,Size/Fit Issue,1,64.71
RET902011,ORD530093,PROD1012,2025-12-09,Defective/Damaged,1,185.2
RET902012,ORD530112,PROD1239,2025-12-12,Defective/Damaged,1,29.99
RET902013,ORD530115,PROD1013,2025-12-05,Better Price Found,1,86.11
RET902014,ORD530150,PROD1020,2025-12-16,Size/Fit Issue,1,70.97
RET902015,ORD530163,PROD1075,2025-11-25,Defective/Damaged,1,55.51
RET902016,ORD530165,PROD1136,2025-11-28,No Longer Needed,1,28.54
RET902017,ORD530182,PROD1147,2025-11-27,Wrong Item Shipped,1,50.65
RET902018,ORD530183,PROD1001,2025-12-03,Better Price Found,1,89.0
RET902019,ORD530188,PROD1147,2025-12-06,Not as Described,2,113.3
RET902020,ORD530193,PROD1024,2025-12-18,No Longer Needed,1,159.28
RET902021,ORD530196,PROD1034,2025-12-18,Not as Described,1,47.1
RET902022,ORD530223,PROD1249,2025-11-23,Wrong Item Shipped,1,63.08
RET902023,ORD530264,PROD1040,2025-12-02,Wrong Item Shipped,1,82.41
RET902024,ORD530293,PROD1058,2025-11-24,Changed Mind,1,58.75
RET902025,ORD530347,PROD1015,2025-11-26,Wrong Item Shipped,1,118.79
RET902026,ORD530358,PROD1046,2025-11-26,Better Price Found,1,100.8
RET902027,ORD530364,PROD1105,2025-12-01,No Longer Needed,1,86.33
RET902028,ORD530401,PROD1258,2025-12-20,No Longer Needed,1,124.78
RET902029,ORD530407,PROD1040,2025-12-18,Size/Fit Issue,1,106.59
RET902030,ORD530412,PROD1189,2025-12-16,Not as Described,1,129.55
RET902031,ORD530428,PROD1135,2025-12-06,No Longer Needed,1,89.72
RET902032,ORD530507,PROD1193,2025-12-11,Not as Described,1,102.7
RET902033,ORD530529,PROD1080,2025-12-05,Better Price Found,2,148.22
RET902034,ORD530540,PROD1015,2025-12-12,Better Price Found,1,118.79
RET902035,ORD530547,PROD1001,2025-12-03,No Longer Needed,1,89.0
RET902036,ORD530548,PROD1001,2025-12-25,Better Price Found,1,72.98
RET902037,ORD530581,PROD1001,2025-12-06,Not as Described,1,89.0
RET902038,ORD530596,PROD1207,2025-12-01,Not as Described,2,53.63
RET902039,ORD530616,PROD1001,2025-12-06,Better Price Found,1,89.0
RET902040,ORD530618,PROD1067,2025-12-01,Better Price Found,1,71.76
RET902041,ORD530620,PROD1207,2025-12-21,Defective/Damaged,1,29.66
RET902042,ORD530628,PROD1001,2025-11-30,No Longer Needed,1,89.0
RET902043,ORD530640,PROD1043,2025-11-30,Size/Fit Issue,1,25.34
RET902044,ORD530664,PROD1228,2025-12-03,Not as Described,1,91.09
RET902045,ORD530666,PROD1173,2025-12-15,Defective/Damaged,1,96.63
RET902046,ORD530677,PROD1156,2025-12-04,No Longer Needed,1,126.57
RET902047,ORD530690,PROD1001,2025-12-21,No Longer Needed,1,68.09
RET902048,ORD530691,PROD1186,2025-12-14,Better Price Found,1,77.74
RET902049,ORD530699,PROD1127,2025-12-22,Not as Described,1,51.84
RET902050,ORD530727,PROD1075,2025-12-03,Wrong Item Shipped,1,46.66
RET902051,ORD530742,PROD1059,2025-12-24,Wrong Item Shipped,1,16.32
RET902052,ORD530744,PROD1020,2025-12-09,Better Price Found,1,70.97
RET902053,ORD530748,PROD1230,2025-12-27,No Longer Needed,1,138.35
RET902054,ORD530768,PROD1113,2025-12-28,Wrong Item Shipped,1,59.98
RET902055,ORD530770,PROD1065,2025-12-22,Not as Described,1,66.51
RET902056,ORD530772,PROD1086,2025-12-17,Better Price Found,1,30.43
RET902057,ORD530789,PROD1159,2025-12-18,Size/Fit Issue,1,10.77
RET902058,ORD530814,PROD1107,2025-12-25,No Longer Needed,1,18.44
RET902059,ORD530834,PROD1207,2025-12-17,Not as Described,1,28.11
RET902060,ORD530834,PROD1075,2025-12-11,Not Specified,1,53.95
RET902061,ORD530838,PROD1001,2025-12-13,Not as Described,1,89.0
RET902062,ORD530839,PROD1215,2025-12-23,Not as Described,1,66.41
RET902063,ORD530845,PROD1147,2025-12-06,Not as Described,1,56.65
RET902064,ORD530857,PROD1185,2025-12-25,Not as Described,1,104.41
RET902065,ORD530872,PROD1201,2025-12-11,Wrong Item Shipped,1,84.3
RET902066,ORD530901,PROD1172,2025-12-16,No Longer Needed,3,496.38
RET902067,ORD530904,PROD1127,2025-12-13,Not as Described,1,60.63
RET902068,ORD530927,PROD1258,2025-12-05,Wrong Item Shipped,1,128.51
RET902069,ORD530943,PROD1169,2025-12-15,Size/Fit Issue,1,285.61
RET902070,ORD530944,PROD1087,2025-12-04,No Longer Needed,2,301.98
RET902071,ORD530975,PROD1160,2025-12-05,Wrong Item Shipped,1,52.67
RET902072,ORD530979,PROD1006,2025-12-31,Wrong Item Shipped,1,174.32
RET902073,ORD530987,PROD1253,2025-12-19,Size/Fit Issue,1,29.84
RET902074,ORD530993,PROD1000,2025-12-09,Defective/Damaged,1,49.3
RET902075,ORD531071,PROD1259,2025-12-24,Changed Mind,2,155.34
RET902076,ORD531081,PROD1015,2025-12-30,Not as Described,1,83.98
RET902077,ORD531113,PROD1113,2026-01-02,Wrong Item Shipped,1,54.64
RET902078,ORD531120,PROD1126,2025-12-28,Defective/Damaged,1,152.47
RET902079,ORD531187,PROD1167,2025-12-22,Not as Described,1,12.36
RET902080,ORD531194,PROD1014,2026-01-02,Not as Described,1,46.51
RET902081,ORD531206,PROD1136,2025-12-13,Defective/Damaged,1,24.83
RET902082,ORD531218,PROD1103,2025-12-15,Size/Fit Issue,1,132.37
RET902083,ORD531235,PROD1191,2025-12-23,Size/Fit Issue,2,85.18
RET902084,ORD531267,PROD1146,2025-12-23,Better Price Found,1,209.93
RET902085,ORD531280,PROD1008,2026-01-02,Defective/Damaged,1,111.52
RET902086,ORD531282,PROD1001,2026-01-08,Size/Fit Issue,1,89.0
RET902087,ORD531340,PROD1248,2025-12-23,Changed Mind,1,315.49
RET902088,ORD531372,PROD1162,2025-12-30,Size/Fit Issue,1,72.45
RET902089,ORD531372,PROD1001,2025-12-19,Better Price Found,1,89.0
RET902090,ORD531384,PROD1107,2026-01-02,Size/Fit Issue,1,113.03
RET902091,ORD531400,PROD1080,2025-12-28,Not Specified,1,65.27
RET902092,ORD531404,PROD1033,2025-12-23,Better Price Found,1,185.77
RET902093,ORD531420,PROD1033,2026-01-11,No Longer Needed,1,169.42
RET902094,ORD531424,PROD1113,2025-12-30,Not as Described,1,58.66
RET902095,ORD531426,PROD1090,2026-01-05,Size/Fit Issue,2,219.82
RET902096,ORD531463,PROD1207,2025-12-25,No Longer Needed,1,25.26
RET902097,ORD531473,PROD1001,2026-01-09,Size/Fit Issue,1,89.0
RET902098,ORD531476,PROD1165,2025-12-22,No Longer Needed,1,54.4
RET902099,ORD531477,PROD1152,2025-12-17,Better Price Found,2,172.34
RET902100,ORD531489,PROD1111,2026-01-05,Not as Described,1,212.9
RET902101,ORD531496,PROD1013,2025-12-22,Better Price Found,1,64.24
RET902102,ORD531499,PROD1029,2025-12-25,Changed Mind,1,83.11
RET902103,ORD531502,PROD1008,2026-01-03,Size/Fit Issue,1,150.9
RET902104,ORD531525,PROD1152,2025-12-28,Better Price Found,1,86.17
RET902105,ORD531530,PROD1154,2026-01-06,Not as Described,1,113.78
RET902106,ORD531534,PROD1136,2025-12-30,Better Price Found,1,28.54
RET902107,ORD531546,PROD1055,2026-01-09,Not as Described,1,59.32
RET902108,ORD531583,PROD1122,2026-01-11,Better Price Found,1,35.66
RET902109,ORD531602,PROD1107,2026-01-01,Not as Described,2,264.4
RET902110,ORD531630,PROD1207,2025-12-19,Size/Fit Issue,1,31.62
RET902111,ORD531649,PROD1013,2026-01-13,Changed Mind,1,86.11
RET902112,ORD531660,PROD1189,2026-01-11,Not as Described,1,129.55
RET902113,ORD531669,PROD1107,2026-01-08,Changed Mind,1,132.2
RET902114,ORD531674,PROD1126,2025-12-31,Better Price Found,1,212.95
RET902115,ORD531678,PROD1189,2025-12-31,Size/Fit Issue,1,129.55
RET902116,ORD531682,PROD1167,2026-01-02,Not as Described,1,12.94
RET902117,ORD531696,PROD1055,2026-01-09,No Longer Needed,1,59.03
RET902118,ORD531715,PROD1050,2025-12-23,Better Price Found,1,154.86
RET902119,ORD531738,PROD1001,2026-01-14,No Longer Needed,1,68.98
RET902120,ORD531739,PROD1234,2026-01-06,Wrong Item Shipped,1,15.64
RET902121,ORD531788,PROD1231,2026-01-19,Not as Described,2,157.16
RET902122,ORD531790,PROD1152,2025-12-31,Not as Described,1,86.17
RET902123,ORD531801,PROD1001,2026-01-08,No Longer Needed,1,65.68
RET902124,ORD531807,PROD1067,2025-12-23,Not as Described,1,71.76
RET902125,ORD531813,PROD1251,2026-01-09,Wrong Item Shipped,1,47.09
RET902126,ORD531814,PROD1165,2026-01-15,Changed Mind,1,66.91
RET902127,ORD531830,PROD1119,2026-01-03,Not as Described,1,115.39
RET902128,ORD531842,PROD1108,2026-01-16,No Longer Needed,1,39.5
RET902129,ORD531861,PROD1161,2026-01-03,Size/Fit Issue,1,27.94
RET902130,ORD531869,PROD1101,2026-01-03,Better Price Found,1,249.58
RET902131,ORD531880,PROD1121,2026-01-12,Wrong Item Shipped,1,104.1
RET902132,ORD531916,PROD1174,2026-01-16,No Longer Needed,1,26.43
RET902133,ORD531923,PROD1080,2026-01-21,Size/Fit Issue,3,254.97
RET902134,ORD531930,PROD1055,2026-01-11,Not Specified,1,59.6
RET902135,ORD531945,PROD1234,2026-01-13,Wrong Item Shipped,1,273.87
RET902136,ORD531992,PROD1225,2026-01-21,Wrong Item Shipped,1,60.04
