customer_id,last_order_date,frequency,monetary,recency_days,R_score,F_score,M_score,RFM_score,segment,customer_segment,acquisition_channel
CUST100000,2025-04-09 02:50:00,3,203.60044,266,3,3,2,332,At Risk,Mainstream,Email
CUST100001,2025-09-20 07:09:00,1,119.55689999999998,102,4,1,1,411,New Customers,Budget,Email
CUST100002,2025-05-20 15:42:00,2,103.30016,225,3,2,1,321,Others,Budget,Organic Search
CUST100005,2025-03-12 04:03:00,4,618.8199999999999,294,3,4,4,344,Loyal Customers,Budget,Organic Search
CUST100006,2025-02-23 02:31:00,2,207.79000000000002,311,3,2,2,322,Others,Mainstream,Affiliate
CUST100007,2025-04-22 12:36:00,3,496.22,253,3,3,3,333,At Risk,Premium,Affiliate
CUST100008,2024-02-08 20:55:00,2,1618.21,692,1,2,5,125,Lost Customers,Mainstream,Social Media
CUST100009,2025-09-28 08:55:00,3,454.0204,94,4,3,3,433,Potential Loyalists,Mainstream,Social Media
CUST100010,2024-01-14 12:45:00,3,650.26,717,1,3,4,134,Others,Mainstream,Paid Search
CUST100011,2025-11-01 22:48:00,5,1628.18948,60,4,4,5,445,Champions,Premium,Email
CUST100012,2025-09-22 02:16:00,7,1301.89777,100,4,5,5,455,Champions,Mainstream,Paid Search
CUST100013,2025-11-12 02:31:00,2,572.27,49,5,2,4,524,Potential Loyalists,Budget,Organic Search
CUST100014,2025-11-11 05:38:00,4,588.82438,50,5,4,4,544,Champions,Budget,Organic Search
CUST100015,2024-11-30 10:11:00,1,172.69892,396,2,1,2,212,Lost Customers,Budget,Direct
CUST100016,2024-11-03 19:07:00,3,412.32,423,2,3,3,233,At Risk,Budget,Affiliate
CUST100018,2025-12-22 12:31:00,11,1624.30907,9,5,5,5,555,Champions,Budget,Referral
CUST100019,2024-03-15 03:41:00,1,61.33,656,1,1,1,111,Lost Customers,Mainstream,Organic Search
CUST100020,2025-07-24 14:51:00,1,121.73,160,4,1,1,411,New Customers,Mainstream,Paid Search
CUST100021,2025-12-23 16:25:00,7,1301.03,8,5,5,5,555,Champions,Mainstream,Social Media
CUST100022,2025-12-20 15:24:00,43,7461.58148,11,5,5,5,555,Champions,Budget,Organic Search
CUST100023,2025-11-06 23:24:00,3,571.6305,54,4,3,4,434,Potential Loyalists,Budget,Email
CUST100024,2025-09-27 11:18:00,1,439.19648,95,4,1,3,413,New Customers,Budget,Organic Search
CUST100025,2025-08-06 07:01:00,4,436.18306,147,4,4,3,443,Loyal Customers,Premium,Direct
CUST100027,2023-10-15 00:22:00,1,100.8,808,1,1,1,111,Lost Customers,Budget,Organic Search
CUST100028,2025-12-07 16:11:00,6,815.55345,24,5,5,4,554,Champions,Budget,Referral
CUST100030,2024-06-30 04:54:00,1,248.12622000000002,549,2,1,2,212,Lost Customers,Mainstream,Organic Search
CUST100031,2025-06-16 06:57:00,2,544.1189999999999,198,3,2,3,323,Others,Premium,Email
CUST100032,2023-02-05 17:02:00,1,123.36,1060,1,1,1,111,Lost Customers,Budget,Social Media
CUST100033,2025-01-17 08:30:00,7,782.92553,348,3,5,4,354,Loyal Customers,Budget,Paid Search
CUST100034,2023-09-27 20:56:00,1,94.09284000000001,826,1,1,1,111,Lost Customers,Mainstream,Social Media
CUST100035,2025-12-29 12:59:00,37,7303.0996000000005,2,5,5,5,555,Champions,Budget,Direct
CUST100037,2025-07-13 13:02:00,2,748.58,171,3,2,4,324,Others,Premium,Organic Search
CUST100038,2023-09-04 21:45:00,1,66.91,849,1,1,1,111,Lost Customers,Mainstream,Organic Search
CUST100039,2025-04-24 16:04:00,1,221.46,251,3,1,2,312,Others,Mainstream,Social Media
CUST100040,2024-03-27 14:52:00,2,190.22372,644,1,2,2,122,Lost Customers,Premium,Affiliate
CUST100042,2025-07-19 04:50:00,4,1522.2845,165,3,4,5,345,Loyal Customers,Budget,Direct
CUST100043,2025-11-23 18:27:00,18,2622.60532,38,5,5,5,555,Champions,Budget,Direct
CUST100044,2025-05-28 15:54:00,2,936.93239,217,3,2,4,324,Others,Budget,Organic Search
CUST100045,2025-10-16 03:54:00,7,1687.9299999999998,76,4,5,5,455,Champions,Mainstream,Referral
CUST100046,2025-01-22 19:10:00,3,946.6099999999999,343,3,3,4,334,At Risk,Premium,Affiliate
CUST100047,2025-12-18 21:24:00,6,1184.76425,13,5,5,5,555,Champions,Premium,Affiliate
CUST100048,2025-08-31 08:44:00,7,1130.8999999999999,122,4,5,5,455,Champions,Mainstream,Email
CUST100049,2025-06-15 02:48:00,1,208.2,199,3,1,2,312,Others,Premium,Paid Search
CUST100050,2023-11-05 18:59:00,1,12.52,787,1,1,1,111,Lost Customers,Mainstream,Paid Search
CUST100051,2023-02-26 05:37:00,1,126.22800000000001,1039,1,1,1,111,Lost Customers,Budget,Organic Search
CUST100052,2025-02-02 10:52:00,1,248.7423,332,3,1,2,312,Others,Budget,Email
CUST100053,2025-06-15 11:41:00,4,1875.15,199,3,4,5,345,Loyal Customers,Mainstream,Organic Search
CUST100055,2025-11-15 22:33:00,2,176.46856000000002,46,5,2,2,522,Potential Loyalists,Budget,Referral
CUST100056,2024-12-18 22:27:00,2,442.09123,378,2,2,3,223,Lost Customers,Premium,Paid Search
CUST100058,2025-04-17 09:35:00,1,181.89,258,3,1,2,312,Others,Mainstream,Paid Search
CUST100059,2024-08-29 16:51:00,2,303.85,489,2,2,2,222,Lost Customers,Budget,Organic Search
CUST100060,2025-04-11 06:02:00,4,713.39173,264,3,4,4,344,Loyal Customers,Mainstream,Direct
CUST100061,2023-08-27 15:39:00,1,297.03,857,1,1,2,112,Lost Customers,Mainstream,Paid Search
CUST100062,2025-12-10 11:03:00,16,3112.36397,21,5,5,5,555,Champions,Budget,Organic Search
CUST100063,2024-12-08 08:16:00,3,625.16115,388,2,3,4,234,At Risk,Budget,Affiliate
CUST100064,2023-12-02 18:44:00,1,126.14,760,1,1,1,111,Lost Customers,Mainstream,Direct
CUST100065,2025-06-02 00:38:00,1,100.8,212,3,1,1,311,Others,Mainstream,Direct
CUST100066,2025-12-11 03:28:00,6,1011.10722,20,5,5,4,554,Champions,Budget,Paid Search
CUST100067,2025-08-19 04:18:00,4,1031.74624,134,4,4,5,445,Champions,Mainstream,Organic Search
CUST100068,2025-12-15 08:17:00,3,800.55768,16,5,3,4,534,Potential Loyalists,Budget,Organic Search
CUST100069,2025-09-01 23:05:00,26,5386.68069,121,4,5,5,455,Champions,Budget,Paid Search
CUST100070,2025-06-06 13:04:00,3,707.81,208,3,3,4,334,At Risk,Premium,Affiliate
CUST100071,2025-05-25 09:46:00,1,88.29,220,3,1,1,311,Others,Budget,Paid Search
CUST100072,2025-09-05 06:13:00,1,138.35,117,4,1,1,411,New Customers,Mainstream,Referral
CUST100073,2024-07-07 11:13:00,1,214.85,542,2,1,2,212,Lost Customers,Mainstream,Paid Search
CUST100075,2024-01-01 17:22:00,1,380.1839,730,1,1,3,113,Lost Customers,Budget,Paid Search
CUST100076,2025-02-24 07:28:00,1,89.0,310,3,1,1,311,Others,Mainstream,Paid Search
CUST100077,2023-04-02 07:25:00,1,544.21,1004,1,1,3,113,Lost Customers,Mainstream,Organic Search
CUST100078,2024-10-10 01:36:00,4,904.00842,447,2,4,4,244,Loyal Customers,Budget,Affiliate
CUST100079,2025-12-10 11:58:00,5,1036.92432,21,5,4,5,545,Champions,Budget,Email
CUST100081,2023-04-17 12:59:00,1,77.16,989,1,1,1,111,Lost Customers,Mainstream,Organic Search
CUST100082,2023-05-01 14:24:00,1,434.82,975,1,1,3,113,Lost Customers,Budget,Referral
CUST100083,2024-08-18 18:38:00,7,1547.6840499999998,500,2,5,5,255,Loyal Customers,Mainstream,Email
CUST100084,2025-08-07 19:32:00,2,475.78000000000003,146,4,2,3,423,Potential Loyalists,Mainstream,Social Media
CUST100085,2025-03-29 23:29:00,5,1100.902,276,3,4,5,345,Loyal Customers,Budget,Email
CUST100088,2025-07-09 21:05:00,4,855.28805,175,3,4,4,344,Loyal Customers,Mainstream,Affiliate
CUST100089,2025-09-19 01:49:00,1,194.91,103,4,1,2,412,New Customers,Mainstream,Social Media
CUST100090,2025-08-23 16:09:00,3,554.76,130,4,3,4,434,Potential Loyalists,Budget,Paid Search
CUST100091,2024-06-30 14:32:00,1,247.63654000000002,549,2,1,2,212,Lost Customers,Mainstream,Organic Search
CUST100092,2025-07-11 17:13:00,7,1054.78229,173,3,5,5,355,Loyal Customers,Mainstream,Paid Search
CUST100093,2025-12-11 16:27:00,1,212.95,20,5,1,2,512,New Customers,Mainstream,Organic Search
CUST100094,2024-12-03 14:59:00,8,1025.22865,393,2,5,5,255,Loyal Customers,Budget,Organic Search
CUST100095,2023-06-05 06:41:00,1,280.15283,940,1,1,2,112,Lost Customers,Budget,Email
CUST100096,2025-10-20 09:21:00,2,336.23,72,4,2,3,423,Potential Loyalists,Premium,Social Media
CUST100098,2025-11-27 21:40:00,4,470.19957999999997,34,5,4,3,543,Loyal Customers,Budget,Affiliate
CUST100099,2023-05-22 10:05:00,1,78.16,954,1,1,1,111,Lost Customers,Mainstream,Paid Search
CUST100100,2024-09-29 14:58:00,1,289.62,458,2,1,2,212,Lost Customers,Mainstream,Paid Search
CUST100101,2024-07-14 00:09:00,5,984.73792,535,2,4,4,244,Loyal Customers,Premium,Email
CUST100102,2023-12-10 02:06:00,1,78.58,752,1,1,1,111,Lost Customers,Mainstream,Social Media
CUST100103,2025-10-18 16:05:00,2,247.48999999999998,74,4,2,2,422,Potential Loyalists,Premium,Social Media
CUST100105,2025-07-22 06:02:00,3,982.8700799999999,162,3,3,4,334,At Risk,Premium,Paid Search
CUST100106,2025-04-20 03:52:00,5,820.52937,255,3,4,4,344,Loyal Customers,Budget,Social Media
CUST100107,2025-11-22 07:27:00,12,2008.6075,39,5,5,5,555,Champions,Premium,Affiliate
CUST100111,2025-09-01 21:29:00,5,1166.64515,121,4,4,5,445,Champions,Budget,Organic Search
CUST100112,2023-11-28 10:31:00,4,971.4901500000001,764,1,4,4,144,Loyal Customers,Mainstream,Paid Search
CUST100113,2025-03-19 15:53:00,7,753.10201,287,3,5,4,354,Loyal Customers,Budget,Social Media
CUST100114,2024-11-05 10:15:00,1,97.36,421,2,1,1,211,Lost Customers,Mainstream,Social Media
CUST100115,2025-07-13 18:52:00,1,199.44,171,3,1,2,312,Others,Budget,Affiliate
CUST100116,2023-02-06 01:44:00,1,308.31,1059,1,1,3,113,Lost Customers,Budget,Email
CUST100117,2024-03-09 16:58:00,1,89.0,662,1,1,1,111,Lost Customers,Budget,Paid Search
CUST100118,2025-10-24 21:04:00,10,2510.55395,68,4,5,5,455,Champions,Mainstream,Direct
CUST100119,2025-12-14 06:14:00,10,1428.45498,17,5,5,5,555,Champions,Mainstream,Organic Search
CUST100120,2025-10-07 07:01:00,1,101.04912,85,4,1,1,411,New Customers,Mainstream,Email
CUST100123,2025-08-11 05:55:00,2,401.84512,142,4,2,3,423,Potential Loyalists,Mainstream,Affiliate
CUST100124,2025-03-26 14:17:00,3,222.01500000000001,280,3,3,2,332,At Risk,Budget,Paid Search
CUST100125,2025-04-28 23:21:00,6,1288.1885,246,3,5,5,355,Loyal Customers,Mainstream,Social Media
CUST100126,2025-09-21 23:29:00,6,1458.33095,100,4,5,5,455,Champions,Mainstream,Social Media
CUST100127,2025-05-13 18:16:00,1,350.06,232,3,1,3,313,Others,Premium,Organic Search
CUST100128,2023-02-02 16:02:00,1,749.98,1063,1,1,4,114,Lost Customers,Budget,Organic Search
CUST100129,2025-11-21 11:20:00,3,868.7605000000001,40,5,3,4,534,Potential Loyalists,Mainstream,Email
CUST100130,2025-11-27 23:49:00,3,781.6877,33,5,3,4,534,Potential Loyalists,Premium,Organic Search
CUST100131,2025-12-11 07:49:00,10,2104.0118899999998,20,5,5,5,555,Champions,Premium,Paid Search
CUST100132,2025-09-27 19:42:00,10,2142.2634900000003,95,4,5,5,455,Champions,Mainstream,Referral
CUST100133,2025-11-25 06:39:00,5,693.63,36,5,4,4,544,Champions,Budget,Email
CUST100134,2025-05-10 21:58:00,2,727.8499999999999,235,3,2,4,324,Others,Mainstream,Organic Search
CUST100135,2024-12-22 18:58:00,2,170.2421,374,2,2,2,222,Lost Customers,Mainstream,Affiliate
CUST100136,2025-05-31 06:16:00,2,204.67159999999998,214,3,2,2,322,Others,Budget,Direct
CUST100137,2024-03-12 02:34:00,4,1147.07,659,1,4,5,145,Loyal Customers,Budget,Affiliate
CUST100140,2023-10-30 10:39:00,1,111.22,793,1,1,1,111,Lost Customers,Premium,Paid Search
CUST100141,2025-03-07 00:32:00,6,851.07531,299,3,5,4,354,Loyal Customers,Budget,Affiliate
CUST100142,2025-10-07 18:05:00,6,1371.173,85,4,5,5,455,Champions,Premium,Direct
CUST100143,2023-04-15 17:38:00,1,365.76,991,1,1,3,113,Lost Customers,Mainstream,Referral
CUST100144,2025-08-30 10:57:00,1,73.92,123,4,1,1,411,New Customers,Premium,Social Media
CUST100146,2025-11-07 09:09:00,4,863.8695,54,4,4,4,444,Champions,Budget,Email
CUST100147,2024-08-05 13:23:00,2,481.03,513,2,2,3,223,Lost Customers,Budget,Paid Search
CUST100148,2024-09-21 05:04:00,1,39.5,466,2,1,1,211,Lost Customers,Budget,Social Media
CUST100149,2024-04-26 03:52:00,1,210.53,614,1,1,2,112,Lost Customers,Mainstream,Email
CUST100150,2025-06-18 15:19:00,8,1494.02023,196,3,5,5,355,Loyal Customers,Budget,Referral
CUST100151,2023-03-28 22:48:00,1,225.4446,1009,1,1,2,112,Lost Customers,Mainstream,Social Media
CUST100152,2024-07-09 13:46:00,6,859.7,540,2,5,4,254,Loyal Customers,Premium,Referral
CUST100153,2025-04-25 07:25:00,2,949.3399999999999,250,3,2,4,324,Others,Mainstream,Paid Search
CUST100154,2024-10-28 05:50:00,3,349.4,429,2,3,3,233,At Risk,Mainstream,Organic Search
CUST100155,2025-08-15 10:36:00,2,208.51999999999998,138,4,2,2,422,Potential Loyalists,Premium,Paid Search
CUST100156,2025-11-24 06:41:00,1,301.15,37,5,1,2,512,New Customers,Mainstream,Organic Search
CUST100157,2025-09-01 15:16:00,1,208.90394999999998,121,4,1,2,412,New Customers,Budget,Organic Search
CUST100158,2024-01-19 00:49:00,1,249.58,712,1,1,2,112,Lost Customers,Budget,Organic Search
CUST100159,2025-12-20 05:41:00,2,329.62,11,5,2,3,523,Potential Loyalists,Mainstream,Social Media
CUST100161,2025-07-12 19:51:00,5,536.89688,172,3,4,3,343,Loyal Customers,Mainstream,Social Media
CUST100163,2024-12-12 05:44:00,2,542.59,384,2,2,3,223,Lost Customers,Mainstream,Paid Search
CUST100164,2025-08-24 09:12:00,3,251.26,129,4,3,2,432,Potential Loyalists,Budget,Organic Search
CUST100165,2025-12-03 13:10:00,10,1356.74886,28,5,5,5,555,Champions,Budget,Paid Search
CUST100166,2025-10-23 01:52:00,3,265.69915000000003,69,4,3,2,432,Potential Loyalists,Premium,Paid Search
CUST100167,2024-11-10 09:26:00,1,110.03,416,2,1,1,211,Lost Customers,Budget,Email
CUST100168,2025-02-06 07:34:00,8,1649.55119,328,3,5,5,355,Loyal Customers,Budget,Direct
CUST100170,2025-11-26 22:10:00,6,580.97,35,5,5,4,554,Champions,Mainstream,Organic Search
CUST100171,2025-12-14 08:19:00,13,2764.5113,17,5,5,5,555,Champions,Mainstream,Paid Search
CUST100172,2025-12-28 10:31:00,11,1998.34879,3,5,5,5,555,Champions,Mainstream,Paid Search
CUST100174,2025-08-03 05:18:00,9,2186.37453,150,4,5,5,455,Champions,Budget,Social Media
CUST100176,2023-11-21 22:01:00,2,654.51856,771,1,2,4,124,Lost Customers,Mainstream,Direct
CUST100177,2024-08-23 02:45:00,4,901.0,495,2,4,4,244,Loyal Customers,Mainstream,Social Media
CUST100178,2025-12-11 22:23:00,5,814.9593199999999,20,5,4,4,544,Champions,Premium,Paid Search
CUST100179,2025-05-21 17:49:00,1,235.10435999999999,224,3,1,2,312,Others,Budget,Email
CUST100181,2023-12-07 14:04:00,2,821.4915899999999,755,1,2,4,124,Lost Customers,Mainstream,Organic Search
CUST100182,2023-11-29 00:22:00,1,43.43759,763,1,1,1,111,Lost Customers,Mainstream,Email
CUST100183,2024-09-24 05:07:00,4,1063.53,463,2,4,5,245,Loyal Customers,Budget,Social Media
CUST100184,2025-11-25 10:00:00,5,1172.2525500000002,36,5,4,5,545,Champions,Mainstream,Organic Search
CUST100185,2025-08-23 10:41:00,1,644.55,130,4,1,4,414,New Customers,Premium,Email
CUST100186,2025-05-30 03:13:00,2,110.31,215,3,2,1,321,Others,Mainstream,Organic Search
CUST100187,2025-11-09 21:53:00,4,1143.81136,52,5,4,5,545,Champions,Budget,Organic Search
CUST100188,2025-06-03 19:33:00,3,195.1013,211,3,3,2,332,At Risk,Budget,Organic Search
CUST100189,2024-11-24 15:43:00,1,115.39,402,2,1,1,211,Lost Customers,Mainstream,Email
CUST100190,2024-05-14 04:30:00,6,815.38371,596,2,5,4,254,Loyal Customers,Budget,Direct
CUST100191,2025-09-23 02:51:00,1,574.06,99,4,1,4,414,New Customers,Premium,Email
CUST100192,2025-05-25 16:48:00,3,505.63075,220,3,3,3,333,At Risk,Premium,Referral
CUST100194,2025-11-23 02:58:00,1,166.9,38,5,1,2,512,New Customers,Mainstream,Social Media
CUST100195,2025-11-16 10:47:00,10,2894.18826,45,5,5,5,555,Champions,Mainstream,Paid Search
CUST100196,2025-11-20 14:08:00,10,2024.93157,41,5,5,5,555,Champions,Budget,Social Media
CUST100197,2025-11-16 06:15:00,5,813.5266300000001,45,5,4,4,544,Champions,Budget,Email
CUST100198,2025-09-05 06:24:00,4,890.8733,117,4,4,4,444,Champions,Mainstream,Paid Search
CUST100200,2024-02-13 20:41:00,1,284.72683,687,1,1,2,112,Lost Customers,Budget,Organic Search
CUST100202,2024-08-19 23:25:00,1,125.54016,498,2,1,1,211,Lost Customers,Mainstream,Social Media
CUST100203,2023-08-08 04:12:00,2,749.0898,876,1,2,4,124,Lost Customers,Premium,Referral
CUST100204,2025-11-29 04:34:00,4,1056.84584,32,5,4,5,545,Champions,Budget,Social Media
CUST100205,2025-10-20 17:00:00,14,2978.00936,72,4,5,5,455,Champions,Premium,Paid Search
CUST100206,2025-09-03 13:59:00,7,1008.01617,119,4,5,4,454,Champions,Mainstream,Affiliate
CUST100207,2025-07-02 07:26:00,4,740.04,182,3,4,4,344,Loyal Customers,Budget,Email
CUST100208,2025-04-20 20:47:00,1,96.89999999999999,255,3,1,1,311,Others,Mainstream,Social Media
CUST100209,2025-11-26 04:36:00,11,2571.77187,35,5,5,5,555,Champions,Mainstream,Email
CUST100211,2025-04-09 05:40:00,2,577.13,266,3,2,4,324,Others,Mainstream,Referral
CUST100212,2025-01-14 04:57:00,2,236.3,351,2,2,2,222,Lost Customers,Mainstream,Organic Search
CUST100213,2024-08-19 17:20:00,3,950.13,499,2,3,4,234,At Risk,Premium,Direct
CUST100214,2025-10-17 02:20:00,1,581.3100000000001,75,4,1,4,414,New Customers,Budget,Organic Search
CUST100215,2024-06-02 20:05:00,1,343.90999999999997,577,2,1,3,213,Lost Customers,Mainstream,Referral
CUST100216,2025-05-08 00:56:00,4,890.21127,237,3,4,4,344,Loyal Customers,Premium,Direct
CUST100219,2025-10-06 09:25:00,2,103.42665,86,4,2,1,421,Potential Loyalists,Mainstream,Email
CUST100220,2024-08-27 12:12:00,2,114.65,491,2,2,1,221,Lost Customers,Budget,Social Media
CUST100221,2024-11-26 04:30:00,4,748.6999999999999,400,2,4,4,244,Loyal Customers,Mainstream,Paid Search
CUST100222,2024-10-04 05:36:00,1,423.85,453,2,1,3,213,Lost Customers,Mainstream,Social Media
CUST100223,2024-09-19 09:54:00,3,277.59999999999997,468,2,3,2,232,At Risk,Budget,Social Media
CUST100224,2024-08-07 11:44:00,1,53.08,511,2,1,1,211,Lost Customers,Mainstream,Paid Search
CUST100227,2025-04-05 18:05:00,3,742.1,270,3,3,4,334,At Risk,Premium,Social Media
CUST100231,2025-02-10 15:59:00,2,461.72616,324,3,2,3,323,Others,Mainstream,Paid Search
CUST100233,2024-10-15 11:36:00,3,143.65,442,2,3,1,231,At Risk,Budget,Social Media
CUST100234,2025-09-27 17:38:00,1,146.70000000000002,95,4,1,1,411,New Customers,Mainstream,Paid Search
CUST100235,2024-05-08 12:57:00,1,132.2,602,2,1,1,211,Lost Customers,Mainstream,Email
CUST100236,2024-01-19 14:56:00,1,362.38,712,1,1,3,113,Lost Customers,Mainstream,Direct
CUST100237,2025-12-16 14:39:00,6,1281.7301400000001,15,5,5,5,555,Champions,Budget,Referral
CUST100238,2024-11-05 09:57:00,3,599.07,421,2,3,4,234,At Risk,Premium,Paid Search
CUST100240,2025-12-02 01:59:00,5,552.07519,29,5,4,4,544,Champions,Mainstream,Social Media
CUST100241,2025-12-24 17:39:00,51,11635.82328,7,5,5,5,555,Champions,Budget,Email
CUST100242,2025-09-03 14:29:00,12,3075.74517,119,4,5,5,455,Champions,Budget,Affiliate
CUST100243,2025-12-25 15:32:00,4,705.48222,6,5,4,4,544,Champions,Mainstream,Paid Search
CUST100244,2025-10-01 15:09:00,3,388.68,91,4,3,3,433,Potential Loyalists,Mainstream,Social Media
CUST100245,2025-04-14 06:04:00,10,1980.6865500000001,261,3,5,5,355,Loyal Customers,Mainstream,Affiliate
CUST100246,2023-10-25 14:07:00,1,39.81,798,1,1,1,111,Lost Customers,Budget,Paid Search
CUST100247,2025-11-08 10:30:00,2,480.69780000000003,53,4,2,3,423,Potential Loyalists,Premium,Affiliate
CUST100248,2024-07-12 22:15:00,8,1453.4873,537,2,5,5,255,Loyal Customers,Mainstream,Social Media
CUST100249,2025-08-09 19:51:00,1,84.20830000000001,144,4,1,1,411,New Customers,Premium,Email
CUST100250,2025-10-27 15:35:00,2,222.14,65,4,2,2,422,Potential Loyalists,Budget,Social Media
CUST100251,2023-07-16 12:27:00,1,87.67087000000001,899,1,1,1,111,Lost Customers,Premium,Direct
CUST100252,2024-09-13 06:38:00,1,78.32,474,2,1,1,211,Lost Customers,Mainstream,Direct
CUST100253,2023-06-25 20:19:00,1,27.72,920,1,1,1,111,Lost Customers,Mainstream,Paid Search
CUST100254,2025-12-07 10:38:00,17,4527.49423,24,5,5,5,555,Champions,Budget,Referral
CUST100256,2023-09-03 16:31:00,1,479.95,850,1,1,3,113,Lost Customers,Premium,Organic Search
CUST100257,2025-11-02 18:29:00,18,3528.1028,59,4,5,5,455,Champions,Mainstream,Social Media
CUST100258,2025-12-01 18:47:00,2,726.66543,30,5,2,4,524,Potential Loyalists,Mainstream,Email
CUST100259,2025-06-01 07:02:00,1,222.71,213,3,1,2,312,Others,Mainstream,Organic Search
CUST100260,2024-11-30 08:40:00,3,689.69956,396,2,3,4,234,At Risk,Mainstream,Organic Search
CUST100261,2025-05-12 10:25:00,3,318.42999999999995,233,3,3,3,333,At Risk,Mainstream,Paid Search
CUST100262,2025-04-26 05:27:00,3,422.10348,249,3,3,3,333,At Risk,Premium,Organic Search
CUST100263,2023-11-18 16:36:00,1,212.64216000000002,774,1,1,2,112,Lost Customers,Budget,Paid Search
CUST100265,2025-09-17 23:56:00,1,117.8,104,4,1,1,411,New Customers,Mainstream,Direct
CUST100266,2023-10-01 16:12:00,2,525.49,822,1,2,3,123,Lost Customers,Budget,Organic Search
CUST100267,2025-03-10 23:09:00,2,581.51,295,3,2,4,324,Others,Budget,Direct
CUST100269,2025-09-03 17:03:00,2,461.67768,119,4,2,3,423,Potential Loyalists,Mainstream,Social Media
CUST100270,2024-12-28 08:09:00,3,878.75248,368,2,3,4,234,At Risk,Budget,Paid Search
CUST100271,2025-12-08 20:39:00,5,804.7119600000001,23,5,4,4,544,Champions,Budget,Paid Search
CUST100272,2024-06-30 19:03:00,2,660.63,549,2,2,4,224,Lost Customers,Mainstream,Email
CUST100273,2025-04-23 18:35:00,8,1506.65219,252,3,5,5,355,Loyal Customers,Budget,Organic Search
CUST100275,2025-11-22 11:37:00,1,197.07,39,5,1,2,512,New Customers,Mainstream,Organic Search
CUST100277,2023-07-30 09:15:00,2,342.66425,885,1,2,3,123,Lost Customers,Budget,Organic Search
CUST100279,2025-03-03 20:49:00,1,148.67999999999998,303,3,1,1,311,Others,Mainstream,Organic Search
CUST100280,2024-12-08 03:37:00,1,148.49,388,2,1,1,211,Lost Customers,Mainstream,Social Media
CUST100281,2024-09-05 04:50:00,2,306.51806,482,2,2,2,222,Lost Customers,Budget,Affiliate
CUST100282,2025-07-25 18:37:00,6,1035.45614,159,4,5,5,455,Champions,Mainstream,Paid Search
CUST100283,2024-09-20 06:00:00,5,1307.88098,467,2,4,5,245,Loyal Customers,Mainstream,Organic Search
CUST100284,2025-11-05 08:32:00,10,2366.49392,56,4,5,5,455,Champions,Mainstream,Social Media
CUST100285,2023-09-15 16:24:00,1,207.51,838,1,1,2,112,Lost Customers,Budget,Affiliate
CUST100286,2025-05-17 03:50:00,1,28.794249999999998,228,3,1,1,311,Others,Budget,Paid Search
CUST100287,2023-02-12 02:18:00,1,19.08,1053,1,1,1,111,Lost Customers,Mainstream,Referral
CUST100289,2025-09-03 12:27:00,2,171.47008,119,4,2,2,422,Potential Loyalists,Premium,Organic Search
CUST100292,2025-12-07 10:41:00,1,34.28,24,5,1,1,511,New Customers,Mainstream,Paid Search
CUST100293,2023-04-12 19:44:00,2,184.07999999999998,994,1,2,2,122,Lost Customers,Mainstream,Organic Search
CUST100294,2025-05-28 18:48:00,3,566.99,217,3,3,4,334,At Risk,Budget,Organic Search
CUST100295,2023-12-13 17:13:00,2,356.38,749,1,2,3,123,Lost Customers,Mainstream,Organic Search
CUST100297,2025-12-04 09:13:00,3,1048.71,27,5,3,5,535,Potential Loyalists,Budget,Email
CUST100298,2025-12-12 08:23:00,2,505.96000000000004,19,5,2,3,523,Potential Loyalists,Mainstream,Direct
CUST100299,2025-07-01 17:10:00,6,1048.0759699999999,183,3,5,5,355,Loyal Customers,Mainstream,Social Media
CUST100300,2024-03-25 20:36:00,1,100.47460000000001,646,1,1,1,111,Lost Customers,Budget,Organic Search
CUST100301,2024-11-21 03:33:00,1,56.94,405,2,1,1,211,Lost Customers,Mainstream,Paid Search
CUST100304,2025-12-13 03:47:00,4,733.42083,18,5,4,4,544,Champions,Budget,Organic Search
CUST100306,2025-10-21 18:06:00,1,116.28,71,4,1,1,411,New Customers,Mainstream,Referral
CUST100307,2025-03-02 11:12:00,7,1290.63223,304,3,5,5,355,Loyal Customers,Mainstream,Paid Search
CUST100308,2025-10-13 23:19:00,12,1380.45764,78,4,5,5,455,Champions,Mainstream,Email
CUST100310,2025-05-28 03:16:00,2,298.62388000000004,217,3,2,2,322,Others,Premium,Referral
CUST100311,2025-09-16 01:09:00,2,99.92696,106,4,2,1,421,Potential Loyalists,Budget,Referral
CUST100312,2025-11-21 23:21:00,5,766.70719,39,5,4,4,544,Champions,Premium,Referral
CUST100314,2025-11-23 04:48:00,5,1323.69808,38,5,4,5,545,Champions,Budget,Social Media
CUST100317,2025-09-15 03:21:00,3,561.4721,107,4,3,4,434,Potential Loyalists,Premium,Affiliate
CUST100318,2025-03-05 22:55:00,5,1529.84,301,3,4,5,345,Loyal Customers,Mainstream,Paid Search
CUST100319,2023-04-23 06:47:00,1,159.99,983,1,1,2,112,Lost Customers,Mainstream,Social Media
CUST100320,2025-02-17 07:15:00,3,499.94,317,3,3,3,333,At Risk,Budget,Paid Search
CUST100322,2023-10-07 18:54:00,2,347.04999999999995,816,1,2,3,123,Lost Customers,Premium,Social Media
CUST100324,2025-11-12 07:37:00,1,748.74,49,5,1,4,514,New Customers,Mainstream,Email
CUST100325,2025-07-18 01:43:00,1,370.32000000000005,166,3,1,3,313,Others,Budget,Affiliate
CUST100326,2025-11-30 04:38:00,5,658.77145,31,5,4,4,544,Champions,Budget,Direct
CUST100327,2025-10-30 13:15:00,10,2010.0895,62,4,5,5,455,Champions,Premium,Affiliate
CUST100328,2025-11-06 14:56:00,2,98.44,55,4,2,1,421,Potential Loyalists,Budget,Paid Search
CUST100329,2025-09-28 14:29:00,6,1297.77239,94,4,5,5,455,Champions,Budget,Affiliate
CUST100330,2024-09-24 10:22:00,3,740.0079000000001,463,2,3,4,234,At Risk,Mainstream,Organic Search
CUST100331,2024-03-02 09:32:00,1,121.73,669,1,1,1,111,Lost Customers,Premium,Paid Search
CUST100333,2025-11-04 10:43:00,12,2851.8550099999998,57,4,5,5,455,Champions,Mainstream,Organic Search
CUST100334,2025-10-05 15:31:00,3,702.1800000000001,87,4,3,4,434,Potential Loyalists,Budget,Referral
CUST100335,2025-04-15 20:42:00,5,1113.71296,260,3,4,5,345,Loyal Customers,Mainstream,Paid Search
CUST100336,2024-02-18 04:10:00,3,488.79,682,1,3,3,133,Others,Budget,Social Media
CUST100337,2025-09-02 18:37:00,4,526.08786,120,4,4,3,443,Loyal Customers,Premium,Organic Search
CUST100338,2025-08-12 20:55:00,3,433.86,141,4,3,3,433,Potential Loyalists,Mainstream,Paid Search
CUST100339,2023-12-05 20:22:00,1,587.63,757,1,1,4,114,Lost Customers,Premium,Direct
CUST100340,2024-06-01 23:10:00,1,37.9,577,2,1,1,211,Lost Customers,Mainstream,Social Media
CUST100342,2025-05-19 10:31:00,1,65.69,226,3,1,1,311,Others,Mainstream,Referral
CUST100343,2025-12-08 22:08:00,3,453.19536,23,5,3,3,533,Potential Loyalists,Mainstream,Direct
CUST100344,2024-09-09 07:53:00,2,527.48,478,2,2,3,223,Lost Customers,Budget,Social Media
CUST100345,2025-11-20 20:08:00,5,928.43688,41,5,4,4,544,Champions,Premium,Paid Search
CUST100347,2025-09-06 21:04:00,18,3566.3237599999998,116,4,5,5,455,Champions,Mainstream,Organic Search
CUST100348,2024-11-27 21:42:00,3,440.59458,399,2,3,3,233,At Risk,Mainstream,Paid Search
CUST100349,2025-09-05 09:02:00,1,411.4,117,4,1,3,413,New Customers,Mainstream,Paid Search
CUST100350,2025-10-26 07:42:00,6,1118.47192,66,4,5,5,455,Champions,Mainstream,Paid Search
CUST100351,2025-12-19 09:00:00,22,3700.79097,12,5,5,5,555,Champions,Mainstream,Affiliate
CUST100352,2025-06-20 04:39:00,5,805.61185,194,3,4,4,344,Loyal Customers,Mainstream,Affiliate
CUST100353,2025-09-09 03:36:00,2,425.1,113,4,2,3,423,Potential Loyalists,Mainstream,Social Media
CUST100355,2025-11-10 19:53:00,4,1320.5820899999999,51,5,4,5,545,Champions,Mainstream,Direct
CUST100356,2025-05-13 03:30:00,6,1046.1145,232,3,5,5,355,Loyal Customers,Premium,Social Media
CUST100357,2025-12-20 06:09:00,3,419.64284000000004,11,5,3,3,533,Potential Loyalists,Mainstream,Email
CUST100358,2025-11-30 06:24:00,3,853.55476,31,5,3,4,534,Potential Loyalists,Budget,Affiliate
CUST100359,2025-05-17 06:32:00,5,1271.10015,228,3,4,5,345,Loyal Customers,Mainstream,Paid Search
CUST100360,2024-11-12 13:00:00,1,92.62314,414,2,1,1,211,Lost Customers,Premium,Paid Search
CUST100363,2023-09-01 22:29:00,2,222.09,852,1,2,2,122,Lost Customers,Premium,Paid Search
CUST100364,2025-10-19 07:31:00,1,96.83,73,4,1,1,411,New Customers,Budget,Organic Search
CUST100365,2023-07-13 15:10:00,2,438.05226999999996,902,1,2,3,123,Lost Customers,Premium,Email
CUST100366,2025-02-10 15:53:00,2,520.7,324,3,2,3,323,Others,Premium,Social Media
CUST100367,2025-12-13 02:28:00,3,673.7326,18,5,3,4,534,Potential Loyalists,Mainstream,Direct
CUST100368,2025-04-12 17:59:00,4,495.35353,263,3,4,3,343,Loyal Customers,Premium,Direct
CUST100369,2025-12-07 17:41:00,20,3241.25048,24,5,5,5,555,Champions,Mainstream,Social Media
CUST100370,2025-10-24 18:16:00,14,4207.1065100000005,68,4,5,5,455,Champions,Mainstream,Email
CUST100371,2025-07-20 12:25:00,2,1131.83416,164,3,2,5,325,Others,Premium,Email
CUST100372,2025-11-11 11:54:00,22,4177.83284,50,5,5,5,555,Champions,Budget,Paid Search
CUST100373,2024-11-30 03:48:00,2,506.49639,396,2,2,3,223,Lost Customers,Budget,Social Media
CUST100377,2025-04-02 12:25:00,3,306.50711,273,3,3,2,332,At Risk,Premium,Paid Search
CUST100378,2025-12-07 18:58:00,14,2408.9357099999997,24,5,5,5,555,Champions,Premium,Direct
CUST100379,2023-07-09 03:15:00,1,56.975570000000005,906,1,1,1,111,Lost Customers,Premium,Email
CUST100380,2025-11-30 07:40:00,3,227.64087,31,5,3,2,532,Potential Loyalists,Mainstream,Paid Search
CUST100381,2025-08-04 05:07:00,3,268.49685,149,4,3,2,432,Potential Loyalists,Premium,Organic Search
CUST100382,2025-07-06 13:29:00,1,192.13,178,3,1,2,312,Others,Budget,Direct
CUST100383,2025-04-03 10:17:00,2,286.67434000000003,272,3,2,2,322,Others,Mainstream,Organic Search
CUST100385,2025-11-17 20:16:00,9,2276.22169,44,5,5,5,555,Champions,Budget,Social Media
CUST100386,2025-05-01 17:46:00,6,1455.01512,244,3,5,5,355,Loyal Customers,Budget,Social Media
CUST100387,2025-08-20 20:26:00,2,373.86,133,4,2,3,423,Potential Loyalists,Budget,Social Media
CUST100388,2025-04-24 05:56:00,2,549.6099999999999,251,3,2,4,324,Others,Premium,Social Media
CUST100389,2025-09-03 22:51:00,5,878.92205,119,4,4,4,444,Champions,Mainstream,Direct
CUST100390,2025-10-20 22:02:00,36,7810.46958,72,4,5,5,455,Champions,Premium,Organic Search
CUST100392,2025-11-21 04:34:00,4,828.42276,40,5,4,4,544,Champions,Mainstream,Organic Search
CUST100393,2025-10-17 12:25:00,2,109.86880000000001,75,4,2,1,421,Potential Loyalists,Budget,Referral
CUST100394,2025-06-13 06:18:00,10,2126.18275,201,3,5,5,355,Loyal Customers,Premium,Social Media
CUST100395,2023-07-20 07:25:00,1,84.99,895,1,1,1,111,Lost Customers,Budget,Referral
CUST100397,2023-05-04 02:16:00,1,303.9,972,1,1,2,112,Lost Customers,Premium,Social Media
CUST100398,2025-01-28 00:17:00,2,495.45000000000005,337,3,2,3,323,Others,Mainstream,Direct
CUST100399,2025-07-02 15:53:00,1,309.62,182,3,1,3,313,Others,Premium,Social Media
CUST100402,2025-08-31 10:51:00,2,276.47,122,4,2,2,422,Potential Loyalists,Budget,Referral
CUST100403,2023-11-04 22:13:00,1,118.79,788,1,1,1,111,Lost Customers,Mainstream,Organic Search
CUST100405,2025-11-25 17:45:00,11,2004.02934,36,5,5,5,555,Champions,Mainstream,Organic Search
CUST100406,2025-04-27 22:28:00,1,338.58,248,3,1,3,313,Others,Premium,Organic Search
CUST100408,2025-03-08 05:31:00,1,52.95,298,3,1,1,311,Others,Premium,Organic Search
CUST100409,2023-06-08 21:12:00,1,424.22,937,1,1,3,113,Lost Customers,Mainstream,Paid Search
CUST100410,2025-10-08 08:01:00,5,637.21567,84,4,4,4,444,Champions,Budget,Referral
CUST100411,2024-07-23 09:28:00,3,196.411,526,2,3,2,232,At Risk,Mainstream,Social Media
CUST100413,2025-11-01 01:58:00,8,1475.0718,60,4,5,5,455,Champions,Mainstream,Organic Search
CUST100414,2025-12-20 00:16:00,3,950.46,11,5,3,4,534,Potential Loyalists,Premium,Email
CUST100415,2025-10-24 14:59:00,2,510.9,68,4,2,3,423,Potential Loyalists,Mainstream,Social Media
CUST100417,2024-03-07 01:39:00,2,327.515,664,1,2,3,123,Lost Customers,Budget,Social Media
CUST100418,2025-11-07 01:14:00,7,1004.23254,54,4,5,4,454,Champions,Mainstream,Direct
CUST100419,2025-02-21 19:32:00,3,620.36,313,3,3,4,334,At Risk,Budget,Paid Search
CUST100422,2023-11-23 20:23:00,1,11.68,769,1,1,1,111,Lost Customers,Mainstream,Organic Search
CUST100423,2025-04-04 16:01:00,1,379.13,271,3,1,3,313,Others,Premium,Affiliate
CUST100425,2024-05-18 15:45:00,4,386.72,592,2,4,3,243,Loyal Customers,Mainstream,Paid Search
CUST100426,2025-05-05 03:46:00,1,60.04,240,3,1,1,311,Others,Budget,Paid Search
CUST100427,2025-09-18 23:48:00,2,624.82345,103,4,2,4,424,Potential Loyalists,Budget,Direct
CUST100429,2025-06-29 00:23:00,1,149.63,185,3,1,1,311,Others,Budget,Affiliate
CUST100430,2025-11-22 14:36:00,1,136.37,39,5,1,1,511,New Customers,Premium,Organic Search
CUST100431,2025-06-21 17:48:00,2,377.22535000000005,193,3,2,3,323,Others,Premium,Organic Search
CUST100432,2025-11-20 13:26:00,8,1117.06,41,5,5,5,555,Champions,Premium,Paid Search
CUST100434,2025-04-17 11:55:00,1,180.07863,258,3,1,2,312,Others,Mainstream,Paid Search
CUST100435,2025-09-29 22:40:00,1,276.7,93,4,1,2,412,New Customers,Mainstream,Social Media
CUST100436,2024-07-10 07:29:00,4,1608.76,539,2,4,5,245,Loyal Customers,Budget,Direct
CUST100437,2025-12-10 15:59:00,6,790.39117,21,5,5,4,554,Champions,Mainstream,Organic Search
CUST100438,2024-02-29 10:29:00,2,636.98335,671,1,2,4,124,Lost Customers,Premium,Email
CUST100440,2025-03-01 10:11:00,5,936.90677,305,3,4,4,344,Loyal Customers,Premium,Email
CUST100442,2024-11-19 08:38:00,3,467.08195,407,2,3,3,233,At Risk,Premium,Email
CUST100443,2025-10-26 18:51:00,2,378.08189999999996,66,4,2,3,423,Potential Loyalists,Premium,Referral
CUST100444,2025-08-14 01:43:00,4,538.88,139,4,4,3,443,Loyal Customers,Mainstream,Direct
CUST100445,2025-12-07 15:36:00,5,563.6831199999999,24,5,4,4,544,Champions,Budget,Direct
CUST100446,2025-10-29 08:55:00,3,359.16463999999996,63,4,3,3,433,Potential Loyalists,Mainstream,Organic Search
CUST100448,2024-07-16 08:57:00,4,446.71,533,2,4,3,243,Loyal Customers,Budget,Paid Search
CUST100449,2025-04-12 14:05:00,3,665.83,263,3,3,4,334,At Risk,Premium,Referral
CUST100450,2024-12-25 12:42:00,2,252.65,371,2,2,2,222,Lost Customers,Premium,Paid Search
CUST100451,2025-11-16 08:43:00,8,2580.91788,45,5,5,5,555,Champions,Premium,Direct
CUST100453,2024-03-22 06:06:00,1,56.97449999999999,649,1,1,1,111,Lost Customers,Mainstream,Paid Search
CUST100455,2023-02-28 01:27:00,2,272.38948,1037,1,2,2,122,Lost Customers,Mainstream,Social Media
CUST100456,2025-08-24 15:49:00,1,38.65,129,4,1,1,411,New Customers,Mainstream,Social Media
CUST100457,2025-07-08 16:52:00,3,550.16,176,3,3,4,334,At Risk,Premium,Social Media
CUST100458,2023-11-14 18:36:00,2,432.17,778,1,2,3,123,Lost Customers,Mainstream,Paid Search
CUST100459,2025-06-02 14:29:00,6,975.5961500000001,212,3,5,4,354,Loyal Customers,Premium,Direct
CUST100460,2025-03-24 08:36:00,7,892.1752799999999,282,3,5,4,354,Loyal Customers,Budget,Email
CUST100461,2023-10-17 07:35:00,1,128.51,806,1,1,1,111,Lost Customers,Mainstream,Paid Search
CUST100462,2023-09-12 22:59:00,1,195.44,841,1,1,2,112,Lost Customers,Mainstream,Paid Search
CUST100463,2025-12-08 12:25:00,4,847.8962300000001,23,5,4,4,544,Champions,Mainstream,Referral
CUST100466,2025-05-13 00:14:00,2,301.03,232,3,2,2,322,Others,Budget,Social Media
CUST100467,2023-10-10 23:32:00,1,37.06311,812,1,1,1,111,Lost Customers,Premium,Affiliate
CUST100468,2025-03-26 14:28:00,2,572.3901900000001,280,3,2,4,324,Others,Mainstream,Referral
CUST100469,2025-02-23 18:04:00,4,398.97895,311,3,4,3,343,Loyal Customers,Mainstream,Direct
CUST100470,2023-01-19 16:06:00,1,220.59,1077,1,1,2,112,Lost Customers,Premium,Referral
CUST100471,2024-07-19 14:13:00,4,305.34915,530,2,4,2,242,Loyal Customers,Mainstream,Social Media
CUST100472,2024-02-14 21:44:00,1,37.9,686,1,1,1,111,Lost Customers,Mainstream,Paid Search
CUST100473,2025-04-04 19:14:00,3,406.97141,271,3,3,3,333,At Risk,Budget,Referral
CUST100475,2025-05-17 14:10:00,2,321.84436,228,3,2,3,323,Others,Mainstream,Social Media
CUST100476,2025-10-22 18:01:00,1,86.17,70,4,1,1,411,New Customers,Mainstream,Social Media
CUST100477,2025-12-25 18:31:00,9,1531.7174,6,5,5,5,555,Champions,Mainstream,Organic Search
CUST100478,2025-03-02 16:08:00,1,64.71,304,3,1,1,311,Others,Budget,Organic Search
CUST100480,2024-07-09 06:40:00,2,455.96000000000004,540,2,2,3,223,Lost Customers,Mainstream,Organic Search
CUST100481,2023-04-08 04:19:00,1,166.35,998,1,1,2,112,Lost Customers,Mainstream,Social Media
CUST100482,2023-02-18 23:06:00,1,160.73,1047,1,1,2,112,Lost Customers,Budget,Direct
CUST100483,2025-07-22 09:36:00,2,1833.7980499999999,162,3,2,5,325,Others,Premium,Social Media
CUST100484,2023-12-07 20:00:00,2,82.3934,755,1,2,1,121,Lost Customers,Budget,Direct
CUST100486,2025-12-09 15:08:00,4,848.50392,22,5,4,4,544,Champions,Mainstream,Paid Search
CUST100487,2025-07-17 12:10:00,7,1253.8700000000001,167,3,5,5,355,Loyal Customers,Mainstream,Social Media
CUST100488,2025-02-05 23:16:00,2,248.02884000000003,328,3,2,2,322,Others,Mainstream,Organic Search
CUST100489,2024-01-12 18:55:00,1,86.17,719,1,1,1,111,Lost Customers,Budget,Direct
CUST100491,2025-11-26 07:35:00,1,71.6937,35,5,1,1,511,New Customers,Budget,Paid Search
CUST100492,2025-05-18 18:44:00,1,285.61,227,3,1,2,312,Others,Budget,Paid Search
CUST100493,2023-03-28 16:47:00,1,214.85,1009,1,1,2,112,Lost Customers,Mainstream,Email
CUST100494,2024-03-12 19:50:00,1,148.29,659,1,1,1,111,Lost Customers,Mainstream,Paid Search
CUST100496,2025-11-20 02:44:00,21,3704.4409800000003,41,5,5,5,555,Champions,Mainstream,Direct
CUST100497,2025-10-12 01:44:00,1,60.21,80,4,1,1,411,New Customers,Budget,Paid Search
CUST100498,2025-06-27 06:06:00,2,247.70543,187,3,2,2,322,Others,Premium,Email
CUST100499,2023-06-11 10:46:00,1,34.327540000000006,934,1,1,1,111,Lost Customers,Mainstream,Email
CUST100500,2024-12-04 19:55:00,4,691.6800000000001,392,2,4,4,244,Loyal Customers,Mainstream,Organic Search
CUST100501,2025-12-17 09:34:00,4,829.17,14,5,4,4,544,Champions,Budget,Paid Search
CUST100502,2024-11-03 16:50:00,2,71.67108,423,2,2,1,221,Lost Customers,Mainstream,Paid Search
CUST100503,2025-06-26 11:47:00,6,1123.12246,188,3,5,5,355,Loyal Customers,Mainstream,Affiliate
CUST100505,2025-01-23 19:55:00,2,348.51,342,3,2,3,323,Others,Budget,Organic Search
CUST100506,2025-10-02 00:03:00,4,598.85855,90,4,4,4,444,Champions,Mainstream,Direct
CUST100507,2025-05-09 23:41:00,1,392.61,235,3,1,3,313,Others,Mainstream,Paid Search
CUST100508,2025-08-27 00:30:00,5,828.54,126,4,4,4,444,Champions,Mainstream,Paid Search
CUST100511,2025-10-28 17:59:00,2,505.58,64,4,2,3,423,Potential Loyalists,Mainstream,Organic Search
CUST100512,2025-06-18 05:44:00,4,597.32182,196,3,4,4,344,Loyal Customers,Budget,Email
CUST100514,2023-08-15 14:16:00,1,496.35,869,1,1,3,113,Lost Customers,Budget,Referral
CUST100515,2024-10-19 05:39:00,1,100.8,438,2,1,1,211,Lost Customers,Mainstream,Direct
CUST100516,2024-07-02 18:06:00,1,175.24,547,2,1,2,212,Lost Customers,Budget,Organic Search
CUST100517,2025-02-15 15:30:00,1,190.21,319,3,1,2,312,Others,Budget,Paid Search
CUST100518,2024-03-23 01:32:00,1,106.56354,648,1,1,1,111,Lost Customers,Mainstream,Email
CUST100519,2025-07-23 18:12:00,3,701.49045,161,4,3,4,434,Potential Loyalists,Premium,Organic Search
CUST100520,2024-12-04 18:08:00,2,484.08834,392,2,2,3,223,Lost Customers,Budget,Paid Search
CUST100521,2024-02-25 16:56:00,1,368.3806,675,1,1,3,113,Lost Customers,Budget,Email
CUST100522,2025-11-25 08:18:00,1,60.21,36,5,1,1,511,New Customers,Budget,Social Media
CUST100523,2025-08-02 16:03:00,9,2322.51493,151,4,5,5,455,Champions,Budget,Referral
CUST100524,2023-12-17 14:39:00,1,276.25687,745,1,1,2,112,Lost Customers,Budget,Organic Search
CUST100525,2025-08-11 01:58:00,4,521.87,142,4,4,3,443,Loyal Customers,Premium,Organic Search
CUST100527,2025-11-04 14:10:00,2,347.75,57,4,2,3,423,Potential Loyalists,Budget,Email
CUST100528,2025-09-03 12:00:00,1,110.92,119,4,1,1,411,New Customers,Budget,Organic Search
CUST100529,2025-07-06 19:32:00,2,134.85000000000002,178,3,2,1,321,Others,Budget,Social Media
CUST100530,2023-12-12 05:14:00,1,508.1,750,1,1,3,113,Lost Customers,Mainstream,Paid Search
CUST100531,2024-03-07 06:44:00,1,507.39,664,1,1,3,113,Lost Customers,Budget,Social Media
CUST100533,2024-11-27 15:53:00,3,461.31843000000003,399,2,3,3,233,At Risk,Budget,Paid Search
CUST100534,2024-05-07 19:24:00,2,213.57,603,2,2,2,222,Lost Customers,Mainstream,Social Media
CUST100536,2025-04-20 19:05:00,1,118.79,255,3,1,1,311,Others,Budget,Organic Search
CUST100537,2025-07-21 14:55:00,1,208.22,163,3,1,2,312,Others,Mainstream,Referral
CUST100538,2025-08-01 02:42:00,1,178.0,152,4,1,2,412,New Customers,Mainstream,Social Media
CUST100539,2025-08-05 21:46:00,2,256.3196,148,4,2,2,422,Potential Loyalists,Budget,Paid Search
CUST100540,2025-01-28 02:44:00,1,142.07999999999998,337,3,1,1,311,Others,Premium,Social Media
CUST100541,2025-07-08 11:35:00,7,1528.80677,176,3,5,5,355,Loyal Customers,Mainstream,Paid Search
CUST100542,2025-12-13 05:18:00,5,1467.12563,18,5,4,5,545,Champions,Budget,Organic Search
CUST100543,2024-12-04 07:03:00,1,109.44945000000001,392,2,1,1,211,Lost Customers,Mainstream,Referral
CUST100544,2024-08-09 16:17:00,1,332.32,509,2,1,3,213,Lost Customers,Mainstream,Organic Search
CUST100546,2024-03-31 22:19:00,1,77.11,640,1,1,1,111,Lost Customers,Mainstream,Social Media
CUST100549,2023-04-10 00:47:00,1,315.86,996,1,1,3,113,Lost Customers,Mainstream,Social Media
CUST100550,2023-02-25 02:30:00,2,530.9200000000001,1040,1,2,3,123,Lost Customers,Mainstream,Paid Search
CUST100551,2025-06-16 16:57:00,12,1923.55982,198,3,5,5,355,Loyal Customers,Mainstream,Paid Search
CUST100553,2024-07-01 12:01:00,2,523.04148,548,2,2,3,223,Lost Customers,Budget,Email
CUST100555,2023-04-06 18:54:00,1,24.74,1000,1,1,1,111,Lost Customers,Mainstream,Affiliate
CUST100556,2024-04-25 13:59:00,2,195.57,615,1,2,2,122,Lost Customers,Mainstream,Social Media
CUST100557,2025-02-18 09:08:00,1,318.43,316,3,1,3,313,Others,Mainstream,Direct
CUST100558,2023-11-21 23:33:00,1,11.23044,770,1,1,1,111,Lost Customers,Mainstream,Organic Search
CUST100559,2025-01-17 03:09:00,2,782.58528,348,3,2,4,324,Others,Mainstream,Organic Search
CUST100560,2024-06-15 10:30:00,1,79.75,564,2,1,1,211,Lost Customers,Mainstream,Referral
CUST100561,2025-04-06 20:37:00,2,118.0,269,3,2,1,321,Others,Premium,Organic Search
CUST100562,2025-08-29 09:48:00,1,161.45,124,4,1,2,412,New Customers,Premium,Social Media
CUST100563,2025-07-29 02:54:00,11,1820.09128,155,4,5,5,455,Champions,Premium,Direct
CUST100564,2025-09-15 00:51:00,4,623.7735,107,4,4,4,444,Champions,Premium,Email
CUST100565,2025-09-23 02:48:00,4,782.5899999999999,99,4,4,4,444,Champions,Premium,Direct
CUST100568,2025-06-13 22:03:00,1,255.56,201,3,1,2,312,Others,Mainstream,Email
CUST100569,2025-08-27 12:49:00,3,449.86055999999996,126,4,3,3,433,Potential Loyalists,Mainstream,Email
CUST100570,2024-04-10 12:21:00,3,742.54,630,1,3,4,134,Others,Premium,Social Media
CUST100571,2025-03-20 08:50:00,3,620.2299999999999,286,3,3,4,334,At Risk,Budget,Referral
CUST100572,2025-12-29 18:30:00,11,2264.79102,2,5,5,5,555,Champions,Budget,Direct
CUST100574,2025-11-22 19:13:00,4,1487.88032,39,5,4,5,545,Champions,Budget,Paid Search
CUST100575,2025-02-23 21:29:00,2,514.429,311,3,2,3,323,Others,Mainstream,Paid Search
CUST100576,2025-12-24 07:02:00,4,687.3506,7,5,4,4,544,Champions,Budget,Paid Search
CUST100577,2024-04-19 16:34:00,1,77.16,621,1,1,1,111,Lost Customers,Budget,Email
CUST100578,2025-07-23 11:53:00,2,147.00385999999997,161,4,2,1,421,Potential Loyalists,Mainstream,Organic Search
CUST100581,2025-12-05 23:50:00,3,357.12716,25,5,3,3,533,Potential Loyalists,Budget,Direct
CUST100582,2025-10-24 01:28:00,2,309.58,68,4,2,3,423,Potential Loyalists,Premium,Social Media
CUST100583,2025-01-22 19:57:00,4,1573.58998,343,3,4,5,345,Loyal Customers,Budget,Social Media
CUST100584,2025-05-24 00:06:00,4,871.75605,221,3,4,4,344,Loyal Customers,Mainstream,Organic Search
CUST100586,2024-08-11 02:08:00,3,607.4054,507,2,3,4,234,At Risk,Premium,Organic Search
CUST100587,2025-12-13 06:12:00,6,713.09797,18,5,5,4,554,Champions,Mainstream,Paid Search
CUST100589,2025-12-09 12:26:00,4,480.28,22,5,4,3,543,Loyal Customers,Premium,Social Media
CUST100590,2024-11-29 14:57:00,2,466.16385,397,2,2,3,223,Lost Customers,Mainstream,Organic Search
CUST100591,2024-06-30 10:05:00,1,109.82,549,2,1,1,211,Lost Customers,Mainstream,Email
CUST100592,2025-10-18 13:36:00,3,456.19,74,4,3,3,433,Potential Loyalists,Mainstream,Social Media
CUST100593,2025-05-12 22:31:00,3,580.61348,233,3,3,4,334,At Risk,Premium,Organic Search
CUST100594,2025-11-24 11:31:00,5,1094.95102,37,5,4,5,545,Champions,Premium,Organic Search
CUST100595,2023-06-09 12:02:00,2,468.90999999999997,936,1,2,3,123,Lost Customers,Mainstream,Paid Search
CUST100597,2024-05-26 03:50:00,1,53.08,584,2,1,1,211,Lost Customers,Mainstream,Organic Search
CUST100598,2025-12-29 21:00:00,2,427.58,2,5,2,3,523,Potential Loyalists,Budget,Paid Search
CUST100599,2025-08-01 17:29:00,9,1450.78726,152,4,5,5,455,Champions,Mainstream,Direct
CUST100601,2024-03-10 17:09:00,3,338.95867999999996,661,1,3,3,133,Others,Mainstream,Social Media
CUST100602,2025-08-20 16:48:00,1,164.32,133,4,1,2,412,New Customers,Budget,Direct
CUST100604,2025-08-08 05:09:00,2,223.69921,145,4,2,2,422,Potential Loyalists,Budget,Paid Search
CUST100605,2025-11-07 19:27:00,5,373.8121,54,4,4,3,443,Loyal Customers,Mainstream,Social Media
CUST100606,2025-12-28 07:41:00,6,918.30461,3,5,5,4,554,Champions,Premium,Organic Search
CUST100607,2025-01-06 23:23:00,2,416.4927,358,2,2,3,223,Lost Customers,Budget,Social Media
CUST100608,2025-05-24 21:19:00,3,706.7764300000001,221,3,3,4,334,At Risk,Premium,Affiliate
CUST100612,2024-08-24 04:23:00,2,340.48732,494,2,2,3,223,Lost Customers,Budget,Direct
CUST100613,2025-12-23 07:51:00,10,2787.62954,8,5,5,5,555,Champions,Budget,Paid Search
CUST100614,2025-12-15 23:00:00,7,995.9399000000001,16,5,5,4,554,Champions,Premium,Direct
CUST100615,2024-04-22 09:37:00,1,318.96,618,1,1,3,113,Lost Customers,Budget,Paid Search
CUST100616,2025-05-31 23:03:00,1,176.58,214,3,1,2,312,Others,Budget,Referral
CUST100617,2025-07-30 22:16:00,1,371.1,154,4,1,3,413,New Customers,Mainstream,Organic Search
CUST100618,2023-11-25 07:11:00,2,619.8303099999999,767,1,2,4,124,Lost Customers,Budget,Organic Search
CUST100619,2025-12-30 22:01:00,7,2291.49201,1,5,5,5,555,Champions,Budget,Paid Search
CUST100621,2023-09-27 21:25:00,1,73.03,826,1,1,1,111,Lost Customers,Mainstream,Paid Search
CUST100622,2023-06-17 13:27:00,1,23.33556,928,1,1,1,111,Lost Customers,Mainstream,Paid Search
CUST100624,2024-03-14 16:50:00,2,183.44,657,1,2,2,122,Lost Customers,Budget,Social Media
CUST100625,2025-11-07 14:53:00,12,2297.80256,54,4,5,5,455,Champions,Mainstream,Organic Search
CUST100626,2023-07-13 03:38:00,4,742.3499999999999,902,1,4,4,144,Loyal Customers,Premium,Email
CUST100627,2023-07-25 19:55:00,1,174.8879,890,1,1,2,112,Lost Customers,Mainstream,Referral
CUST100629,2024-07-16 01:33:00,2,449.1,533,2,2,3,223,Lost Customers,Mainstream,Social Media
CUST100630,2023-11-01 22:54:00,2,980.3399999999999,791,1,2,4,124,Lost Customers,Premium,Organic Search
CUST100631,2025-11-18 10:03:00,7,910.9182000000001,43,5,5,4,554,Champions,Mainstream,Affiliate
CUST100632,2025-06-19 20:07:00,2,500.29295,195,3,2,3,323,Others,Budget,Affiliate
CUST100633,2024-09-30 16:45:00,2,227.86574000000002,457,2,2,2,222,Lost Customers,Mainstream,Affiliate
CUST100634,2023-07-30 04:45:00,2,439.64,885,1,2,3,123,Lost Customers,Budget,Email
CUST100635,2025-09-23 18:27:00,1,118.79,99,4,1,1,411,New Customers,Premium,Email
CUST100636,2025-12-07 16:33:00,6,585.7024,24,5,5,4,554,Champions,Mainstream,Affiliate
CUST100638,2025-12-19 01:12:00,1,126.19225999999999,12,5,1,1,511,New Customers,Mainstream,Paid Search
CUST100639,2024-12-20 22:36:00,1,26.0568,376,2,1,1,211,Lost Customers,Premium,Affiliate
CUST100641,2023-10-22 00:49:00,1,139.68,801,1,1,1,111,Lost Customers,Mainstream,Paid Search
CUST100643,2025-01-24 22:53:00,1,165.92000000000002,341,3,1,2,312,Others,Premium,Direct
CUST100645,2025-10-22 11:00:00,1,64.84455,70,4,1,1,411,New Customers,Mainstream,Email
CUST100646,2025-09-27 11:54:00,2,329.67962,95,4,2,3,423,Potential Loyalists,Budget,Paid Search
CUST100647,2025-09-19 04:13:00,1,106.04,103,4,1,1,411,New Customers,Premium,Paid Search
CUST100648,2025-09-11 14:24:00,10,943.08272,111,4,5,4,454,Champions,Budget,Referral
CUST100649,2024-08-12 04:41:00,4,1053.95664,506,2,4,5,245,Loyal Customers,Mainstream,Affiliate
CUST100650,2025-04-28 19:09:00,3,629.8099,247,3,3,4,334,At Risk,Mainstream,Social Media
CUST100651,2025-05-31 21:09:00,6,1321.79143,214,3,5,5,355,Loyal Customers,Premium,Paid Search
CUST100655,2023-05-20 13:31:00,1,214.85,956,1,1,2,112,Lost Customers,Mainstream,Organic Search
CUST100656,2025-04-27 13:21:00,2,86.967,248,3,2,1,321,Others,Budget,Affiliate
CUST100657,2025-06-12 13:21:00,5,973.70888,202,3,4,4,344,Loyal Customers,Budget,Direct
CUST100658,2025-01-20 17:17:00,5,833.3904299999999,345,3,4,4,344,Loyal Customers,Premium,Social Media
CUST100661,2025-11-24 05:57:00,4,550.34081,37,5,4,4,544,Champions,Premium,Paid Search
CUST100662,2025-03-01 17:43:00,4,767.97174,305,3,4,4,344,Loyal Customers,Premium,Direct
CUST100663,2025-11-04 09:36:00,4,1065.1884,57,4,4,5,445,Champions,Mainstream,Organic Search
CUST100665,2025-06-07 22:54:00,3,482.55240000000003,207,3,3,3,333,At Risk,Mainstream,Organic Search
CUST100666,2023-09-08 11:36:00,1,64.71,845,1,1,1,111,Lost Customers,Mainstream,Organic Search
CUST100667,2023-08-27 20:16:00,1,89.0,857,1,1,1,111,Lost Customers,Budget,Email
CUST100668,2025-03-06 06:26:00,1,118.79,300,3,1,1,311,Others,Premium,Social Media
CUST100672,2025-10-23 00:07:00,1,378.78,69,4,1,3,413,New Customers,Premium,Affiliate
CUST100673,2025-08-17 01:47:00,5,875.5873700000001,136,4,4,4,444,Champions,Budget,Direct
CUST100674,2025-04-02 16:51:00,2,226.10237999999998,273,3,2,2,322,Others,Mainstream,Email
CUST100675,2024-08-03 10:02:00,2,221.22000000000003,515,2,2,2,222,Lost Customers,Mainstream,Affiliate
CUST100676,2024-08-30 19:12:00,1,93.25,488,2,1,1,211,Lost Customers,Premium,Organic Search
CUST100677,2024-09-28 23:42:00,3,1268.71,458,2,3,5,235,At Risk,Mainstream,Paid Search
CUST100678,2025-11-27 16:24:00,3,351.1642,34,5,3,3,533,Potential Loyalists,Mainstream,Paid Search
CUST100679,2025-11-28 20:28:00,4,1303.89422,33,5,4,5,545,Champions,Premium,Direct
CUST100680,2025-06-21 10:35:00,3,310.69,193,3,3,3,333,At Risk,Mainstream,Organic Search
CUST100682,2024-09-22 11:59:00,3,553.82872,465,2,3,4,234,At Risk,Budget,Social Media
CUST100683,2025-11-29 19:57:00,1,223.20999999999998,32,5,1,2,512,New Customers,Mainstream,Paid Search
CUST100684,2025-08-25 06:07:00,9,1860.52981,128,4,5,5,455,Champions,Mainstream,Social Media
CUST100685,2025-11-06 13:04:00,10,2150.84801,55,4,5,5,455,Champions,Budget,Social Media
CUST100686,2025-06-07 12:40:00,4,1213.1399999999999,207,3,4,5,345,Loyal Customers,Mainstream,Social Media
CUST100687,2023-10-15 19:20:00,2,359.33000000000004,808,1,2,3,123,Lost Customers,Premium,Direct
CUST100688,2024-12-14 20:21:00,3,419.23714,382,2,3,3,233,At Risk,Mainstream,Email
CUST100690,2025-01-24 22:44:00,2,538.16948,341,3,2,3,323,Others,Budget,Email
CUST100691,2025-09-12 02:45:00,3,512.5799999999999,110,4,3,3,433,Potential Loyalists,Budget,Organic Search
CUST100692,2025-08-30 21:00:00,2,304.8114,123,4,2,2,422,Potential Loyalists,Premium,Direct
CUST100693,2024-05-01 20:29:00,4,803.04575,609,2,4,4,244,Loyal Customers,Mainstream,Organic Search
CUST100694,2025-11-02 18:57:00,2,586.0799999999999,59,4,2,4,424,Potential Loyalists,Budget,Email
CUST100696,2024-04-16 17:56:00,2,325.08177,624,1,2,3,123,Lost Customers,Budget,Paid Search
CUST100697,2024-03-17 01:35:00,3,402.4666,654,1,3,3,133,Others,Mainstream,Email
CUST100698,2024-07-29 08:40:00,1,28.7527,520,2,1,1,211,Lost Customers,Budget,Organic Search
CUST100700,2025-09-11 04:39:00,4,1079.3732599999998,111,4,4,5,445,Champions,Mainstream,Social Media
CUST100701,2025-12-08 07:17:00,4,622.73417,23,5,4,4,544,Champions,Mainstream,Paid Search
CUST100702,2025-12-16 00:54:00,8,1109.93865,15,5,5,5,555,Champions,Mainstream,Paid Search
CUST100703,2024-12-06 03:20:00,3,766.0324,390,2,3,4,234,At Risk,Premium,Email
CUST100704,2025-11-03 09:07:00,1,185.55,58,4,1,2,412,New Customers,Budget,Social Media
CUST100705,2023-08-17 23:40:00,2,268.53000000000003,866,1,2,2,122,Lost Customers,Budget,Social Media
CUST100706,2024-08-15 21:52:00,1,89.0,503,2,1,1,211,Lost Customers,Premium,Paid Search
CUST100707,2024-10-01 12:10:00,5,570.88038,456,2,4,4,244,Loyal Customers,Premium,Organic Search
CUST100708,2024-10-11 08:37:00,2,145.76445,446,2,2,1,221,Lost Customers,Budget,Email
CUST100709,2025-02-06 02:19:00,3,273.91775,328,3,3,2,332,At Risk,Budget,Direct
CUST100711,2023-09-15 21:20:00,1,53.57988,838,1,1,1,111,Lost Customers,Budget,Social Media
CUST100712,2025-07-06 05:39:00,2,268.07,178,3,2,2,322,Others,Mainstream,Social Media
CUST100713,2025-10-22 18:07:00,4,452.26,70,4,4,3,443,Loyal Customers,Mainstream,Email
CUST100715,2023-09-21 14:04:00,1,197.8,832,1,1,2,112,Lost Customers,Mainstream,Organic Search
CUST100716,2023-11-26 06:11:00,2,1113.46658,766,1,2,5,125,Lost Customers,Premium,Email
CUST100717,2023-03-01 07:54:00,1,238.26,1036,1,1,2,112,Lost Customers,Premium,Organic Search
CUST100718,2025-11-09 14:38:00,1,349.72,52,5,1,3,513,New Customers,Mainstream,Paid Search
CUST100719,2025-05-27 22:48:00,9,1599.43556,218,3,5,5,355,Loyal Customers,Mainstream,Paid Search
CUST100720,2023-06-04 17:12:00,2,178.62,941,1,2,2,122,Lost Customers,Premium,Paid Search
CUST100721,2024-12-17 03:58:00,7,1946.1063499999998,379,2,5,5,255,Loyal Customers,Mainstream,Organic Search
CUST100722,2025-07-29 06:44:00,2,306.56,155,4,2,2,422,Potential Loyalists,Budget,Paid Search
CUST100724,2025-08-22 00:34:00,2,167.74200000000002,131,4,2,2,422,Potential Loyalists,Budget,Paid Search
CUST100727,2023-12-24 18:06:00,1,85.0,738,1,1,1,111,Lost Customers,Budget,Direct
CUST100728,2024-04-25 23:39:00,1,193.13,614,1,1,2,112,Lost Customers,Mainstream,Social Media
CUST100730,2023-09-12 17:56:00,1,163.9715,841,1,1,2,112,Lost Customers,Budget,Organic Search
CUST100732,2025-11-04 11:50:00,6,963.24,57,4,5,4,454,Champions,Premium,Paid Search
CUST100733,2025-12-01 06:46:00,4,420.94764,30,5,4,3,543,Loyal Customers,Budget,Organic Search
CUST100734,2025-09-05 09:21:00,4,543.2854,117,4,4,3,443,Loyal Customers,Budget,Organic Search
CUST100735,2025-06-16 13:29:00,1,199.45457,198,3,1,2,312,Others,Budget,Social Media
CUST100736,2025-09-11 21:52:00,3,422.65,111,4,3,3,433,Potential Loyalists,Mainstream,Email
CUST100737,2023-01-11 05:46:00,1,503.96999999999997,1085,1,1,3,113,Lost Customers,Mainstream,Social Media
CUST100738,2025-12-03 10:35:00,7,1215.96522,28,5,5,5,555,Champions,Premium,Paid Search
CUST100739,2025-10-21 14:18:00,2,396.94,71,4,2,3,423,Potential Loyalists,Mainstream,Paid Search
CUST100740,2025-11-26 01:27:00,11,1859.00189,35,5,5,5,555,Champions,Mainstream,Direct
CUST100741,2024-11-24 00:48:00,2,330.60956000000004,402,2,2,3,223,Lost Customers,Premium,Email
CUST100742,2024-06-30 12:36:00,1,318.27094,549,2,1,3,213,Lost Customers,Budget,Email
CUST100743,2025-11-21 17:37:00,1,66.51,40,5,1,1,511,New Customers,Mainstream,Direct
CUST100744,2025-11-15 01:21:00,3,1096.3700000000001,46,5,3,5,535,Potential Loyalists,Mainstream,Social Media
CUST100745,2025-09-22 19:46:00,2,382.71000000000004,100,4,2,3,423,Potential Loyalists,Mainstream,Paid Search
CUST100746,2024-08-23 02:11:00,3,344.76099999999997,495,2,3,3,233,At Risk,Mainstream,Email
CUST100748,2025-12-08 19:22:00,1,84.366,23,5,1,1,511,New Customers,Premium,Email
CUST100749,2024-11-26 06:49:00,2,240.87307,400,2,2,2,222,Lost Customers,Mainstream,Organic Search
CUST100750,2025-04-01 17:52:00,1,85.98576,274,3,1,1,311,Others,Mainstream,Paid Search
CUST100751,2024-12-01 10:22:00,2,105.1043,395,2,2,1,221,Lost Customers,Premium,Paid Search
CUST100752,2025-10-27 14:02:00,6,640.39822,65,4,5,4,454,Champions,Mainstream,Organic Search
CUST100754,2025-12-30 20:58:00,11,2724.63554,1,5,5,5,555,Champions,Budget,Paid Search
CUST100755,2024-05-27 16:22:00,1,97.92978,583,2,1,1,211,Lost Customers,Budget,Paid Search
CUST100756,2025-08-25 04:21:00,8,1062.8358,128,4,5,5,455,Champions,Budget,Organic Search
CUST100757,2025-11-30 19:07:00,11,2436.76802,31,5,5,5,555,Champions,Budget,Direct
CUST100758,2023-12-04 05:41:00,2,246.1,758,1,2,2,122,Lost Customers,Mainstream,Referral
CUST100761,2025-11-25 06:30:00,3,254.8,36,5,3,2,532,Potential Loyalists,Premium,Social Media
CUST100762,2025-12-13 06:57:00,6,1338.92082,18,5,5,5,555,Champions,Mainstream,Organic Search
CUST100763,2025-08-12 11:13:00,5,1387.50598,141,4,4,5,445,Champions,Mainstream,Paid Search
CUST100764,2025-03-30 01:03:00,4,471.61220000000003,276,3,4,3,343,Loyal Customers,Premium,Paid Search
CUST100765,2023-05-25 08:39:00,1,445.23,951,1,1,3,113,Lost Customers,Mainstream,Direct
CUST100766,2025-05-05 23:05:00,1,64.71,240,3,1,1,311,Others,Premium,Social Media
CUST100767,2025-09-11 12:40:00,2,491.31,111,4,2,3,423,Potential Loyalists,Budget,Paid Search
CUST100769,2023-05-25 09:03:00,1,178.0,951,1,1,2,112,Lost Customers,Budget,Organic Search
CUST100770,2025-11-24 03:06:00,5,876.58744,37,5,4,4,544,Champions,Budget,Social Media
CUST100772,2024-08-02 03:11:00,2,174.8172,516,2,2,2,222,Lost Customers,Mainstream,Direct
CUST100773,2025-07-20 17:55:00,9,1733.0270899999998,164,3,5,5,355,Loyal Customers,Budget,Email
CUST100774,2025-12-01 08:29:00,4,973.8675599999999,30,5,4,4,544,Champions,Mainstream,Direct
CUST100775,2025-10-17 04:10:00,2,67.66202999999999,75,4,2,1,421,Potential Loyalists,Mainstream,Organic Search
CUST100777,2025-10-04 17:45:00,2,331.5,88,4,2,3,423,Potential Loyalists,Mainstream,Direct
CUST100778,2025-09-04 18:26:00,2,573.6886,118,4,2,4,424,Potential Loyalists,Premium,Organic Search
CUST100779,2025-10-11 15:18:00,2,271.88,81,4,2,2,422,Potential Loyalists,Premium,Referral
CUST100780,2024-08-26 14:01:00,3,469.43304,492,2,3,3,233,At Risk,Premium,Affiliate
CUST100782,2025-12-03 23:36:00,2,267.6125,27,5,2,2,522,Potential Loyalists,Budget,Paid Search
CUST100784,2024-11-22 06:46:00,2,1072.4189999999999,404,2,2,5,225,Lost Customers,Mainstream,Email
CUST100786,2024-09-16 12:14:00,2,165.07999999999998,471,2,2,2,222,Lost Customers,Budget,Paid Search
CUST100787,2025-11-25 02:33:00,11,2046.2691399999999,36,5,5,5,555,Champions,Budget,Organic Search
CUST100788,2024-10-31 02:42:00,5,523.94651,426,2,4,3,243,Loyal Customers,Mainstream,Organic Search
CUST100792,2025-12-10 11:58:00,13,2857.14104,21,5,5,5,555,Champions,Mainstream,Social Media
CUST100793,2024-04-20 03:00:00,2,336.91999999999996,620,1,2,3,123,Lost Customers,Premium,Email
CUST100794,2024-07-10 22:01:00,1,126.24739999999998,539,2,1,1,211,Lost Customers,Mainstream,Social Media
CUST100797,2025-06-16 08:45:00,1,60.63,198,3,1,1,311,Others,Mainstream,Paid Search
CUST100800,2025-06-20 03:37:00,1,184.23000000000002,194,3,1,2,312,Others,Budget,Organic Search
CUST100801,2025-11-21 07:19:00,7,1384.15521,40,5,5,5,555,Champions,Mainstream,Social Media
CUST100803,2025-11-05 18:46:00,1,86.17,56,4,1,1,411,New Customers,Budget,Paid Search
CUST100804,2025-01-10 17:38:00,1,19.00044,355,2,1,1,211,Lost Customers,Mainstream,Social Media
CUST100805,2025-08-28 09:53:00,4,687.0793000000001,125,4,4,4,444,Champions,Budget,Paid Search
CUST100806,2025-11-08 12:16:00,1,31.62,53,4,1,1,411,New Customers,Budget,Direct
CUST100807,2025-04-04 12:24:00,5,448.14,271,3,4,3,343,Loyal Customers,Premium,Social Media
CUST100808,2025-08-16 19:12:00,10,1990.68695,137,4,5,5,455,Champions,Mainstream,Direct
CUST100809,2025-05-09 03:58:00,2,880.2645600000001,236,3,2,4,324,Others,Premium,Referral
CUST100811,2025-03-02 17:09:00,6,1125.04707,304,3,5,5,355,Loyal Customers,Mainstream,Organic Search
CUST100812,2024-03-16 06:54:00,2,351.35193000000004,655,1,2,3,123,Lost Customers,Budget,Paid Search
CUST100813,2025-08-30 21:30:00,1,396.52,123,4,1,3,413,New Customers,Mainstream,Direct
CUST100814,2025-04-21 19:11:00,2,191.01999999999998,254,3,2,2,322,Others,Premium,Direct
CUST100815,2023-11-30 19:52:00,3,788.98843,762,1,3,4,134,Others,Premium,Direct
CUST100816,2025-03-20 19:00:00,2,382.8346,286,3,2,3,323,Others,Mainstream,Affiliate
CUST100817,2025-10-30 09:22:00,7,637.9644999999999,62,4,5,4,454,Champions,Budget,Social Media
CUST100818,2025-12-02 19:01:00,4,98.71000000000001,29,5,4,1,541,Loyal Customers,Mainstream,Social Media
CUST100820,2025-12-10 09:27:00,5,1083.38476,21,5,4,5,545,Champions,Mainstream,Paid Search
CUST100824,2023-09-23 07:27:00,1,230.78,830,1,1,2,112,Lost Customers,Mainstream,Organic Search
CUST100825,2025-05-29 15:51:00,2,477.75,216,3,2,3,323,Others,Budget,Email
CUST100826,2024-06-19 15:08:00,2,237.79249000000002,560,2,2,2,222,Lost Customers,Mainstream,Direct
CUST100827,2024-02-05 20:24:00,1,96.63,695,1,1,1,111,Lost Customers,Mainstream,Paid Search
CUST100830,2025-05-14 08:58:00,1,66.91,231,3,1,1,311,Others,Mainstream,Direct
CUST100831,2025-09-17 17:05:00,2,271.51,105,4,2,2,422,Potential Loyalists,Mainstream,Email
CUST100832,2024-09-09 16:08:00,3,486.15319,478,2,3,3,233,At Risk,Budget,Social Media
CUST100833,2023-08-13 09:23:00,1,355.86,871,1,1,3,113,Lost Customers,Mainstream,Paid Search
CUST100834,2024-02-06 06:35:00,1,34.28,694,1,1,1,111,Lost Customers,Budget,Social Media
CUST100835,2025-09-01 05:48:00,3,549.0361,121,4,3,4,434,Potential Loyalists,Mainstream,Direct
CUST100836,2023-11-17 21:27:00,1,189.83999999999997,775,1,1,2,112,Lost Customers,Mainstream,Organic Search
CUST100837,2025-05-18 05:24:00,3,266.4206,227,3,3,2,332,At Risk,Mainstream,Organic Search
CUST100838,2025-11-25 02:54:00,1,170.104,36,5,1,2,512,New Customers,Budget,Organic Search
CUST100840,2025-01-03 02:44:00,7,1610.91894,362,2,5,5,255,Loyal Customers,Mainstream,Organic Search
CUST100841,2025-07-08 22:22:00,12,2654.52733,176,3,5,5,355,Loyal Customers,Budget,Referral
CUST100843,2025-04-08 10:03:00,1,53.83944,267,3,1,1,311,Others,Mainstream,Email
CUST100844,2024-08-11 10:12:00,2,286.37,507,2,2,2,222,Lost Customers,Mainstream,Social Media
CUST100845,2024-04-30 13:53:00,1,204.07,610,2,1,2,212,Lost Customers,Budget,Direct
CUST100846,2025-11-27 16:25:00,11,3046.51348,34,5,5,5,555,Champions,Premium,Paid Search
CUST100847,2024-07-23 07:33:00,2,256.39401,526,2,2,2,222,Lost Customers,Mainstream,Paid Search
CUST100850,2025-11-26 04:33:00,2,400.79999999999995,35,5,2,3,523,Potential Loyalists,Budget,Email
CUST100852,2025-09-11 07:31:00,2,127.91722000000001,111,4,2,1,421,Potential Loyalists,Budget,Organic Search
CUST100853,2023-12-14 04:39:00,1,100.51616000000001,748,1,1,1,111,Lost Customers,Premium,Organic Search
CUST100854,2024-07-25 18:06:00,4,881.23,524,2,4,4,244,Loyal Customers,Premium,Affiliate
CUST100855,2025-10-01 11:20:00,8,1291.43075,91,4,5,5,455,Champions,Mainstream,Social Media
CUST100858,2025-12-17 15:40:00,7,1106.6915099999999,14,5,5,5,555,Champions,Mainstream,Email
CUST100860,2025-12-14 03:55:00,9,1364.03482,17,5,5,5,555,Champions,Mainstream,Organic Search
CUST100861,2025-12-03 16:34:00,8,948.59,28,5,5,4,554,Champions,Mainstream,Paid Search
CUST100862,2025-10-08 11:24:00,8,1121.81396,84,4,5,5,455,Champions,Mainstream,Affiliate
CUST100863,2024-05-08 16:16:00,2,381.40412000000003,602,2,2,3,223,Lost Customers,Mainstream,Direct
CUST100864,2025-11-27 13:19:00,1,400.33000000000004,34,5,1,3,513,New Customers,Budget,Organic Search
CUST100865,2025-12-10 03:40:00,13,2237.69787,21,5,5,5,555,Champions,Mainstream,Direct
CUST100867,2023-12-02 19:05:00,1,102.29954,760,1,1,1,111,Lost Customers,Mainstream,Paid Search
CUST100868,2025-10-15 14:02:00,1,252.28,77,4,1,2,412,New Customers,Budget,Paid Search
CUST100869,2023-05-30 20:31:00,1,74.22,946,1,1,1,111,Lost Customers,Mainstream,Direct
CUST100871,2023-06-04 21:05:00,1,96.83316,941,1,1,1,111,Lost Customers,Premium,Paid Search
CUST100873,2023-04-24 00:42:00,1,174.42000000000002,982,1,1,2,112,Lost Customers,Budget,Organic Search
CUST100874,2023-05-27 02:33:00,1,181.8593,949,1,1,2,112,Lost Customers,Mainstream,Social Media
CUST100875,2023-06-07 15:13:00,1,347.72126000000003,938,1,1,3,113,Lost Customers,Mainstream,Organic Search
CUST100876,2025-11-07 06:30:00,20,3343.78392,54,4,5,5,455,Champions,Budget,Direct
CUST100877,2023-07-03 09:10:00,1,89.0,912,1,1,1,111,Lost Customers,Premium,Affiliate
CUST100880,2025-11-29 15:24:00,2,63.65,32,5,2,1,521,Potential Loyalists,Mainstream,Direct
CUST100881,2025-10-24 11:24:00,4,448.5004,68,4,4,3,443,Loyal Customers,Premium,Direct
CUST100882,2025-09-09 19:39:00,3,528.51,113,4,3,3,433,Potential Loyalists,Mainstream,Paid Search
CUST100883,2025-06-04 12:31:00,2,225.5025,210,3,2,2,322,Others,Budget,Direct
CUST100885,2023-03-11 22:06:00,2,261.39,1026,1,2,2,122,Lost Customers,Premium,Paid Search
CUST100886,2025-11-08 21:21:00,1,59.98,53,4,1,1,411,New Customers,Mainstream,Referral
CUST100887,2024-07-07 09:40:00,2,921.08,542,2,2,4,224,Lost Customers,Budget,Organic Search
CUST100888,2024-01-13 17:42:00,1,231.3,718,1,1,2,112,Lost Customers,Mainstream,Referral
CUST100889,2025-12-20 22:43:00,7,1560.02598,11,5,5,5,555,Champions,Premium,Email
CUST100890,2023-11-20 07:52:00,1,187.61413,772,1,1,2,112,Lost Customers,Budget,Social Media
CUST100891,2025-12-09 18:15:00,4,1071.3029999999999,22,5,4,5,545,Champions,Mainstream,Paid Search
CUST100892,2024-12-11 13:38:00,1,350.21116000000006,385,2,1,3,213,Lost Customers,Mainstream,Direct
CUST100893,2024-10-28 04:27:00,1,449.22,429,2,1,3,213,Lost Customers,Mainstream,Paid Search
CUST100894,2023-08-18 20:31:00,1,61.68,866,1,1,1,111,Lost Customers,Budget,Direct
CUST100895,2025-12-11 22:51:00,11,1574.69482,20,5,5,5,555,Champions,Budget,Email
CUST100896,2025-03-21 16:55:00,1,132.2,285,3,1,1,311,Others,Mainstream,Paid Search
CUST100899,2024-11-25 10:37:00,1,145.67876,401,2,1,1,211,Lost Customers,Mainstream,Affiliate
CUST100900,2025-08-15 20:03:00,1,112.36999999999999,138,4,1,1,411,New Customers,Budget,Paid Search
CUST100901,2024-03-26 03:46:00,1,128.51,645,1,1,1,111,Lost Customers,Mainstream,Paid Search
CUST100904,2025-06-15 04:00:00,5,1353.8700000000001,199,3,4,5,345,Loyal Customers,Budget,Paid Search
CUST100905,2024-07-18 12:19:00,3,587.05,531,2,3,4,234,At Risk,Budget,Paid Search
CUST100906,2025-08-31 15:26:00,4,611.6293800000001,122,4,4,4,444,Champions,Mainstream,Organic Search
CUST100907,2024-10-11 01:32:00,4,450.65999999999997,446,2,4,3,243,Loyal Customers,Mainstream,Affiliate
CUST100908,2025-04-22 11:08:00,1,219.01774,253,3,1,2,312,Others,Premium,Organic Search
CUST100910,2025-12-28 14:50:00,6,1094.54994,3,5,5,5,555,Champions,Mainstream,Paid Search
CUST100911,2024-02-03 14:51:00,4,1123.62,697,1,4,5,145,Loyal Customers,Mainstream,Email
CUST100913,2025-12-07 23:42:00,4,1562.6115300000001,23,5,4,5,545,Champions,Budget,Direct
CUST100914,2024-07-18 09:41:00,1,693.6299999999999,531,2,1,4,214,Lost Customers,Mainstream,Email
CUST100915,2024-01-22 14:06:00,2,216.95362,709,1,2,2,122,Lost Customers,Budget,Paid Search
CUST100916,2024-11-08 16:13:00,3,556.56,418,2,3,4,234,At Risk,Mainstream,Organic Search
CUST100917,2025-08-12 03:37:00,2,189.58272000000002,141,4,2,2,422,Potential Loyalists,Mainstream,Paid Search
CUST100918,2025-08-20 23:35:00,4,751.72777,132,4,4,4,444,Champions,Premium,Organic Search
CUST100919,2025-04-09 16:39:00,2,503.31,266,3,2,3,323,Others,Budget,Affiliate
CUST100920,2025-10-05 16:55:00,7,782.53264,87,4,5,4,454,Champions,Premium,Social Media
CUST100922,2025-08-08 00:15:00,2,384.22,145,4,2,3,423,Potential Loyalists,Mainstream,Paid Search
CUST100924,2024-12-01 13:29:00,1,142.55109000000002,395,2,1,1,211,Lost Customers,Premium,Direct
CUST100925,2025-12-19 20:34:00,2,746.8100000000001,12,5,2,4,524,Potential Loyalists,Mainstream,Email
CUST100926,2025-12-06 04:29:00,8,1829.6748200000002,25,5,5,5,555,Champions,Budget,Paid Search
CUST100927,2025-07-29 05:20:00,9,1620.09866,155,4,5,5,455,Champions,Mainstream,Direct
CUST100928,2025-07-12 04:03:00,8,1512.75673,172,3,5,5,355,Loyal Customers,Premium,Direct
CUST100929,2024-08-23 14:58:00,2,208.18828000000002,495,2,2,2,222,Lost Customers,Mainstream,Paid Search
CUST100930,2024-08-12 09:44:00,3,490.54999999999995,506,2,3,3,233,At Risk,Premium,Affiliate
CUST100931,2025-04-29 09:46:00,7,856.4487,246,3,5,4,354,Loyal Customers,Premium,Direct
CUST100933,2025-11-28 15:01:00,2,295.24685999999997,33,5,2,2,522,Potential Loyalists,Premium,Organic Search
CUST100934,2025-12-20 10:30:00,17,3455.18434,11,5,5,5,555,Champions,Mainstream,Organic Search
CUST100935,2025-09-08 12:32:00,3,841.27,114,4,3,4,434,Potential Loyalists,Budget,Social Media
CUST100936,2025-09-17 08:46:00,10,1262.74503,105,4,5,5,455,Champions,Mainstream,Direct
CUST100937,2025-07-05 23:42:00,1,148.09,178,3,1,1,311,Others,Premium,Direct
CUST100938,2025-01-13 08:59:00,1,23.36,352,2,1,1,211,Lost Customers,Mainstream,Paid Search
CUST100939,2025-12-14 02:59:00,28,4614.4367600000005,17,5,5,5,555,Champions,Budget,Social Media
CUST100940,2025-07-14 13:06:00,2,396.39343,170,3,2,3,323,Others,Mainstream,Social Media
CUST100941,2025-12-18 07:57:00,6,1451.68409,13,5,5,5,555,Champions,Mainstream,Social Media
CUST100942,2024-08-29 03:32:00,2,847.84406,489,2,2,4,224,Lost Customers,Mainstream,Email
CUST100943,2023-12-24 12:52:00,1,78.32,738,1,1,1,111,Lost Customers,Mainstream,Email
CUST100944,2025-11-07 12:33:00,10,2906.90146,54,4,5,5,455,Champions,Mainstream,Organic Search
CUST100945,2024-08-19 20:06:00,5,1013.24,499,2,4,4,244,Loyal Customers,Mainstream,Organic Search
CUST100946,2023-03-15 11:02:00,1,29.248500000000003,1022,1,1,1,111,Lost Customers,Budget,Direct
CUST100947,2024-12-05 03:58:00,4,704.5352,391,2,4,4,244,Loyal Customers,Premium,Organic Search
CUST100948,2024-12-05 09:02:00,6,478.6534,391,2,5,3,253,Loyal Customers,Budget,Social Media
CUST100949,2023-06-03 03:58:00,1,19.08,942,1,1,1,111,Lost Customers,Mainstream,Affiliate
CUST100950,2025-01-12 09:34:00,5,1513.6083999999998,353,2,4,5,245,Loyal Customers,Premium,Direct
CUST100951,2025-11-18 12:58:00,4,570.47456,43,5,4,4,544,Champions,Mainstream,Email
CUST100952,2025-10-26 09:09:00,3,414.57,66,4,3,3,433,Potential Loyalists,Mainstream,Organic Search
CUST100953,2024-11-24 12:15:00,3,1018.08351,402,2,3,4,234,At Risk,Budget,Email
CUST100954,2024-02-07 00:06:00,1,172.93,693,1,1,2,112,Lost Customers,Mainstream,Email
CUST100955,2023-08-04 07:43:00,1,339.33996,880,1,1,3,113,Lost Customers,Mainstream,Organic Search
CUST100956,2025-12-10 19:23:00,14,1931.7475299999999,21,5,5,5,555,Champions,Premium,Paid Search
CUST100958,2025-12-28 12:18:00,4,743.53,3,5,4,4,544,Champions,Budget,Social Media
CUST100959,2024-04-16 00:36:00,2,232.52512000000002,624,1,2,2,122,Lost Customers,Budget,Affiliate
CUST100960,2024-12-05 15:19:00,3,730.16,391,2,3,4,234,At Risk,Premium,Referral
CUST100961,2024-05-11 01:24:00,1,124.96,599,2,1,1,211,Lost Customers,Mainstream,Paid Search
CUST100962,2025-05-17 08:15:00,6,919.28206,228,3,5,4,354,Loyal Customers,Budget,Organic Search
CUST100964,2024-05-23 19:21:00,1,120.16211,587,2,1,1,211,Lost Customers,Budget,Social Media
CUST100965,2023-11-28 13:22:00,2,204.46,764,1,2,2,122,Lost Customers,Budget,Paid Search
CUST100966,2025-12-16 06:08:00,23,3770.51218,15,5,5,5,555,Champions,Premium,Affiliate
CUST100967,2025-07-31 07:31:00,1,379.76,153,4,1,3,413,New Customers,Mainstream,Direct
CUST100968,2025-04-06 07:36:00,2,749.89,269,3,2,4,324,Others,Budget,Affiliate
CUST100971,2023-02-18 10:12:00,1,176.21121,1047,1,1,2,112,Lost Customers,Premium,Email
CUST100972,2025-11-26 17:13:00,1,582.3199999999999,35,5,1,4,514,New Customers,Mainstream,Social Media
CUST100974,2025-08-03 13:56:00,2,213.39391999999998,150,4,2,2,422,Potential Loyalists,Budget,Paid Search
CUST100975,2023-09-05 07:35:00,1,114.29,848,1,1,1,111,Lost Customers,Premium,Organic Search
CUST100976,2024-10-28 21:08:00,1,130.86,429,2,1,1,211,Lost Customers,Mainstream,Direct
CUST100977,2024-07-14 00:52:00,1,16.21,535,2,1,1,211,Lost Customers,Budget,Email
CUST100979,2024-08-18 07:27:00,1,15.44,500,2,1,1,211,Lost Customers,Budget,Social Media
CUST100981,2025-03-15 15:12:00,1,126.87,291,3,1,1,311,Others,Premium,Social Media
CUST100982,2024-12-17 16:31:00,2,1209.37,379,2,2,5,225,Lost Customers,Budget,Paid Search
CUST100984,2025-11-24 09:38:00,1,209.3,37,5,1,2,512,New Customers,Mainstream,Organic Search
CUST100985,2025-11-03 01:16:00,3,759.8804,58,4,3,4,434,Potential Loyalists,Budget,Paid Search
CUST100986,2023-09-07 06:32:00,1,216.13,846,1,1,2,112,Lost Customers,Mainstream,Social Media
CUST100987,2025-12-21 23:13:00,4,862.4555,9,5,4,4,544,Champions,Budget,Direct
CUST100988,2025-10-23 08:45:00,4,567.43952,69,4,4,4,444,Champions,Budget,Social Media
CUST100989,2025-12-10 14:29:00,3,751.38055,21,5,3,4,534,Potential Loyalists,Mainstream,Paid Search
CUST100990,2025-08-23 17:31:00,12,2396.5129500000003,130,4,5,5,455,Champions,Premium,Referral
CUST100994,2023-07-06 15:36:00,1,167.47,909,1,1,2,112,Lost Customers,Mainstream,Paid Search
CUST100995,2025-09-26 20:29:00,4,1563.9099999999999,96,4,4,5,445,Champions,Premium,Social Media
CUST100997,2023-08-16 01:33:00,1,115.39,868,1,1,1,111,Lost Customers,Premium,Organic Search
CUST100999,2024-11-05 19:36:00,3,1099.27061,421,2,3,5,235,At Risk,Budget,Organic Search
CUST101001,2024-09-13 05:47:00,2,242.57000000000002,474,2,2,2,222,Lost Customers,Budget,Email
CUST101003,2023-05-06 20:39:00,1,61.68,970,1,1,1,111,Lost Customers,Budget,Direct
CUST101004,2025-03-15 12:23:00,2,205.95499999999998,291,3,2,2,322,Others,Budget,Direct
CUST101005,2024-06-02 10:55:00,2,138.94491000000002,577,2,2,1,221,Lost Customers,Premium,Social Media
CUST101006,2025-12-14 20:50:00,3,803.5023699999999,17,5,3,4,534,Potential Loyalists,Premium,Organic Search
CUST101007,2024-08-28 23:13:00,2,594.46,489,2,2,4,224,Lost Customers,Mainstream,Social Media
CUST101008,2024-12-09 23:36:00,2,287.23936000000003,386,2,2,2,222,Lost Customers,Mainstream,Referral
CUST101010,2025-12-11 02:46:00,14,3138.89008,20,5,5,5,555,Champions,Budget,Affiliate
CUST101012,2025-08-12 08:20:00,1,86.17,141,4,1,1,411,New Customers,Budget,Organic Search
CUST101013,2025-11-24 01:24:00,12,2437.18708,37,5,5,5,555,Champions,Premium,Referral
CUST101015,2025-11-26 10:11:00,4,440.84776,35,5,4,3,543,Loyal Customers,Mainstream,Affiliate
CUST101016,2024-07-31 09:32:00,5,987.48595,518,2,4,4,244,Loyal Customers,Budget,Organic Search
CUST101017,2025-02-06 04:33:00,1,185.55,328,3,1,2,312,Others,Mainstream,Email
CUST101018,2024-04-15 17:29:00,2,142.63,625,1,2,1,121,Lost Customers,Premium,Email
CUST101019,2025-03-22 11:15:00,4,677.611,284,3,4,4,344,Loyal Customers,Budget,Paid Search
CUST101020,2025-11-28 11:47:00,10,1371.33158,33,5,5,5,555,Champions,Premium,Referral
CUST101021,2023-11-20 20:31:00,2,111.12180000000001,772,1,2,1,121,Lost Customers,Budget,Organic Search
CUST101022,2024-05-17 17:34:00,4,1082.60305,593,2,4,5,245,Loyal Customers,Mainstream,Organic Search
CUST101023,2025-04-30 20:52:00,3,240.71557,245,3,3,2,332,At Risk,Mainstream,Paid Search
CUST101024,2023-06-20 07:13:00,2,383.79554,925,1,2,3,123,Lost Customers,Budget,Direct
CUST101025,2025-09-06 20:27:00,2,218.45,116,4,2,2,422,Potential Loyalists,Mainstream,Direct
CUST101026,2025-03-21 19:42:00,3,582.80252,285,3,3,4,334,At Risk,Mainstream,Paid Search
CUST101027,2024-10-12 16:21:00,4,444.65826000000004,445,2,4,3,243,Loyal Customers,Mainstream,Direct
CUST101030,2024-02-13 22:16:00,3,332.16628000000003,687,1,3,3,133,Others,Budget,Affiliate
CUST101031,2023-12-03 03:19:00,1,141.09150000000002,759,1,1,1,111,Lost Customers,Budget,Paid Search
CUST101032,2025-09-27 21:56:00,2,1064.80027,95,4,2,5,425,Potential Loyalists,Premium,Direct
CUST101033,2025-10-08 18:55:00,13,2829.3396900000002,84,4,5,5,455,Champions,Mainstream,Social Media
CUST101034,2025-11-08 12:26:00,2,195.84898,53,4,2,2,422,Potential Loyalists,Budget,Affiliate
CUST101035,2024-06-18 14:18:00,3,719.6609,561,2,3,4,234,At Risk,Budget,Organic Search
CUST101036,2025-12-03 02:51:00,3,441.55,28,5,3,3,533,Potential Loyalists,Mainstream,Organic Search
CUST101037,2025-12-09 11:52:00,7,999.76367,22,5,5,4,554,Champions,Mainstream,Direct
CUST101038,2025-11-22 05:04:00,5,677.69138,39,5,4,4,544,Champions,Budget,Email
CUST101039,2025-03-03 05:47:00,4,956.44,303,3,4,4,344,Loyal Customers,Premium,Email
CUST101040,2025-11-06 17:04:00,6,718.82001,55,4,5,4,454,Champions,Premium,Email
CUST101041,2025-03-09 20:50:00,2,722.4300000000001,297,3,2,4,324,Others,Premium,Email
CUST101042,2025-12-04 22:07:00,2,208.13,27,5,2,2,522,Potential Loyalists,Mainstream,Paid Search
CUST101043,2023-06-13 22:09:00,2,178.822,932,1,2,2,122,Lost Customers,Mainstream,Paid Search
CUST101044,2023-04-19 01:34:00,1,40.689,987,1,1,1,111,Lost Customers,Budget,Paid Search
CUST101045,2025-05-27 18:12:00,1,106.37346,218,3,1,1,311,Others,Mainstream,Paid Search
CUST101046,2024-07-26 15:00:00,5,1120.50108,523,2,4,5,245,Loyal Customers,Mainstream,Direct
CUST101047,2023-12-24 13:51:00,2,560.73,738,1,2,4,124,Lost Customers,Budget,Organic Search
CUST101049,2025-12-15 20:38:00,6,1085.05268,16,5,5,5,555,Champions,Mainstream,Paid Search
CUST101050,2025-12-15 04:10:00,2,84.76133999999999,16,5,2,1,521,Potential Loyalists,Mainstream,Direct
CUST101051,2025-11-19 17:39:00,1,795.5,42,5,1,4,514,New Customers,Budget,Paid Search
CUST101052,2025-07-08 08:47:00,2,186.31,176,3,2,2,322,Others,Premium,Paid Search
CUST101054,2025-07-02 07:48:00,4,365.17,182,3,4,3,343,Loyal Customers,Mainstream,Paid Search
CUST101055,2024-12-08 18:11:00,3,419.06,388,2,3,3,233,At Risk,Premium,Referral
CUST101056,2025-08-09 23:11:00,6,868.89508,143,4,5,4,454,Champions,Budget,Organic Search
CUST101057,2024-09-13 23:53:00,2,908.33,473,2,2,4,224,Lost Customers,Premium,Referral
CUST101058,2023-04-29 05:44:00,2,650.14,977,1,2,4,124,Lost Customers,Premium,Paid Search
CUST101059,2025-12-12 01:17:00,7,1306.54052,19,5,5,5,555,Champions,Premium,Organic Search
CUST101060,2025-12-03 23:00:00,2,125.57,28,5,2,1,521,Potential Loyalists,Mainstream,Social Media
CUST101061,2024-01-13 05:14:00,2,337.38,718,1,2,3,123,Lost Customers,Budget,Email
CUST101062,2025-06-06 18:01:00,1,313.55,208,3,1,3,313,Others,Budget,Direct
CUST101063,2024-05-29 13:53:00,2,191.13,581,2,2,2,222,Lost Customers,Mainstream,Organic Search
CUST101064,2025-11-13 10:24:00,3,375.32,48,5,3,3,533,Potential Loyalists,Budget,Email
CUST101065,2025-01-10 11:30:00,4,491.62728,355,2,4,3,243,Loyal Customers,Budget,Paid Search
CUST101066,2025-11-05 19:51:00,1,101.06,56,4,1,1,411,New Customers,Premium,Referral
CUST101067,2025-06-27 21:10:00,2,366.13292,187,3,2,3,323,Others,Mainstream,Affiliate
CUST101068,2024-08-20 12:45:00,2,384.37,498,2,2,3,223,Lost Customers,Budget,Paid Search
CUST101069,2023-07-10 17:20:00,1,244.37908,905,1,1,2,112,Lost Customers,Mainstream,Paid Search
CUST101070,2024-11-17 15:32:00,3,228.41589000000002,409,2,3,2,232,At Risk,Budget,Referral
CUST101071,2025-02-20 12:27:00,1,259.1,314,3,1,2,312,Others,Mainstream,Direct
CUST101072,2025-12-21 23:13:00,28,5033.20015,9,5,5,5,555,Champions,Budget,Email
CUST101073,2025-04-07 10:43:00,5,1081.5931,268,3,4,5,345,Loyal Customers,Mainstream,Social Media
CUST101074,2025-09-12 13:26:00,4,801.0799999999999,110,4,4,4,444,Champions,Budget,Referral
CUST101075,2025-09-19 17:27:00,3,862.53,103,4,3,4,434,Potential Loyalists,Mainstream,Organic Search
CUST101077,2025-09-15 11:28:00,1,119.70420000000001,107,4,1,1,411,New Customers,Budget,Direct
CUST101078,2025-05-30 17:07:00,15,2187.68019,215,3,5,5,355,Loyal Customers,Premium,Direct
CUST101079,2025-11-06 09:01:00,1,289.88,55,4,1,2,412,New Customers,Premium,Direct
CUST101080,2024-03-02 05:22:00,1,264.09000000000003,669,1,1,2,112,Lost Customers,Mainstream,Affiliate
CUST101081,2025-11-06 17:02:00,6,835.85,55,4,5,4,454,Champions,Premium,Paid Search
CUST101082,2025-08-08 14:25:00,18,2169.52385,145,4,5,5,455,Champions,Budget,Direct
CUST101083,2025-11-14 19:27:00,6,441.76396,47,5,5,3,553,Loyal Customers,Mainstream,Organic Search
CUST101084,2024-05-28 19:26:00,2,205.48000000000002,582,2,2,2,222,Lost Customers,Premium,Organic Search
CUST101085,2024-08-13 15:16:00,1,215.43732,505,2,1,2,212,Lost Customers,Mainstream,Organic Search
CUST101086,2025-08-01 23:11:00,4,1267.8992700000001,151,4,4,5,445,Champions,Budget,Organic Search
CUST101091,2025-12-13 10:26:00,10,1593.63976,18,5,5,5,555,Champions,Budget,Organic Search
CUST101093,2024-05-23 11:46:00,4,1292.54,587,2,4,5,245,Loyal Customers,Mainstream,Social Media
CUST101094,2025-04-27 18:19:00,5,733.17,248,3,4,4,344,Loyal Customers,Mainstream,Email
CUST101095,2025-09-19 11:53:00,3,470.54167000000007,103,4,3,3,433,Potential Loyalists,Mainstream,Referral
CUST101096,2024-09-08 21:31:00,1,309.97,479,2,1,3,213,Lost Customers,Mainstream,Email
CUST101097,2025-10-10 09:31:00,2,542.8,82,4,2,3,423,Potential Loyalists,Mainstream,Organic Search
CUST101098,2025-12-13 03:03:00,54,9456.48157,18,5,5,5,555,Champions,Mainstream,Social Media
CUST101100,2025-08-14 04:53:00,2,413.94,139,4,2,3,423,Potential Loyalists,Budget,Paid Search
CUST101102,2025-12-27 18:07:00,1,319.08,4,5,1,3,513,New Customers,Mainstream,Paid Search
CUST101103,2023-02-22 10:03:00,1,141.48,1043,1,1,1,111,Lost Customers,Budget,Affiliate
CUST101106,2024-09-16 20:42:00,1,39.5,471,2,1,1,211,Lost Customers,Mainstream,Organic Search
CUST101107,2023-10-15 21:43:00,1,117.61349999999999,808,1,1,1,111,Lost Customers,Budget,Direct
CUST101108,2024-10-21 22:55:00,1,148.31,436,2,1,1,211,Lost Customers,Mainstream,Direct
CUST101110,2025-12-09 05:51:00,9,1598.64499,22,5,5,5,555,Champions,Mainstream,Paid Search
CUST101111,2023-09-23 20:05:00,1,64.71,830,1,1,1,111,Lost Customers,Mainstream,Email
CUST101112,2025-11-23 15:39:00,3,323.24,38,5,3,3,533,Potential Loyalists,Mainstream,Paid Search
CUST101113,2023-07-15 04:39:00,1,541.9200000000001,900,1,1,3,113,Lost Customers,Budget,Paid Search
CUST101117,2025-12-19 20:19:00,6,784.51428,12,5,5,4,554,Champions,Budget,Social Media
CUST101118,2024-01-18 03:58:00,1,229.60712999999998,713,1,1,2,112,Lost Customers,Mainstream,Paid Search
CUST101119,2024-04-16 07:16:00,1,618.33,624,1,1,4,114,Lost Customers,Mainstream,Direct
CUST101121,2025-04-29 21:54:00,3,287.01806,246,3,3,2,332,At Risk,Premium,Organic Search
CUST101122,2025-12-05 12:26:00,10,2335.51,26,5,5,5,555,Champions,Mainstream,Organic Search
CUST101123,2025-11-11 09:46:00,9,965.3123800000001,50,5,5,4,554,Champions,Budget,Affiliate
CUST101124,2025-09-02 16:13:00,19,2748.45044,120,4,5,5,455,Champions,Mainstream,Paid Search
CUST101126,2025-12-01 14:09:00,5,782.12295,30,5,4,4,544,Champions,Mainstream,Social Media
CUST101127,2025-07-15 06:18:00,2,172.01,169,3,2,2,322,Others,Mainstream,Direct
CUST101128,2025-05-28 07:25:00,3,576.7311,217,3,3,4,334,At Risk,Budget,Paid Search
CUST101130,2025-02-23 03:51:00,6,654.05758,311,3,5,4,354,Loyal Customers,Premium,Affiliate
CUST101131,2025-07-16 14:39:00,2,466.94,168,3,2,3,323,Others,Budget,Paid Search
CUST101132,2025-09-20 02:25:00,2,740.63,102,4,2,4,424,Potential Loyalists,Mainstream,Organic Search
CUST101134,2023-11-30 06:52:00,1,159.74,762,1,1,2,112,Lost Customers,Budget,Social Media
CUST101136,2025-11-29 13:11:00,3,245.47409,32,5,3,2,532,Potential Loyalists,Budget,Direct
CUST101137,2025-10-01 22:44:00,2,95.81,91,4,2,1,421,Potential Loyalists,Mainstream,Organic Search
CUST101138,2025-10-28 22:29:00,5,664.34369,64,4,4,4,444,Champions,Budget,Paid Search
CUST101140,2024-09-25 15:41:00,1,85.0,462,2,1,1,211,Lost Customers,Premium,Social Media
CUST101142,2025-06-23 10:43:00,1,128.51,191,3,1,1,311,Others,Budget,Referral
CUST101143,2024-05-12 21:46:00,1,64.45,598,2,1,1,211,Lost Customers,Premium,Social Media
CUST101144,2023-07-28 01:37:00,1,348.6,887,1,1,3,113,Lost Customers,Budget,Direct
CUST101145,2025-07-05 23:14:00,3,271.74703,178,3,3,2,332,At Risk,Budget,Paid Search
CUST101146,2024-09-04 07:04:00,1,121.43619000000001,483,2,1,1,211,Lost Customers,Premium,Social Media
CUST101147,2024-08-14 16:32:00,3,700.0974600000001,504,2,3,4,234,At Risk,Budget,Paid Search
CUST101149,2025-08-20 13:54:00,6,818.3,133,4,5,4,454,Champions,Budget,Organic Search
CUST101150,2025-11-22 05:18:00,22,4322.04574,39,5,5,5,555,Champions,Mainstream,Direct
CUST101151,2025-05-24 05:45:00,1,110.48310000000001,221,3,1,1,311,Others,Mainstream,Organic Search
CUST101154,2025-09-18 21:00:00,1,157.61,104,4,1,2,412,New Customers,Budget,Email
CUST101155,2025-12-01 16:51:00,1,238.802,30,5,1,2,512,New Customers,Budget,Social Media
CUST101156,2025-11-02 11:57:00,5,982.37,59,4,4,4,444,Champions,Premium,Organic Search
CUST101157,2025-01-22 18:31:00,2,230.52999999999997,343,3,2,2,322,Others,Premium,Organic Search
CUST101158,2025-05-04 06:35:00,3,330.41,241,3,3,3,333,At Risk,Mainstream,Paid Search
CUST101159,2025-06-24 02:05:00,3,283.95974,190,3,3,2,332,At Risk,Mainstream,Organic Search
CUST101161,2024-05-03 14:46:00,3,750.95529,607,2,3,4,234,At Risk,Mainstream,Email
CUST101162,2025-10-31 21:24:00,5,874.21975,61,4,4,4,444,Champions,Mainstream,Direct
CUST101163,2023-03-11 23:05:00,1,138.35,1026,1,1,1,111,Lost Customers,Budget,Organic Search
CUST101164,2025-02-13 07:35:00,7,1075.82259,321,3,5,5,355,Loyal Customers,Mainstream,Organic Search
CUST101167,2025-11-11 02:48:00,7,1024.7888,50,5,5,5,555,Champions,Mainstream,Referral
CUST101168,2025-11-15 15:02:00,13,1828.72771,46,5,5,5,555,Champions,Mainstream,Direct
CUST101169,2025-05-19 19:40:00,5,865.91288,226,3,4,4,344,Loyal Customers,Mainstream,Email
CUST101170,2025-08-23 08:08:00,3,379.28913,130,4,3,3,433,Potential Loyalists,Premium,Referral
CUST101171,2023-05-04 17:00:00,1,146.6748,972,1,1,1,111,Lost Customers,Premium,Organic Search
CUST101172,2024-12-09 06:06:00,3,546.79714,387,2,3,3,233,At Risk,Premium,Affiliate
CUST101173,2025-07-22 02:40:00,1,138.35,162,3,1,1,311,Others,Premium,Email
CUST101177,2025-09-24 08:31:00,1,402.39,98,4,1,3,413,New Customers,Premium,Social Media
CUST101179,2024-12-13 13:20:00,5,923.73314,383,2,4,4,244,Loyal Customers,Mainstream,Email
CUST101180,2025-12-19 02:36:00,8,2054.20561,12,5,5,5,555,Champions,Premium,Social Media
CUST101181,2024-10-13 22:31:00,1,89.0,444,2,1,1,211,Lost Customers,Mainstream,Social Media
CUST101182,2023-03-22 23:14:00,1,118.79,1014,1,1,1,111,Lost Customers,Budget,Email
CUST101183,2025-12-02 13:07:00,2,335.61,29,5,2,3,523,Potential Loyalists,Mainstream,Organic Search
CUST101184,2025-02-15 01:12:00,2,275.27,319,3,2,2,322,Others,Mainstream,Organic Search
CUST101186,2025-10-13 11:25:00,11,2280.9942300000002,79,4,5,5,455,Champions,Premium,Social Media
CUST101187,2025-06-09 13:28:00,1,17.08,205,3,1,1,311,Others,Mainstream,Affiliate
CUST101188,2023-12-29 14:18:00,1,132.2,733,1,1,1,111,Lost Customers,Premium,Organic Search
CUST101189,2025-08-26 20:18:00,1,156.01565,127,4,1,2,412,New Customers,Mainstream,Social Media
CUST101191,2025-03-23 11:38:00,3,345.88275999999996,283,3,3,3,333,At Risk,Mainstream,Email
CUST101193,2025-11-26 05:55:00,5,1186.65784,35,5,4,5,545,Champions,Premium,Organic Search
CUST101194,2025-12-01 12:15:00,3,1138.9737,30,5,3,5,535,Potential Loyalists,Mainstream,Direct
CUST101195,2023-02-12 09:11:00,1,127.49074,1053,1,1,1,111,Lost Customers,Mainstream,Social Media
CUST101196,2025-03-31 18:46:00,1,192.85,275,3,1,2,312,Others,Mainstream,Organic Search
CUST101200,2025-09-14 18:52:00,2,393.15999999999997,108,4,2,3,423,Potential Loyalists,Mainstream,Affiliate
CUST101204,2025-11-08 14:47:00,3,1004.95409,53,4,3,4,434,Potential Loyalists,Mainstream,Direct
CUST101205,2024-01-11 14:51:00,1,384.92,720,1,1,3,113,Lost Customers,Budget,Affiliate
CUST101206,2025-10-03 18:58:00,12,1541.0596,89,4,5,5,455,Champions,Budget,Direct
CUST101207,2024-09-24 09:03:00,4,1239.2299600000001,463,2,4,5,245,Loyal Customers,Budget,Direct
CUST101208,2023-11-22 10:51:00,3,976.72253,770,1,3,4,134,Others,Budget,Organic Search
CUST101210,2025-02-02 07:32:00,4,459.53999999999996,332,3,4,3,343,Loyal Customers,Mainstream,Paid Search
CUST101211,2025-12-28 03:54:00,4,741.7476,3,5,4,4,544,Champions,Budget,Email
CUST101212,2025-12-23 21:41:00,4,1223.95372,8,5,4,5,545,Champions,Mainstream,Affiliate
CUST101213,2024-04-25 05:34:00,1,38.65,615,1,1,1,111,Lost Customers,Mainstream,Affiliate
CUST101214,2025-12-23 04:06:00,8,1211.14565,8,5,5,5,555,Champions,Budget,Direct
CUST101216,2023-06-17 02:26:00,1,180.83,928,1,1,2,112,Lost Customers,Budget,Social Media
CUST101217,2024-01-27 06:30:00,1,129.55,704,1,1,1,111,Lost Customers,Premium,Social Media
CUST101220,2025-08-07 10:03:00,3,511.68592,146,4,3,3,433,Potential Loyalists,Premium,Referral
CUST101221,2023-05-07 22:25:00,1,349.5,969,1,1,3,113,Lost Customers,Mainstream,Email
CUST101222,2025-11-21 22:07:00,1,157.0,40,5,1,2,512,New Customers,Budget,Paid Search
CUST101223,2025-03-15 03:52:00,3,1185.23774,291,3,3,5,335,At Risk,Mainstream,Email
CUST101224,2025-11-04 19:31:00,1,224.76999999999998,57,4,1,2,412,New Customers,Mainstream,Social Media
CUST101225,2024-07-09 13:11:00,1,759.22,540,2,1,4,214,Lost Customers,Mainstream,Referral
CUST101226,2025-12-03 10:46:00,9,2743.1655,28,5,5,5,555,Champions,Mainstream,Direct
CUST101227,2024-03-28 04:59:00,1,56.07922,643,1,1,1,111,Lost Customers,Premium,Organic Search
CUST101228,2025-03-26 14:08:00,1,132.02,280,3,1,1,311,Others,Premium,Direct
CUST101229,2024-06-14 14:53:00,1,142.42,565,2,1,1,211,Lost Customers,Budget,Paid Search
CUST101231,2025-09-16 03:42:00,1,50.78156,106,4,1,1,411,New Customers,Budget,Social Media
CUST101233,2024-07-16 00:47:00,1,61.68,533,2,1,1,211,Lost Customers,Budget,Direct
CUST101234,2025-05-17 00:13:00,5,1197.761,228,3,4,5,345,Loyal Customers,Budget,Paid Search
CUST101235,2024-03-19 21:55:00,2,597.4511600000001,652,1,2,4,124,Lost Customers,Mainstream,Referral
CUST101236,2025-09-07 03:54:00,5,1242.1912,115,4,4,5,445,Champions,Budget,Direct
CUST101238,2024-06-04 18:29:00,1,132.2,575,2,1,1,211,Lost Customers,Budget,Organic Search
CUST101239,2025-11-17 15:03:00,4,829.107,44,5,4,4,544,Champions,Mainstream,Paid Search
CUST101240,2024-10-20 16:21:00,1,104.83,437,2,1,1,211,Lost Customers,Premium,Social Media
CUST101241,2025-12-01 07:37:00,4,734.71,30,5,4,4,544,Champions,Mainstream,Direct
CUST101242,2023-11-26 13:02:00,1,107.95965,766,1,1,1,111,Lost Customers,Mainstream,Organic Search
CUST101243,2024-09-27 14:24:00,2,266.13,460,2,2,2,222,Lost Customers,Premium,Social Media
CUST101245,2024-08-01 14:22:00,1,157.16,517,2,1,2,212,Lost Customers,Budget,Social Media
CUST101247,2023-10-07 09:11:00,2,422.06043,816,1,2,3,123,Lost Customers,Budget,Affiliate
CUST101248,2024-11-09 08:07:00,1,110.85573,417,2,1,1,211,Lost Customers,Budget,Organic Search
CUST101249,2025-07-17 02:06:00,1,157.61,167,3,1,2,312,Others,Mainstream,Organic Search
CUST101250,2023-05-04 21:31:00,1,157.0,972,1,1,2,112,Lost Customers,Budget,Organic Search
CUST101252,2024-12-18 10:06:00,3,1088.137,378,2,3,5,235,At Risk,Mainstream,Paid Search
CUST101253,2025-02-04 13:12:00,1,543.28,330,3,1,3,313,Others,Mainstream,Paid Search
CUST101254,2023-11-25 13:06:00,3,736.919,767,1,3,4,134,Others,Mainstream,Organic Search
CUST101256,2024-11-11 10:31:00,6,1454.28,415,2,5,5,255,Loyal Customers,Mainstream,Direct
CUST101258,2024-12-07 17:32:00,1,188.4501,389,2,1,2,212,Lost Customers,Premium,Referral
CUST101259,2025-12-18 12:32:00,3,465.7655,13,5,3,3,533,Potential Loyalists,Mainstream,Affiliate
CUST101262,2025-04-04 18:43:00,3,416.91373,271,3,3,3,333,At Risk,Mainstream,Paid Search
CUST101263,2025-06-02 12:12:00,1,19.55624,212,3,1,1,311,Others,Mainstream,Social Media
CUST101265,2025-03-20 16:50:00,2,722.3879499999999,286,3,2,4,324,Others,Mainstream,Social Media
CUST101267,2025-11-17 00:12:00,9,2085.33651,44,5,5,5,555,Champions,Budget,Organic Search
CUST101268,2023-10-25 12:13:00,1,293.09000000000003,798,1,1,2,112,Lost Customers,Premium,Paid Search
CUST101269,2025-03-31 13:25:00,3,359.56415000000004,275,3,3,3,333,At Risk,Premium,Direct
CUST101270,2025-12-20 05:49:00,2,247.85000000000002,11,5,2,2,522,Potential Loyalists,Budget,Affiliate
CUST101271,2025-11-22 14:15:00,20,4076.88049,39,5,5,5,555,Champions,Budget,Referral
CUST101273,2024-10-12 08:14:00,1,109.26259999999999,445,2,1,1,211,Lost Customers,Budget,Social Media
CUST101275,2023-10-07 09:01:00,2,568.24,816,1,2,4,124,Lost Customers,Mainstream,Email
CUST101276,2023-05-03 07:08:00,1,149.16,973,1,1,1,111,Lost Customers,Mainstream,Email
CUST101277,2024-05-19 12:35:00,1,344.56,591,2,1,3,213,Lost Customers,Budget,Direct
CUST101278,2024-03-28 22:29:00,2,364.07710000000003,643,1,2,3,123,Lost Customers,Premium,Organic Search
CUST101279,2025-05-01 12:25:00,1,287.03,244,3,1,2,312,Others,Budget,Affiliate
CUST101280,2024-02-16 14:24:00,2,108.75,684,1,2,1,121,Lost Customers,Budget,Paid Search
CUST101281,2025-11-09 07:08:00,11,2234.6827,52,5,5,5,555,Champions,Budget,Paid Search
CUST101283,2024-02-06 14:35:00,4,837.00116,694,1,4,4,144,Loyal Customers,Premium,Social Media
CUST101284,2025-12-17 17:37:00,6,1401.92684,14,5,5,5,555,Champions,Budget,Social Media
CUST101285,2024-09-28 21:51:00,1,53.79,459,2,1,1,211,Lost Customers,Mainstream,Organic Search
CUST101286,2025-03-04 02:30:00,4,1164.26528,302,3,4,5,345,Loyal Customers,Budget,Paid Search
CUST101287,2025-09-15 18:49:00,6,818.93308,107,4,5,4,454,Champions,Budget,Paid Search
CUST101288,2025-08-18 13:39:00,14,2361.71508,135,4,5,5,455,Champions,Budget,Referral
CUST101289,2025-11-27 11:18:00,10,1338.49281,34,5,5,5,555,Champions,Premium,Organic Search
CUST101290,2024-09-06 02:50:00,3,1008.66239,481,2,3,4,234,At Risk,Mainstream,Affiliate
CUST101291,2024-12-05 20:28:00,2,988.74059,391,2,2,4,224,Lost Customers,Mainstream,Referral
CUST101292,2025-11-24 16:23:00,2,168.57495,37,5,2,2,522,Potential Loyalists,Budget,Direct
CUST101293,2025-08-05 04:37:00,4,1370.7334,148,4,4,5,445,Champions,Premium,Direct
CUST101294,2024-07-26 00:34:00,3,552.34822,523,2,3,4,234,At Risk,Premium,Email
CUST101295,2023-09-07 08:57:00,1,78.32,846,1,1,1,111,Lost Customers,Budget,Social Media
CUST101296,2023-08-01 23:57:00,1,156.50983,882,1,1,2,112,Lost Customers,Mainstream,Direct
CUST101298,2025-12-25 12:19:00,2,114.37,6,5,2,1,521,Potential Loyalists,Premium,Paid Search
CUST101299,2025-08-11 22:43:00,2,516.6,142,4,2,3,423,Potential Loyalists,Mainstream,Social Media
CUST101300,2024-06-16 21:05:00,4,755.63561,563,2,4,4,244,Loyal Customers,Budget,Paid Search
CUST101304,2023-08-08 18:37:00,1,349.61,876,1,1,3,113,Lost Customers,Budget,Paid Search
CUST101305,2025-02-16 15:38:00,2,164.0,318,3,2,2,322,Others,Premium,Paid Search
CUST101306,2024-12-15 04:35:00,2,211.98398999999998,381,2,2,2,222,Lost Customers,Premium,Organic Search
CUST101308,2025-09-30 00:30:00,5,1333.24774,92,4,4,5,445,Champions,Mainstream,Social Media
CUST101309,2023-08-23 00:59:00,1,130.28,861,1,1,1,111,Lost Customers,Mainstream,Referral
CUST101310,2023-02-19 11:00:00,1,16.39,1046,1,1,1,111,Lost Customers,Mainstream,Email
CUST101313,2025-06-25 06:11:00,1,84.99,189,3,1,1,311,Others,Mainstream,Paid Search
CUST101317,2023-01-21 23:43:00,1,149.74,1074,1,1,1,111,Lost Customers,Mainstream,Email
CUST101318,2024-10-26 22:30:00,1,213.7,431,2,1,2,212,Lost Customers,Premium,Organic Search
CUST101319,2025-09-04 17:45:00,1,495.22,118,4,1,3,413,New Customers,Mainstream,Paid Search
CUST101320,2025-10-09 18:02:00,9,1087.5912700000001,83,4,5,5,455,Champions,Budget,Social Media
CUST101321,2024-06-13 21:35:00,2,214.26,566,2,2,2,222,Lost Customers,Mainstream,Organic Search
CUST101322,2025-04-17 11:23:00,2,464.43,258,3,2,3,323,Others,Budget,Referral
CUST101323,2025-10-22 10:31:00,3,451.56333,70,4,3,3,433,Potential Loyalists,Mainstream,Paid Search
CUST101325,2025-06-04 22:58:00,4,957.9456399999999,210,3,4,4,344,Loyal Customers,Mainstream,Social Media
CUST101328,2025-08-09 06:06:00,4,862.81,144,4,4,4,444,Champions,Mainstream,Affiliate
CUST101329,2025-05-30 11:18:00,4,666.55418,215,3,4,4,344,Loyal Customers,Premium,Social Media
CUST101330,2025-08-02 16:40:00,3,742.75,151,4,3,4,434,Potential Loyalists,Mainstream,Referral
CUST101331,2024-10-01 18:28:00,2,326.01,456,2,2,3,223,Lost Customers,Premium,Direct
CUST101332,2024-09-15 06:46:00,1,89.0,472,2,1,1,211,Lost Customers,Mainstream,Organic Search
CUST101334,2025-05-21 10:08:00,3,277.41,224,3,3,2,332,At Risk,Budget,Email
CUST101335,2025-05-15 02:43:00,2,138.05288,230,3,2,1,321,Others,Premium,Direct
CUST101336,2025-10-12 10:30:00,1,33.31,80,4,1,1,411,New Customers,Budget,Social Media
CUST101337,2023-03-15 05:44:00,1,311.3,1022,1,1,3,113,Lost Customers,Budget,Affiliate
CUST101338,2025-11-25 06:37:00,14,2497.42083,36,5,5,5,555,Champions,Budget,Email
CUST101339,2025-11-11 13:17:00,2,273.6,50,5,2,2,522,Potential Loyalists,Mainstream,Direct
CUST101341,2025-12-22 16:15:00,1,326.25602000000003,9,5,1,3,513,New Customers,Mainstream,Social Media
CUST101344,2025-10-16 07:40:00,5,929.5603,76,4,4,4,444,Champions,Budget,Organic Search
CUST101346,2025-02-04 06:48:00,6,1087.77104,330,3,5,5,355,Loyal Customers,Budget,Paid Search
CUST101347,2024-11-30 13:09:00,1,174.67305,396,2,1,2,212,Lost Customers,Mainstream,Paid Search
CUST101348,2025-11-30 22:35:00,2,308.21000000000004,31,5,2,3,523,Potential Loyalists,Mainstream,Organic Search
CUST101350,2024-07-05 16:59:00,2,193.98,544,2,2,2,222,Lost Customers,Mainstream,Organic Search
CUST101351,2025-12-12 04:16:00,7,1381.00269,19,5,5,5,555,Champions,Premium,Direct
CUST101352,2025-07-24 21:56:00,2,475.15,160,4,2,3,423,Potential Loyalists,Mainstream,Referral
CUST101353,2025-12-01 15:52:00,2,154.62,30,5,2,2,522,Potential Loyalists,Mainstream,Affiliate
CUST101354,2025-09-14 15:28:00,4,1074.17,108,4,4,5,445,Champions,Budget,Email
CUST101355,2024-08-16 19:15:00,1,131.62,502,2,1,1,211,Lost Customers,Mainstream,Email
CUST101356,2024-10-25 03:30:00,3,251.87532,432,2,3,2,232,At Risk,Mainstream,Email
CUST101357,2024-12-22 06:40:00,1,383.27,374,2,1,3,213,Lost Customers,Mainstream,Paid Search
CUST101358,2024-08-27 22:18:00,3,281.13745,491,2,3,2,232,At Risk,Mainstream,Social Media
CUST101359,2025-11-27 12:18:00,7,1868.20695,34,5,5,5,555,Champions,Mainstream,Direct
CUST101361,2025-12-21 19:50:00,9,1785.0165900000002,10,5,5,5,555,Champions,Budget,Paid Search
CUST101363,2025-09-07 00:21:00,1,68.34,115,4,1,1,411,New Customers,Mainstream,Direct
CUST101364,2023-02-01 03:46:00,1,409.87,1064,1,1,3,113,Lost Customers,Budget,Organic Search
CUST101365,2024-09-03 00:07:00,1,56.65,484,2,1,1,211,Lost Customers,Budget,Direct
CUST101366,2025-08-03 03:40:00,5,864.68221,150,4,4,4,444,Champions,Mainstream,Organic Search
CUST101367,2024-08-26 15:20:00,1,49.51,492,2,1,1,211,Lost Customers,Budget,Social Media
CUST101368,2025-07-14 01:38:00,3,832.49288,170,3,3,4,334,At Risk,Premium,Affiliate
CUST101370,2025-01-11 16:32:00,3,814.4363199999999,354,2,3,4,234,At Risk,Budget,Social Media
CUST101371,2025-04-14 04:28:00,2,192.889,261,3,2,2,322,Others,Mainstream,Affiliate
CUST101372,2025-03-16 08:39:00,1,71.76345,290,3,1,1,311,Others,Budget,Organic Search
CUST101373,2025-09-14 13:42:00,6,1174.1960000000001,108,4,5,5,455,Champions,Budget,Paid Search
CUST101374,2025-12-23 17:29:00,4,1451.8300000000002,8,5,4,5,545,Champions,Mainstream,Affiliate
CUST101375,2024-05-16 04:19:00,1,182.34,594,2,1,2,212,Lost Customers,Mainstream,Social Media
CUST101377,2025-06-10 20:15:00,8,1291.19632,204,3,5,5,355,Loyal Customers,Mainstream,Direct
CUST101378,2025-06-06 20:25:00,5,671.38489,208,3,4,4,344,Loyal Customers,Mainstream,Social Media
CUST101379,2025-12-19 05:22:00,11,1482.93816,12,5,5,5,555,Champions,Premium,Social Media
CUST101380,2025-07-29 11:59:00,8,2577.79,155,4,5,5,455,Champions,Mainstream,Social Media
CUST101381,2024-04-23 02:57:00,3,457.43016,617,1,3,3,133,Others,Mainstream,Paid Search
CUST101382,2024-10-12 10:42:00,3,328.35,445,2,3,3,233,At Risk,Budget,Social Media
CUST101384,2024-12-05 04:24:00,2,217.51,391,2,2,2,222,Lost Customers,Mainstream,Affiliate
CUST101385,2024-05-13 02:31:00,1,379.77,597,2,1,3,213,Lost Customers,Mainstream,Affiliate
CUST101386,2023-07-26 11:23:00,1,72.86,889,1,1,1,111,Lost Customers,Budget,Affiliate
CUST101387,2025-05-22 00:03:00,1,33.31,223,3,1,1,311,Others,Budget,Paid Search
CUST101388,2025-12-08 03:33:00,1,129.55,23,5,1,1,511,New Customers,Budget,Social Media
CUST101390,2025-09-18 11:41:00,3,747.37,104,4,3,4,434,Potential Loyalists,Mainstream,Email
CUST101392,2024-06-22 04:39:00,3,931.0135,557,2,3,4,234,At Risk,Budget,Direct
CUST101393,2024-11-24 05:16:00,2,72.55752,402,2,2,1,221,Lost Customers,Mainstream,Direct
CUST101394,2025-11-26 09:54:00,2,532.21467,35,5,2,3,523,Potential Loyalists,Mainstream,Organic Search
CUST101395,2025-01-26 05:29:00,1,126.42,339,3,1,1,311,Others,Budget,Social Media
CUST101396,2024-11-08 23:27:00,3,902.3672399999999,417,2,3,4,234,At Risk,Budget,Organic Search
CUST101397,2024-03-26 13:04:00,2,373.29594999999995,645,1,2,3,123,Lost Customers,Mainstream,Social Media
CUST101398,2023-06-22 10:22:00,1,32.3287,923,1,1,1,111,Lost Customers,Mainstream,Organic Search
CUST101399,2025-09-01 16:34:00,6,1424.8125599999998,121,4,5,5,455,Champions,Mainstream,Direct
CUST101402,2025-12-16 03:53:00,4,691.3248,15,5,4,4,544,Champions,Mainstream,Direct
CUST101403,2025-10-20 20:48:00,8,1312.81504,72,4,5,5,455,Champions,Premium,Organic Search
CUST101404,2025-04-26 03:17:00,6,769.21574,249,3,5,4,354,Loyal Customers,Mainstream,Email
CUST101405,2023-05-03 06:51:00,1,91.02771999999999,973,1,1,1,111,Lost Customers,Budget,Direct
CUST101406,2025-11-24 16:06:00,16,2934.28395,37,5,5,5,555,Champions,Premium,Affiliate
CUST101408,2025-02-22 14:44:00,1,451.25,312,3,1,3,313,Others,Premium,Email
CUST101409,2024-10-12 23:31:00,2,195.68,444,2,2,2,222,Lost Customers,Budget,Social Media
CUST101410,2024-09-05 02:22:00,3,504.71,482,2,3,3,233,At Risk,Mainstream,Organic Search
CUST101411,2025-12-01 09:54:00,11,1995.20422,30,5,5,5,555,Champions,Mainstream,Paid Search
CUST101414,2023-10-21 19:44:00,2,973.53,802,1,2,4,124,Lost Customers,Budget,Email
CUST101415,2024-12-19 08:09:00,3,613.7420000000001,377,2,3,4,234,At Risk,Budget,Organic Search
CUST101416,2025-09-30 17:25:00,2,240.7302,92,4,2,2,422,Potential Loyalists,Budget,Paid Search
CUST101417,2025-10-02 10:09:00,3,297.51559000000003,90,4,3,2,432,Potential Loyalists,Premium,Referral
CUST101418,2024-07-19 06:52:00,2,207.82,530,2,2,2,222,Lost Customers,Premium,Paid Search
CUST101419,2025-11-17 05:00:00,5,1745.90472,44,5,4,5,545,Champions,Mainstream,Organic Search
CUST101420,2024-11-24 16:31:00,1,115.9533,402,2,1,1,211,Lost Customers,Mainstream,Organic Search
CUST101422,2023-12-25 14:48:00,1,31.62,737,1,1,1,111,Lost Customers,Mainstream,Social Media
CUST101423,2025-12-22 17:50:00,5,732.33525,9,5,4,4,544,Champions,Premium,Direct
CUST101424,2025-05-21 21:42:00,2,441.8891,224,3,2,3,323,Others,Mainstream,Email
CUST101426,2024-12-21 16:46:00,1,88.22999999999999,375,2,1,1,211,Lost Customers,Budget,Paid Search
CUST101427,2025-11-27 00:47:00,8,1306.19363,34,5,5,5,555,Champions,Mainstream,Direct
CUST101428,2024-07-06 16:00:00,1,299.48,543,2,1,2,212,Lost Customers,Premium,Organic Search
CUST101429,2025-12-03 00:55:00,4,744.08592,28,5,4,4,544,Champions,Premium,Paid Search
CUST101430,2024-05-10 00:47:00,3,603.5,600,2,3,4,234,At Risk,Mainstream,Paid Search
CUST101431,2025-12-06 17:03:00,37,4934.69084,25,5,5,5,555,Champions,Budget,Referral
CUST101432,2023-10-11 14:37:00,3,830.0059,812,1,3,4,134,Others,Premium,Referral
CUST101433,2023-05-22 10:06:00,2,289.55726,954,1,2,2,122,Lost Customers,Mainstream,Organic Search
CUST101435,2024-01-26 08:19:00,1,121.57081000000001,705,1,1,1,111,Lost Customers,Budget,Referral
CUST101436,2025-12-14 01:49:00,1,244.08,17,5,1,2,512,New Customers,Mainstream,Paid Search
CUST101438,2025-11-04 11:12:00,8,1933.12739,57,4,5,5,455,Champions,Premium,Direct
CUST101440,2025-01-17 01:47:00,2,327.40192,348,3,2,3,323,Others,Mainstream,Organic Search
CUST101441,2025-09-06 19:48:00,7,923.72272,116,4,5,4,454,Champions,Premium,Email
CUST101442,2025-12-16 13:11:00,18,2878.21715,15,5,5,5,555,Champions,Budget,Email
CUST101443,2025-09-21 05:52:00,7,1474.9725,101,4,5,5,455,Champions,Budget,Social Media
CUST101444,2025-01-07 22:44:00,3,319.3997,358,2,3,3,233,At Risk,Budget,Social Media
CUST101445,2025-07-28 07:26:00,1,159.99,156,4,1,2,412,New Customers,Mainstream,Organic Search
CUST101446,2024-01-15 22:53:00,1,198.54000000000002,716,1,1,2,112,Lost Customers,Premium,Social Media
CUST101447,2025-07-12 12:28:00,3,1346.92333,172,3,3,5,335,At Risk,Premium,Organic Search
CUST101448,2025-11-01 00:28:00,1,217.06,60,4,1,2,412,New Customers,Premium,Organic Search
CUST101449,2024-04-20 16:00:00,1,42.59,620,1,1,1,111,Lost Customers,Mainstream,Organic Search
CUST101450,2025-11-26 04:38:00,2,586.9117,35,5,2,4,524,Potential Loyalists,Mainstream,Social Media
CUST101451,2025-12-14 18:27:00,2,232.52710000000002,17,5,2,2,522,Potential Loyalists,Budget,Organic Search
CUST101452,2024-01-27 16:14:00,2,445.79156,704,1,2,3,123,Lost Customers,Mainstream,Social Media
CUST101454,2025-10-25 12:33:00,2,333.4,67,4,2,3,423,Potential Loyalists,Mainstream,Affiliate
CUST101455,2025-12-22 10:11:00,9,1198.83435,9,5,5,5,555,Champions,Budget,Email
CUST101457,2025-06-07 08:19:00,3,201.93676,207,3,3,2,332,At Risk,Premium,Paid Search
CUST101459,2025-10-12 06:03:00,1,194.2,80,4,1,2,412,New Customers,Mainstream,Social Media
CUST101460,2025-12-14 03:06:00,2,322.22,17,5,2,3,523,Potential Loyalists,Premium,Direct
CUST101461,2023-04-10 20:21:00,1,66.91,996,1,1,1,111,Lost Customers,Mainstream,Affiliate
CUST101463,2025-04-28 15:55:00,2,194.42808,247,3,2,2,322,Others,Mainstream,Affiliate
CUST101464,2023-03-07 14:38:00,1,103.45,1030,1,1,1,111,Lost Customers,Mainstream,Email
CUST101465,2025-03-12 14:56:00,1,138.07,294,3,1,1,311,Others,Mainstream,Referral
CUST101467,2025-05-10 15:40:00,2,197.45000000000002,235,3,2,2,322,Others,Mainstream,Organic Search
CUST101469,2025-10-07 10:46:00,3,332.02,85,4,3,3,433,Potential Loyalists,Budget,Paid Search
CUST101470,2025-05-13 04:28:00,4,979.33116,232,3,4,4,344,Loyal Customers,Premium,Social Media
CUST101471,2025-11-22 04:53:00,1,189.32214,39,5,1,2,512,New Customers,Mainstream,Paid Search
CUST101472,2025-01-16 17:29:00,2,546.62,349,3,2,3,323,Others,Premium,Organic Search
CUST101474,2025-09-03 10:17:00,4,1118.381,119,4,4,5,445,Champions,Budget,Referral
CUST101475,2024-12-05 11:38:00,1,104.82234,391,2,1,1,211,Lost Customers,Mainstream,Direct
CUST101476,2023-11-05 12:07:00,1,324.5,787,1,1,3,113,Lost Customers,Mainstream,Email
CUST101478,2023-08-25 06:38:00,1,60.63,859,1,1,1,111,Lost Customers,Mainstream,Affiliate
CUST101479,2024-07-24 15:50:00,1,713.61,525,2,1,4,214,Lost Customers,Mainstream,Social Media
CUST101480,2025-09-20 13:05:00,1,111.18,102,4,1,1,411,New Customers,Mainstream,Email
CUST101481,2025-12-11 04:53:00,7,693.81126,20,5,5,4,554,Champions,Budget,Direct
CUST101484,2025-04-21 07:34:00,5,663.66327,254,3,4,4,344,Loyal Customers,Mainstream,Social Media
CUST101486,2025-09-05 00:29:00,4,1650.45,117,4,4,5,445,Champions,Budget,Email
CUST101489,2025-09-05 22:28:00,6,1233.53,117,4,5,5,455,Champions,Premium,Paid Search
CUST101491,2025-07-27 23:33:00,3,491.65175999999997,156,4,3,3,433,Potential Loyalists,Mainstream,Social Media
CUST101492,2025-06-14 20:24:00,3,309.98937,200,3,3,3,333,At Risk,Mainstream,Paid Search
CUST101493,2025-10-22 12:30:00,3,477.12656000000004,70,4,3,3,433,Potential Loyalists,Premium,Social Media
CUST101494,2025-11-28 17:50:00,4,1627.35,33,5,4,5,545,Champions,Premium,Paid Search
CUST101495,2023-06-06 20:23:00,1,254.91,939,1,1,2,112,Lost Customers,Budget,Paid Search
CUST101497,2024-12-12 15:14:00,1,270.74,384,2,1,2,212,Lost Customers,Premium,Social Media
CUST101498,2025-12-04 13:05:00,6,1942.7893399999998,27,5,5,5,555,Champions,Budget,Referral
CUST101499,2025-10-12 04:53:00,4,676.6938,80,4,4,4,444,Champions,Budget,Paid Search
CUST101500,2025-01-12 21:30:00,2,385.46000000000004,353,2,2,3,223,Lost Customers,Premium,Organic Search
CUST101501,2024-03-18 16:28:00,3,859.62533,653,1,3,4,134,Others,Mainstream,Paid Search
CUST101502,2024-09-14 15:02:00,1,248.58,473,2,1,2,212,Lost Customers,Premium,Paid Search
CUST101503,2025-09-19 11:21:00,1,16.83,103,4,1,1,411,New Customers,Mainstream,Paid Search
CUST101504,2024-05-12 04:40:00,1,128.51,598,2,1,1,211,Lost Customers,Mainstream,Social Media
CUST101505,2024-04-03 10:07:00,1,214.85,637,1,1,2,112,Lost Customers,Mainstream,Paid Search
CUST101506,2025-11-24 00:00:00,4,1097.07468,37,5,4,5,545,Champions,Mainstream,Referral
CUST101507,2025-02-01 23:49:00,2,743.0600000000001,332,3,2,4,324,Others,Premium,Social Media
CUST101508,2025-10-03 06:09:00,12,2207.62348,89,4,5,5,455,Champions,Mainstream,Organic Search
CUST101509,2025-02-12 13:42:00,1,233.37,322,3,1,2,312,Others,Premium,Direct
CUST101513,2025-01-25 14:46:00,2,462.73789999999997,340,3,2,3,323,Others,Budget,Email
CUST101515,2025-09-08 20:56:00,2,265.029,114,4,2,2,422,Potential Loyalists,Budget,Affiliate
CUST101516,2024-08-22 23:27:00,4,1191.8296,495,2,4,5,245,Loyal Customers,Budget,Organic Search
CUST101517,2025-10-18 05:55:00,1,95.01184,74,4,1,1,411,New Customers,Premium,Organic Search
CUST101520,2024-10-03 15:16:00,1,298.32,454,2,1,2,212,Lost Customers,Budget,Affiliate
CUST101522,2025-04-18 12:09:00,1,86.17,257,3,1,1,311,Others,Premium,Social Media
CUST101524,2025-12-29 19:44:00,5,519.01502,2,5,4,3,543,Loyal Customers,Mainstream,Organic Search
CUST101525,2024-09-05 18:17:00,1,314.61,482,2,1,3,213,Lost Customers,Mainstream,Paid Search
CUST101526,2024-10-11 22:16:00,1,21.0,446,2,1,1,211,Lost Customers,Premium,Organic Search
CUST101527,2025-09-15 19:29:00,2,267.59668,107,4,2,2,422,Potential Loyalists,Budget,Organic Search
CUST101528,2025-02-18 07:59:00,1,271.38712000000004,316,3,1,2,312,Others,Budget,Email
CUST101529,2025-09-11 16:27:00,6,691.17995,111,4,5,4,454,Champions,Mainstream,Email
CUST101531,2025-02-04 10:27:00,4,393.65999999999997,330,3,4,3,343,Loyal Customers,Mainstream,Paid Search
CUST101532,2025-12-10 01:28:00,9,1225.87758,21,5,5,5,555,Champions,Premium,Social Media
CUST101535,2025-09-14 18:49:00,6,1026.68734,108,4,5,5,455,Champions,Mainstream,Paid Search
CUST101536,2024-12-06 11:38:00,3,369.88128,390,2,3,3,233,At Risk,Premium,Social Media
CUST101537,2025-05-25 03:57:00,2,214.39,220,3,2,2,322,Others,Budget,Email
CUST101538,2024-05-24 23:22:00,2,201.65555,585,2,2,2,222,Lost Customers,Mainstream,Organic Search
CUST101539,2024-02-03 04:54:00,1,212.95,697,1,1,2,112,Lost Customers,Budget,Email
CUST101540,2024-08-29 00:40:00,5,630.37216,489,2,4,4,244,Loyal Customers,Premium,Organic Search
CUST101541,2024-11-11 06:30:00,3,270.37967000000003,415,2,3,2,232,At Risk,Budget,Organic Search
CUST101542,2024-06-22 12:22:00,2,257.50289999999995,557,2,2,2,222,Lost Customers,Mainstream,Direct
CUST101544,2025-12-16 11:19:00,3,535.77988,15,5,3,3,533,Potential Loyalists,Mainstream,Organic Search
CUST101546,2023-12-07 05:22:00,1,79.75,755,1,1,1,111,Lost Customers,Budget,Paid Search
CUST101547,2025-02-09 03:58:00,2,715.9481200000001,325,3,2,4,324,Others,Premium,Organic Search
CUST101549,2025-07-26 02:52:00,5,944.68193,158,4,4,4,444,Champions,Mainstream,Email
CUST101550,2025-12-04 08:48:00,2,329.37,27,5,2,3,523,Potential Loyalists,Budget,Email
CUST101552,2025-03-29 10:46:00,2,290.03166,277,3,2,2,322,Others,Mainstream,Affiliate
CUST101553,2025-11-09 09:24:00,7,1638.68526,52,5,5,5,555,Champions,Mainstream,Organic Search
CUST101554,2025-07-28 13:08:00,6,559.9450400000001,156,4,5,4,454,Champions,Budget,Social Media
CUST101555,2025-12-14 16:00:00,5,1231.67,17,5,4,5,545,Champions,Budget,Affiliate
CUST101556,2024-11-22 15:07:00,2,300.37,404,2,2,2,222,Lost Customers,Budget,Paid Search
CUST101557,2025-05-01 17:09:00,2,148.32,244,3,2,1,321,Others,Mainstream,Affiliate
CUST101558,2024-08-06 06:26:00,3,508.62595,512,2,3,3,233,At Risk,Budget,Affiliate
CUST101559,2024-08-21 19:38:00,2,364.66335999999995,497,2,2,3,223,Lost Customers,Mainstream,Affiliate
CUST101560,2025-10-20 03:58:00,1,71.81,72,4,1,1,411,New Customers,Mainstream,Paid Search
CUST101561,2024-10-23 03:50:00,4,383.61,434,2,4,3,243,Loyal Customers,Mainstream,Social Media
CUST101562,2025-07-06 14:53:00,4,680.1459500000001,178,3,4,4,344,Loyal Customers,Mainstream,Direct
CUST101563,2024-11-16 17:02:00,1,546.75,410,2,1,3,213,Lost Customers,Mainstream,Organic Search
CUST101564,2025-09-18 13:30:00,1,126.42,104,4,1,1,411,New Customers,Budget,Social Media
CUST101565,2024-08-24 20:37:00,1,243.19656,494,2,1,2,212,Lost Customers,Budget,Organic Search
CUST101567,2025-02-23 18:41:00,6,1032.4180000000001,311,3,5,5,355,Loyal Customers,Mainstream,Direct
CUST101568,2025-11-30 21:12:00,4,1101.94,31,5,4,5,545,Champions,Mainstream,Affiliate
CUST101569,2025-04-07 03:11:00,3,644.5237099999999,268,3,3,4,334,At Risk,Mainstream,Paid Search
CUST101570,2024-07-18 04:47:00,3,528.58,531,2,3,3,233,At Risk,Budget,Paid Search
CUST101572,2025-10-09 23:22:00,1,59.98,82,4,1,1,411,New Customers,Mainstream,Paid Search
CUST101573,2023-05-04 23:04:00,1,486.11,972,1,1,3,113,Lost Customers,Mainstream,Email
CUST101575,2023-09-18 20:05:00,2,419.46,835,1,2,3,123,Lost Customers,Budget,Organic Search
CUST101577,2025-12-11 19:11:00,10,2223.32964,20,5,5,5,555,Champions,Mainstream,Paid Search
CUST101578,2025-03-10 20:10:00,8,749.40946,296,3,5,4,354,Loyal Customers,Mainstream,Organic Search
CUST101579,2025-12-02 12:58:00,7,811.31961,29,5,5,4,554,Champions,Mainstream,Direct
CUST101581,2025-04-16 03:16:00,3,867.02,259,3,3,4,334,At Risk,Mainstream,Organic Search
CUST101582,2025-09-13 01:22:00,2,491.81437,109,4,2,3,423,Potential Loyalists,Budget,Email
CUST101583,2025-11-23 08:28:00,1,89.0,38,5,1,1,511,New Customers,Budget,Organic Search
CUST101584,2023-04-20 06:53:00,1,437.50287,986,1,1,3,113,Lost Customers,Budget,Social Media
CUST101586,2025-12-16 17:41:00,2,141.65660000000003,15,5,2,1,521,Potential Loyalists,Premium,Organic Search
CUST101587,2024-08-02 09:59:00,1,52.375859999999996,516,2,1,1,211,Lost Customers,Mainstream,Social Media
CUST101588,2024-05-05 02:12:00,1,485.68,605,2,1,3,213,Lost Customers,Mainstream,Paid Search
CUST101589,2025-03-16 01:11:00,1,432.481,290,3,1,3,313,Others,Budget,Email
CUST101590,2024-08-21 15:23:00,2,114.72907000000001,497,2,2,1,221,Lost Customers,Premium,Organic Search
CUST101591,2025-08-08 11:31:00,6,1404.5739800000001,145,4,5,5,455,Champions,Budget,Direct
CUST101593,2025-12-21 16:22:00,6,1277.77654,10,5,5,5,555,Champions,Premium,Referral
CUST101594,2024-10-30 18:24:00,1,238.31,427,2,1,2,212,Lost Customers,Budget,Direct
CUST101595,2023-09-10 14:50:00,2,293.11,843,1,2,2,122,Lost Customers,Premium,Referral
CUST101596,2023-07-28 11:25:00,1,130.86,887,1,1,1,111,Lost Customers,Mainstream,Referral
CUST101597,2024-04-21 08:43:00,2,593.91,619,1,2,4,124,Lost Customers,Premium,Organic Search
CUST101598,2025-07-03 12:32:00,3,731.71,181,3,3,4,334,At Risk,Mainstream,Organic Search
CUST101601,2024-01-25 13:52:00,2,663.29,706,1,2,4,124,Lost Customers,Premium,Social Media
CUST101602,2024-02-11 13:38:00,2,365.84794999999997,689,1,2,3,123,Lost Customers,Mainstream,Email
CUST101603,2025-07-06 19:16:00,2,253.2,178,3,2,2,322,Others,Premium,Social Media
CUST101604,2025-12-12 11:54:00,7,1606.9792200000002,19,5,5,5,555,Champions,Premium,Affiliate
CUST101605,2024-12-06 05:16:00,7,1281.29384,390,2,5,5,255,Loyal Customers,Mainstream,Email
CUST101607,2024-09-11 23:51:00,8,1642.91156,475,2,5,5,255,Loyal Customers,Budget,Organic Search
CUST101608,2024-10-09 03:12:00,1,194.91,448,2,1,2,212,Lost Customers,Premium,Social Media
CUST101609,2025-09-11 15:46:00,2,807.05,111,4,2,4,424,Potential Loyalists,Premium,Social Media
CUST101610,2025-10-25 15:02:00,4,567.5172399999999,67,4,4,4,444,Champions,Budget,Organic Search
CUST101611,2025-09-15 04:34:00,5,1037.89325,107,4,4,5,445,Champions,Mainstream,Social Media
CUST101612,2023-07-28 02:59:00,1,60.35282,887,1,1,1,111,Lost Customers,Mainstream,Email
CUST101614,2025-10-16 23:14:00,6,886.28,75,4,5,4,454,Champions,Budget,Organic Search
CUST101615,2025-02-01 20:22:00,4,612.61,333,3,4,4,344,Loyal Customers,Mainstream,Paid Search
CUST101616,2024-09-11 05:22:00,3,1090.24,476,2,3,5,235,At Risk,Mainstream,Organic Search
CUST101618,2025-12-30 18:01:00,3,503.05330000000004,1,5,3,3,533,Potential Loyalists,Premium,Referral
CUST101619,2025-11-23 17:18:00,1,280.86332000000004,38,5,1,2,512,New Customers,Mainstream,Email
CUST101620,2025-09-23 05:30:00,2,438.02,99,4,2,3,423,Potential Loyalists,Mainstream,Organic Search
CUST101622,2025-11-29 13:34:00,12,2279.94247,32,5,5,5,555,Champions,Budget,Email
CUST101623,2025-11-26 18:52:00,2,137.28587,35,5,2,1,521,Potential Loyalists,Budget,Paid Search
CUST101624,2025-12-04 23:29:00,3,578.99,26,5,3,4,534,Potential Loyalists,Budget,Direct
CUST101626,2025-09-20 21:17:00,19,2844.65953,102,4,5,5,455,Champions,Premium,Social Media
CUST101627,2025-07-13 16:09:00,5,1673.99,171,3,4,5,345,Loyal Customers,Mainstream,Organic Search
CUST101629,2024-04-27 15:13:00,2,88.98383999999999,613,2,2,1,221,Lost Customers,Mainstream,Paid Search
CUST101630,2025-11-16 16:05:00,5,744.66517,45,5,4,4,544,Champions,Mainstream,Organic Search
CUST101631,2024-10-05 10:09:00,3,739.5937700000001,452,2,3,4,234,At Risk,Mainstream,Direct
CUST101632,2024-06-24 17:15:00,1,16.48,555,2,1,1,211,Lost Customers,Budget,Direct
CUST101633,2025-11-26 06:12:00,8,1388.94066,35,5,5,5,555,Champions,Budget,Email
CUST101634,2023-10-18 22:32:00,2,462.52432999999996,805,1,2,3,123,Lost Customers,Premium,Paid Search
CUST101635,2025-12-23 10:55:00,2,96.51352,8,5,2,1,521,Potential Loyalists,Mainstream,Organic Search
CUST101636,2024-05-28 13:08:00,4,434.37852999999996,582,2,4,3,243,Loyal Customers,Budget,Direct
CUST101638,2023-04-17 23:46:00,1,65.77252999999999,988,1,1,1,111,Lost Customers,Mainstream,Direct
CUST101643,2025-09-26 18:29:00,15,1551.73737,96,4,5,5,455,Champions,Premium,Direct
CUST101644,2025-11-20 23:31:00,3,514.5795,40,5,3,3,533,Potential Loyalists,Mainstream,Organic Search
CUST101645,2025-04-11 20:20:00,2,213.49192000000002,264,3,2,2,322,Others,Budget,Email
CUST101646,2025-05-04 01:33:00,4,555.3,241,3,4,4,344,Loyal Customers,Budget,Social Media
CUST101648,2025-07-30 05:20:00,9,1047.66794,154,4,5,5,455,Champions,Budget,Paid Search
CUST101649,2024-03-12 10:31:00,1,223.69,659,1,1,2,112,Lost Customers,Budget,Paid Search
CUST101650,2025-11-27 17:51:00,5,1109.99,34,5,4,5,545,Champions,Mainstream,Email
CUST101652,2024-09-23 02:48:00,1,212.95,464,2,1,2,212,Lost Customers,Mainstream,Affiliate
CUST101653,2023-06-07 21:20:00,1,89.0,938,1,1,1,111,Lost Customers,Mainstream,Organic Search
CUST101655,2025-12-30 23:07:00,2,478.42,1,5,2,3,523,Potential Loyalists,Mainstream,Organic Search
CUST101661,2025-12-13 04:03:00,2,275.17,18,5,2,2,522,Potential Loyalists,Mainstream,Organic Search
CUST101662,2025-04-13 10:19:00,2,508.27554999999995,262,3,2,3,323,Others,Budget,Direct
CUST101663,2025-12-22 21:49:00,7,1347.70429,9,5,5,5,555,Champions,Budget,Paid Search
CUST101664,2024-05-06 09:51:00,3,391.29935,604,2,3,3,233,At Risk,Mainstream,Direct
CUST101665,2024-11-23 20:10:00,1,140.87,403,2,1,1,211,Lost Customers,Mainstream,Direct
CUST101670,2025-12-21 16:33:00,5,766.16364,10,5,4,4,544,Champions,Mainstream,Email
CUST101671,2024-10-22 17:58:00,4,365.65284999999994,435,2,4,3,243,Loyal Customers,Mainstream,Email
CUST101672,2025-03-17 09:32:00,1,205.13376,289,3,1,2,312,Others,Budget,Social Media
CUST101674,2023-02-07 12:19:00,1,73.03,1058,1,1,1,111,Lost Customers,Mainstream,Referral
CUST101675,2025-08-19 02:03:00,1,145.09,134,4,1,1,411,New Customers,Budget,Social Media
CUST101678,2025-10-17 00:02:00,3,507.58618,75,4,3,3,433,Potential Loyalists,Premium,Affiliate
CUST101679,2025-05-17 22:40:00,1,42.59,228,3,1,1,311,Others,Budget,Email
CUST101680,2023-04-30 11:48:00,1,337.48,976,1,1,3,113,Lost Customers,Budget,Referral
CUST101681,2025-11-21 09:38:00,14,3174.65944,40,5,5,5,555,Champions,Mainstream,Social Media
CUST101682,2025-07-09 06:42:00,2,593.02,175,3,2,4,324,Others,Mainstream,Organic Search
CUST101683,2025-05-24 07:54:00,3,827.91226,221,3,3,4,334,At Risk,Budget,Direct
CUST101684,2023-08-14 12:49:00,1,198.0636,870,1,1,2,112,Lost Customers,Mainstream,Email
CUST101685,2023-08-20 06:27:00,1,89.0,864,1,1,1,111,Lost Customers,Mainstream,Social Media
CUST101688,2025-08-03 22:48:00,2,838.89,150,4,2,4,424,Potential Loyalists,Budget,Paid Search
CUST101689,2025-10-21 11:15:00,1,78.32,71,4,1,1,411,New Customers,Budget,Email
CUST101690,2025-12-08 22:16:00,10,1368.07894,23,5,5,5,555,Champions,Premium,Paid Search
CUST101691,2025-09-15 03:37:00,2,115.23330000000001,107,4,2,1,421,Potential Loyalists,Budget,Organic Search
CUST101692,2023-07-30 17:57:00,1,85.0,885,1,1,1,111,Lost Customers,Budget,Paid Search
CUST101693,2025-10-08 02:26:00,4,1105.66,84,4,4,5,445,Champions,Premium,Organic Search
CUST101694,2025-03-30 20:56:00,3,251.88,276,3,3,2,332,At Risk,Premium,Direct
CUST101695,2025-09-17 11:19:00,2,656.56162,105,4,2,4,424,Potential Loyalists,Premium,Paid Search
CUST101698,2025-12-11 15:06:00,42,7177.37812,20,5,5,5,555,Champions,Mainstream,Direct
CUST101700,2024-11-29 21:08:00,1,171.36425,397,2,1,2,212,Lost Customers,Budget,Affiliate
CUST101701,2025-07-09 07:22:00,2,760.95,175,3,2,4,324,Others,Mainstream,Email
CUST101702,2025-03-30 13:37:00,1,145.42000000000002,276,3,1,1,311,Others,Budget,Referral
CUST101703,2025-12-05 14:15:00,7,1443.96832,26,5,5,5,555,Champions,Mainstream,Social Media
CUST101704,2025-01-16 03:23:00,3,618.8216,349,3,3,4,334,At Risk,Budget,Organic Search
CUST101705,2025-09-30 09:39:00,37,7253.66387,92,4,5,5,455,Champions,Mainstream,Social Media
CUST101707,2025-06-19 17:03:00,3,628.25728,195,3,3,4,334,At Risk,Premium,Email
CUST101708,2025-09-01 18:48:00,4,677.6200000000001,121,4,4,4,444,Champions,Premium,Referral
CUST101709,2023-10-15 13:16:00,1,511.0,808,1,1,3,113,Lost Customers,Mainstream,Email
CUST101710,2024-09-10 18:41:00,1,121.23,477,2,1,1,211,Lost Customers,Budget,Referral
CUST101711,2023-12-23 13:41:00,4,483.87,739,1,4,3,143,Loyal Customers,Premium,Paid Search
CUST101712,2025-03-22 13:07:00,2,1143.73,284,3,2,5,325,Others,Budget,Organic Search
CUST101713,2025-08-05 01:09:00,3,554.81474,148,4,3,4,434,Potential Loyalists,Budget,Social Media
CUST101714,2025-12-02 17:44:00,4,480.30751,29,5,4,3,543,Loyal Customers,Mainstream,Paid Search
CUST101715,2025-01-16 18:37:00,1,433.70586,349,3,1,3,313,Others,Mainstream,Direct
CUST101716,2025-10-06 01:25:00,5,818.20239,86,4,4,4,444,Champions,Budget,Organic Search
CUST101718,2025-12-15 01:25:00,6,1243.9546400000002,16,5,5,5,555,Champions,Budget,Email
CUST101719,2025-12-04 02:28:00,18,4409.40102,27,5,5,5,555,Champions,Mainstream,Paid Search
CUST101721,2025-04-15 09:57:00,2,126.9,260,3,2,1,321,Others,Mainstream,Organic Search
CUST101723,2025-07-21 04:10:00,4,663.0744,163,3,4,4,344,Loyal Customers,Premium,Referral
CUST101724,2024-11-23 18:32:00,1,44.47025,403,2,1,1,211,Lost Customers,Mainstream,Organic Search
CUST101725,2023-09-07 14:48:00,1,180.31,846,1,1,2,112,Lost Customers,Mainstream,Social Media
CUST101726,2025-11-21 07:34:00,3,790.10574,40,5,3,4,534,Potential Loyalists,Mainstream,Paid Search
CUST101727,2025-03-03 22:45:00,1,63.24,303,3,1,1,311,Others,Mainstream,Social Media
CUST101728,2025-09-26 22:35:00,2,256.0,96,4,2,2,422,Potential Loyalists,Mainstream,Social Media
CUST101729,2025-11-22 06:24:00,8,1820.67858,39,5,5,5,555,Champions,Budget,Paid Search
CUST101730,2025-09-06 12:07:00,2,292.05,116,4,2,2,422,Potential Loyalists,Premium,Referral
CUST101731,2025-08-26 18:04:00,8,1242.73385,127,4,5,5,455,Champions,Mainstream,Social Media
CUST101732,2025-11-01 23:05:00,3,385.46900000000005,60,4,3,3,433,Potential Loyalists,Premium,Affiliate
CUST101733,2025-09-11 18:17:00,1,172.34,111,4,1,2,412,New Customers,Mainstream,Direct
CUST101734,2025-12-22 21:18:00,2,94.15,9,5,2,1,521,Potential Loyalists,Mainstream,Social Media
CUST101735,2023-12-25 16:43:00,1,130.19,737,1,1,1,111,Lost Customers,Budget,Paid Search
CUST101736,2025-11-07 12:49:00,7,1617.56825,54,4,5,5,455,Champions,Mainstream,Referral
CUST101737,2025-01-31 11:56:00,1,38.01406,334,3,1,1,311,Others,Mainstream,Social Media
CUST101738,2025-12-01 23:53:00,2,517.1286,29,5,2,3,523,Potential Loyalists,Premium,Direct
CUST101739,2025-05-09 07:34:00,7,712.9404,236,3,5,4,354,Loyal Customers,Premium,Social Media
CUST101740,2023-07-20 02:17:00,2,331.08956,895,1,2,3,123,Lost Customers,Mainstream,Paid Search
CUST101741,2024-10-30 00:41:00,7,728.9915699999999,427,2,5,4,254,Loyal Customers,Premium,Direct
CUST101743,2025-08-09 22:19:00,3,634.0899999999999,144,4,3,4,434,Potential Loyalists,Premium,Paid Search
CUST101745,2023-06-22 21:47:00,1,19.08,923,1,1,1,111,Lost Customers,Budget,Social Media
CUST101746,2024-11-27 00:32:00,3,638.2520400000001,399,2,3,4,234,At Risk,Premium,Social Media
CUST101747,2023-10-09 23:05:00,3,481.89333999999997,814,1,3,3,133,Others,Mainstream,Direct
CUST101748,2025-02-15 05:54:00,4,773.7226,319,3,4,4,344,Loyal Customers,Mainstream,Organic Search
CUST101749,2025-10-15 13:45:00,7,1060.1375500000001,77,4,5,5,455,Champions,Mainstream,Paid Search
CUST101750,2024-06-27 09:59:00,1,111.22,552,2,1,1,211,Lost Customers,Budget,Paid Search
CUST101751,2025-11-13 16:45:00,6,1418.9638400000001,48,5,5,5,555,Champions,Budget,Direct
CUST101752,2024-09-22 00:48:00,4,700.13,465,2,4,4,244,Loyal Customers,Budget,Paid Search
CUST101753,2024-10-01 03:19:00,2,283.80805999999995,456,2,2,2,222,Lost Customers,Mainstream,Email
CUST101754,2024-01-15 15:51:00,2,230.75,716,1,2,2,122,Lost Customers,Mainstream,Referral
CUST101755,2025-10-10 09:09:00,4,707.75824,82,4,4,4,444,Champions,Mainstream,Direct
CUST101757,2024-08-05 09:18:00,1,54.71,513,2,1,1,211,Lost Customers,Budget,Paid Search
CUST101758,2025-11-22 19:06:00,3,598.23901,39,5,3,4,534,Potential Loyalists,Mainstream,Affiliate
CUST101759,2025-01-18 06:58:00,2,285.01,347,3,2,2,322,Others,Budget,Social Media
CUST101760,2025-04-17 11:48:00,1,385.46,258,3,1,3,313,Others,Premium,Paid Search
CUST101761,2025-12-04 06:55:00,1,137.57,27,5,1,1,511,New Customers,Mainstream,Paid Search
CUST101764,2023-01-01 15:51:00,1,115.39,1095,1,1,1,111,Lost Customers,Mainstream,Social Media
CUST101765,2025-05-12 15:39:00,1,192.91,233,3,1,2,312,Others,Budget,Organic Search
CUST101767,2024-08-22 19:22:00,1,167.86223999999999,496,2,1,2,212,Lost Customers,Budget,Paid Search
CUST101769,2025-09-06 06:53:00,2,150.63016,116,4,2,1,421,Potential Loyalists,Mainstream,Organic Search
CUST101770,2025-02-07 04:12:00,2,330.52326,327,3,2,3,323,Others,Mainstream,Paid Search
CUST101772,2025-02-26 06:46:00,3,485.28999999999996,308,3,3,3,333,At Risk,Premium,Paid Search
CUST101775,2025-09-27 14:20:00,11,2242.83196,95,4,5,5,455,Champions,Mainstream,Social Media
CUST101776,2024-09-05 02:12:00,1,111.78,482,2,1,1,211,Lost Customers,Mainstream,Email
CUST101777,2025-11-20 08:36:00,12,2004.53919,41,5,5,5,555,Champions,Mainstream,Paid Search
CUST101778,2024-11-24 14:05:00,2,193.23551,402,2,2,2,222,Lost Customers,Mainstream,Organic Search
CUST101780,2024-07-07 23:27:00,2,338.49535,541,2,2,3,223,Lost Customers,Mainstream,Social Media
CUST101781,2025-11-27 05:08:00,5,613.1276799999999,34,5,4,4,544,Champions,Mainstream,Paid Search
CUST101782,2023-08-25 06:55:00,1,16.21,859,1,1,1,111,Lost Customers,Premium,Direct
CUST101783,2023-09-02 18:15:00,2,424.7,851,1,2,3,123,Lost Customers,Mainstream,Paid Search
CUST101784,2025-05-08 15:44:00,2,157.91,237,3,2,2,322,Others,Mainstream,Paid Search
CUST101785,2024-11-22 11:35:00,3,899.37375,404,2,3,4,234,At Risk,Budget,Organic Search
CUST101786,2025-10-13 13:46:00,6,1215.15247,79,4,5,5,455,Champions,Budget,Email
CUST101787,2025-07-12 12:39:00,2,354.88,172,3,2,3,323,Others,Budget,Paid Search
CUST101788,2024-02-02 08:50:00,3,788.6545799999999,698,1,3,4,134,Others,Budget,Paid Search
CUST101789,2025-03-03 19:37:00,4,951.2589,303,3,4,4,344,Loyal Customers,Budget,Social Media
CUST101790,2025-12-10 06:14:00,13,2312.89186,21,5,5,5,555,Champions,Mainstream,Organic Search
CUST101791,2024-10-11 04:32:00,5,566.28738,446,2,4,4,244,Loyal Customers,Budget,Paid Search
CUST101793,2025-05-18 15:29:00,1,142.59,227,3,1,1,311,Others,Mainstream,Email
CUST101794,2025-11-10 06:01:00,2,341.234,51,5,2,3,523,Potential Loyalists,Mainstream,Paid Search
CUST101795,2025-12-03 13:17:00,7,1263.25724,28,5,5,5,555,Champions,Budget,Organic Search
CUST101796,2025-12-26 15:26:00,1,192.13,5,5,1,2,512,New Customers,Premium,Organic Search
CUST101797,2025-12-25 14:10:00,3,470.66999999999996,6,5,3,3,533,Potential Loyalists,Premium,Affiliate
CUST101798,2025-04-03 02:22:00,9,1039.67766,272,3,5,5,355,Loyal Customers,Premium,Referral
CUST101799,2024-11-05 23:08:00,2,239.76854000000003,420,2,2,2,222,Lost Customers,Mainstream,Organic Search
CUST101800,2024-03-17 16:40:00,3,672.19,654,1,3,4,134,Others,Premium,Affiliate
CUST101801,2025-05-22 09:19:00,3,802.59,223,3,3,4,334,At Risk,Mainstream,Social Media
CUST101802,2024-10-05 19:41:00,2,334.54,452,2,2,3,223,Lost Customers,Mainstream,Organic Search
CUST101804,2025-08-30 07:51:00,2,597.1197099999999,123,4,2,4,424,Potential Loyalists,Budget,Referral
CUST101805,2024-09-06 19:52:00,3,705.9306,481,2,3,4,234,At Risk,Premium,Social Media
CUST101806,2025-03-31 23:29:00,2,139.87884,274,3,2,1,321,Others,Mainstream,Email
CUST101807,2025-10-24 02:47:00,3,823.5672,68,4,3,4,434,Potential Loyalists,Budget,Affiliate
CUST101808,2023-07-03 14:27:00,1,214.85,912,1,1,2,112,Lost Customers,Budget,Paid Search
CUST101809,2025-12-28 21:10:00,3,388.26202,3,5,3,3,533,Potential Loyalists,Mainstream,Organic Search
CUST101810,2025-04-25 12:02:00,2,188.32746,250,3,2,2,322,Others,Premium,Social Media
CUST101811,2024-10-20 09:23:00,1,91.58988,437,2,1,1,211,Lost Customers,Premium,Affiliate
CUST101812,2025-06-25 02:05:00,3,969.62,189,3,3,4,334,At Risk,Budget,Paid Search
CUST101816,2025-12-10 10:23:00,15,2605.85238,21,5,5,5,555,Champions,Mainstream,Email
CUST101817,2024-11-16 02:06:00,1,111.78,410,2,1,1,211,Lost Customers,Mainstream,Organic Search
CUST101818,2025-09-26 17:59:00,1,79.42999999999999,96,4,1,1,411,New Customers,Mainstream,Direct
CUST101819,2024-12-06 03:01:00,2,262.54607,390,2,2,2,222,Lost Customers,Budget,Referral
CUST101821,2024-12-03 23:49:00,1,107.85119999999999,392,2,1,1,211,Lost Customers,Budget,Direct
CUST101822,2024-08-10 23:37:00,3,445.75454,507,2,3,3,233,At Risk,Mainstream,Paid Search
CUST101823,2025-11-05 01:56:00,11,1709.0294199999998,56,4,5,5,455,Champions,Mainstream,Social Media
CUST101824,2023-06-12 04:26:00,1,210.37,933,1,1,2,112,Lost Customers,Premium,Email
CUST101825,2025-12-14 11:59:00,3,1011.2682,17,5,3,4,534,Potential Loyalists,Budget,Organic Search
CUST101827,2024-09-18 08:47:00,4,1205.7919,469,2,4,5,245,Loyal Customers,Budget,Social Media
CUST101828,2025-11-17 22:00:00,2,509.21883,44,5,2,3,523,Potential Loyalists,Budget,Social Media
CUST101830,2025-08-06 04:39:00,3,93.81,147,4,3,1,431,Potential Loyalists,Budget,Paid Search
CUST101832,2025-11-23 20:07:00,1,241.2942,38,5,1,2,512,New Customers,Budget,Affiliate
CUST101834,2025-09-09 20:42:00,6,963.92015,113,4,5,4,454,Champions,Mainstream,Affiliate
CUST101835,2025-04-08 15:51:00,2,602.61,267,3,2,4,324,Others,Mainstream,Email
CUST101836,2025-12-13 22:06:00,1,191.44205,18,5,1,2,512,New Customers,Premium,Email
CUST101837,2025-07-27 13:22:00,1,54.38,157,4,1,1,411,New Customers,Mainstream,Organic Search
CUST101838,2023-10-06 02:14:00,2,742.0783499999999,817,1,2,4,124,Lost Customers,Premium,Direct
CUST101839,2025-09-09 06:34:00,3,288.19088,113,4,3,2,432,Potential Loyalists,Budget,Direct
CUST101840,2025-12-28 23:45:00,11,2886.76963,2,5,5,5,555,Champions,Premium,Referral
CUST101841,2024-09-01 06:17:00,3,574.922,486,2,3,4,234,At Risk,Mainstream,Email
CUST101842,2024-03-02 03:13:00,1,106.04,669,1,1,1,111,Lost Customers,Mainstream,Social Media
CUST101843,2024-05-08 11:03:00,1,307.55737999999997,602,2,1,3,213,Lost Customers,Mainstream,Paid Search
CUST101844,2025-11-03 21:16:00,2,1152.88,58,4,2,5,425,Potential Loyalists,Budget,Affiliate
CUST101845,2025-11-10 22:52:00,4,862.86036,51,5,4,4,544,Champions,Budget,Paid Search
CUST101847,2025-06-06 16:38:00,2,690.95,208,3,2,4,324,Others,Mainstream,Organic Search
CUST101848,2023-01-03 12:05:00,1,73.03,1093,1,1,1,111,Lost Customers,Premium,Referral
CUST101849,2025-02-24 06:34:00,1,24.921689999999998,310,3,1,1,311,Others,Budget,Referral
CUST101850,2025-11-22 20:07:00,4,942.66182,39,5,4,4,544,Champions,Budget,Email
CUST101851,2025-09-22 03:50:00,9,2140.96536,100,4,5,5,455,Champions,Mainstream,Paid Search
CUST101852,2023-05-27 10:19:00,1,109.75,949,1,1,1,111,Lost Customers,Mainstream,Organic Search
CUST101854,2025-05-02 17:08:00,7,1696.7409,243,3,5,5,355,Loyal Customers,Mainstream,Affiliate
CUST101857,2024-10-20 23:22:00,3,284.99212,436,2,3,2,232,At Risk,Budget,Paid Search
CUST101858,2025-11-07 22:56:00,2,389.14,54,4,2,3,423,Potential Loyalists,Budget,Direct
CUST101860,2025-04-03 00:58:00,2,318.6627,272,3,2,3,323,Others,Budget,Direct
CUST101861,2025-12-26 00:39:00,2,289.01,5,5,2,2,522,Potential Loyalists,Mainstream,Email
CUST101863,2025-06-04 18:11:00,3,974.2699999999999,210,3,3,4,334,At Risk,Budget,Referral
CUST101865,2023-02-02 08:35:00,1,189.31,1063,1,1,2,112,Lost Customers,Budget,Affiliate
CUST101866,2024-04-04 18:07:00,1,51.38688,636,1,1,1,111,Lost Customers,Premium,Email
CUST101867,2025-05-12 07:02:00,1,150.9,233,3,1,1,311,Others,Mainstream,Paid Search
CUST101868,2025-12-09 15:23:00,5,671.55096,22,5,4,4,544,Champions,Premium,Organic Search
CUST101869,2024-12-23 14:50:00,1,52.480000000000004,373,2,1,1,211,Lost Customers,Premium,Social Media
CUST101872,2025-11-20 10:36:00,8,1113.7873,41,5,5,5,555,Champions,Budget,Organic Search
CUST101873,2025-12-06 13:24:00,2,256.53999999999996,25,5,2,2,522,Potential Loyalists,Mainstream,Email
CUST101874,2025-01-31 19:48:00,3,738.97583,334,3,3,4,334,At Risk,Premium,Paid Search
CUST101875,2025-09-30 16:35:00,6,613.71487,92,4,5,4,454,Champions,Mainstream,Organic Search
CUST101876,2024-01-12 17:58:00,2,235.78,719,1,2,2,122,Lost Customers,Mainstream,Direct
CUST101877,2025-04-09 12:53:00,1,44.53524,266,3,1,1,311,Others,Premium,Paid Search
CUST101879,2023-12-26 23:15:00,2,268.53000000000003,735,1,2,2,122,Lost Customers,Mainstream,Paid Search
CUST101881,2025-07-25 19:45:00,2,740.7859000000001,159,4,2,4,424,Potential Loyalists,Budget,Paid Search
CUST101882,2023-03-19 08:36:00,1,66.91,1018,1,1,1,111,Lost Customers,Budget,Paid Search
CUST101883,2024-09-05 08:34:00,3,574.66909,482,2,3,4,234,At Risk,Mainstream,Social Media
CUST101884,2025-08-09 18:32:00,3,470.81204,144,4,3,3,433,Potential Loyalists,Premium,Direct
CUST101885,2025-11-21 17:11:00,5,1030.82161,40,5,4,5,545,Champions,Premium,Paid Search
CUST101888,2024-03-07 16:25:00,3,856.12,664,1,3,4,134,Others,Budget,Paid Search
CUST101889,2024-11-29 20:12:00,2,367.33611,397,2,2,3,223,Lost Customers,Mainstream,Organic Search
CUST101890,2023-02-07 17:02:00,1,78.25,1058,1,1,1,111,Lost Customers,Premium,Paid Search
CUST101891,2024-01-15 19:42:00,3,310.1664,716,1,3,3,133,Others,Premium,Referral
CUST101895,2024-12-07 10:28:00,3,256.01944,389,2,3,2,232,At Risk,Mainstream,Paid Search
CUST101896,2025-01-31 09:16:00,2,350.7251,334,3,2,3,323,Others,Budget,Email
CUST101897,2023-02-22 21:02:00,1,78.92,1043,1,1,1,111,Lost Customers,Budget,Paid Search
CUST101898,2025-07-20 18:34:00,4,595.8194,164,3,4,4,344,Loyal Customers,Premium,Social Media
CUST101899,2023-04-27 23:29:00,1,1039.2,978,1,1,5,115,Lost Customers,Budget,Email
CUST101901,2025-11-11 11:27:00,4,317.97791,50,5,4,3,543,Loyal Customers,Mainstream,Paid Search
CUST101902,2025-06-16 12:44:00,5,859.29252,198,3,4,4,344,Loyal Customers,Budget,Social Media
CUST101905,2025-01-19 02:59:00,2,1001.1500000000001,346,3,2,4,324,Others,Budget,Social Media
CUST101906,2025-08-24 06:50:00,2,373.63308,129,4,2,3,423,Potential Loyalists,Mainstream,Organic Search
CUST101907,2025-04-30 10:04:00,3,449.06,245,3,3,3,333,At Risk,Mainstream,Paid Search
CUST101908,2024-11-26 21:02:00,1,212.95,400,2,1,2,212,Lost Customers,Mainstream,Email
CUST101909,2023-11-15 17:14:00,2,315.7708,777,1,2,3,123,Lost Customers,Premium,Email
CUST101912,2025-08-27 01:27:00,3,942.02605,126,4,3,4,434,Potential Loyalists,Mainstream,Direct
CUST101913,2025-01-13 18:06:00,3,234.00558999999998,352,2,3,2,232,At Risk,Mainstream,Direct
CUST101914,2023-05-25 22:23:00,2,343.88,951,1,2,3,123,Lost Customers,Budget,Organic Search
CUST101915,2025-11-20 04:25:00,2,339.44509999999997,41,5,2,3,523,Potential Loyalists,Budget,Paid Search
CUST101917,2024-07-08 13:13:00,1,411.84000000000003,541,2,1,3,213,Lost Customers,Mainstream,Email
CUST101918,2025-01-03 21:29:00,2,470.14,362,2,2,3,223,Lost Customers,Mainstream,Affiliate
CUST101919,2025-10-10 14:45:00,3,679.41,82,4,3,4,434,Potential Loyalists,Premium,Social Media
CUST101920,2025-12-01 04:41:00,6,1014.10755,30,5,5,4,554,Champions,Budget,Affiliate
CUST101922,2025-07-07 06:42:00,3,621.90157,177,3,3,4,334,At Risk,Budget,Social Media
CUST101923,2025-10-25 23:19:00,2,314.06,66,4,2,3,423,Potential Loyalists,Premium,Social Media
CUST101924,2024-11-17 23:02:00,4,1260.80712,409,2,4,5,245,Loyal Customers,Mainstream,Paid Search
CUST101926,2023-06-14 00:18:00,1,285.61,931,1,1,2,112,Lost Customers,Mainstream,Paid Search
CUST101927,2025-12-23 06:41:00,1,118.79,8,5,1,1,511,New Customers,Budget,Paid Search
CUST101928,2024-02-24 11:14:00,2,539.35,676,1,2,3,123,Lost Customers,Mainstream,Affiliate
CUST101929,2024-08-10 18:16:00,1,38.65,508,2,1,1,211,Lost Customers,Premium,Affiliate
CUST101930,2024-12-22 22:44:00,1,51.4457,374,2,1,1,211,Lost Customers,Mainstream,Direct
CUST101931,2025-08-26 05:35:00,18,3469.06583,127,4,5,5,455,Champions,Budget,Affiliate
CUST101933,2025-04-03 11:05:00,2,378.96534999999994,272,3,2,3,323,Others,Mainstream,Affiliate
CUST101935,2025-09-14 10:19:00,5,861.95248,108,4,4,4,444,Champions,Budget,Organic Search
CUST101936,2025-11-05 20:12:00,1,128.51,56,4,1,1,411,New Customers,Premium,Direct
CUST101937,2025-03-16 07:57:00,10,1883.1332,290,3,5,5,355,Loyal Customers,Premium,Social Media
CUST101938,2025-05-30 23:30:00,4,530.3938800000001,214,3,4,3,343,Loyal Customers,Budget,Email
CUST101939,2024-06-05 11:52:00,5,1236.91348,574,2,4,5,245,Loyal Customers,Mainstream,Social Media
CUST101940,2024-11-13 01:35:00,4,571.30527,413,2,4,4,244,Loyal Customers,Budget,Organic Search
CUST101941,2025-08-27 17:24:00,7,1506.13995,126,4,5,5,455,Champions,Budget,Organic Search
CUST101943,2024-06-02 06:45:00,3,767.15411,577,2,3,4,234,At Risk,Budget,Social Media
CUST101944,2025-11-06 04:32:00,4,854.4399999999999,55,4,4,4,444,Champions,Budget,Organic Search
CUST101945,2024-08-11 23:15:00,1,89.0,506,2,1,1,211,Lost Customers,Mainstream,Email
CUST101946,2023-08-02 15:28:00,1,116.7674,882,1,1,1,111,Lost Customers,Premium,Organic Search
CUST101947,2023-07-01 02:29:00,1,75.85,914,1,1,1,111,Lost Customers,Budget,Social Media
CUST101949,2025-12-16 19:44:00,6,788.6097599999999,15,5,5,4,554,Champions,Budget,Social Media
CUST101951,2025-11-26 04:54:00,7,1145.69,35,5,5,5,555,Champions,Premium,Social Media
CUST101952,2025-07-26 01:01:00,3,924.85313,158,4,3,4,434,Potential Loyalists,Mainstream,Affiliate
CUST101953,2025-04-10 16:43:00,2,214.20186999999999,265,3,2,2,322,Others,Mainstream,Direct
CUST101957,2025-11-08 07:06:00,10,2131.4325,53,4,5,5,455,Champions,Premium,Social Media
CUST101959,2025-07-07 18:01:00,4,976.26,177,3,4,4,344,Loyal Customers,Premium,Paid Search
CUST101960,2025-05-24 06:59:00,1,121.73,221,3,1,1,311,Others,Mainstream,Paid Search
CUST101962,2024-12-04 05:17:00,2,313.11875,392,2,2,3,223,Lost Customers,Budget,Referral
CUST101964,2024-05-30 10:48:00,2,245.15706,580,2,2,2,222,Lost Customers,Mainstream,Social Media
CUST101966,2023-01-24 02:00:00,1,329.48,1072,1,1,3,113,Lost Customers,Mainstream,Paid Search
CUST101969,2024-09-04 08:15:00,1,73.03,483,2,1,1,211,Lost Customers,Mainstream,Organic Search
CUST101970,2023-10-04 03:44:00,1,128.51,819,1,1,1,111,Lost Customers,Budget,Direct
CUST101971,2025-09-14 04:27:00,1,274.89404,108,4,1,2,412,New Customers,Mainstream,Paid Search
CUST101972,2025-06-21 14:47:00,8,1563.5726200000001,193,3,5,5,355,Loyal Customers,Mainstream,Social Media
CUST101973,2025-10-29 03:29:00,2,383.83,63,4,2,3,423,Potential Loyalists,Budget,Paid Search
CUST101974,2025-08-23 10:13:00,7,591.4628,130,4,5,4,454,Champions,Budget,Organic Search
CUST101975,2025-06-03 20:22:00,8,1218.65196,211,3,5,5,355,Loyal Customers,Mainstream,Paid Search
CUST101977,2023-11-14 11:32:00,1,265.3,778,1,1,2,112,Lost Customers,Budget,Email
CUST101978,2025-11-25 19:05:00,4,485.07204,36,5,4,3,543,Loyal Customers,Budget,Email
CUST101979,2025-12-12 16:05:00,1,76.53999999999999,19,5,1,1,511,New Customers,Mainstream,Paid Search
CUST101980,2025-10-12 03:11:00,4,762.3599999999999,80,4,4,4,444,Champions,Budget,Direct
CUST101981,2025-03-29 21:32:00,1,235.74,277,3,1,2,312,Others,Premium,Email
CUST101983,2025-03-29 06:32:00,4,1148.06293,277,3,4,5,345,Loyal Customers,Premium,Organic Search
CUST101986,2025-10-03 19:14:00,5,1028.3500000000001,89,4,4,5,445,Champions,Mainstream,Social Media
CUST101987,2024-10-30 12:28:00,3,368.06214,427,2,3,3,233,At Risk,Budget,Paid Search
CUST101988,2025-10-13 09:28:00,2,177.44,79,4,2,2,422,Potential Loyalists,Budget,Paid Search
CUST101989,2025-11-20 23:28:00,3,382.04,40,5,3,3,533,Potential Loyalists,Mainstream,Organic Search
CUST101990,2024-12-15 10:36:00,2,367.54049999999995,381,2,2,3,223,Lost Customers,Mainstream,Organic Search
CUST101992,2025-12-13 21:31:00,1,464.48,18,5,1,3,513,New Customers,Budget,Affiliate
CUST101993,2025-04-05 00:52:00,4,187.51,270,3,4,2,342,Loyal Customers,Budget,Organic Search
CUST101994,2024-12-05 04:38:00,2,141.79639,391,2,2,1,221,Lost Customers,Mainstream,Organic Search
CUST101995,2023-06-22 21:28:00,1,111.78,923,1,1,1,111,Lost Customers,Budget,Paid Search
CUST101996,2024-11-21 20:52:00,2,377.46,405,2,2,3,223,Lost Customers,Mainstream,Organic Search
CUST101997,2024-06-04 21:13:00,2,239.9,575,2,2,2,222,Lost Customers,Mainstream,Email
CUST101998,2024-05-09 05:09:00,1,89.0,601,2,1,1,211,Lost Customers,Mainstream,Affiliate
CUST101999,2025-10-19 19:07:00,2,711.30047,73,4,2,4,424,Potential Loyalists,Premium,Referral
CUST102000,2023-09-18 19:47:00,1,218.38,835,1,1,2,112,Lost Customers,Premium,Paid Search
CUST102001,2025-05-14 01:26:00,1,51.44348,231,3,1,1,311,Others,Budget,Direct
CUST102002,2025-08-29 19:50:00,2,680.54,124,4,2,4,424,Potential Loyalists,Budget,Direct
CUST102003,2024-04-21 18:53:00,1,126.14,619,1,1,1,111,Lost Customers,Mainstream,Paid Search
CUST102005,2025-04-11 02:29:00,1,108.53,264,3,1,1,311,Others,Budget,Email
CUST102006,2025-01-20 18:45:00,4,847.65492,345,3,4,4,344,Loyal Customers,Premium,Referral
CUST102007,2023-10-19 19:48:00,1,118.57,804,1,1,1,111,Lost Customers,Premium,Social Media
CUST102008,2025-01-24 02:01:00,5,904.2900000000001,341,3,4,4,344,Loyal Customers,Premium,Paid Search
CUST102010,2025-11-14 02:43:00,2,200.8,47,5,2,2,522,Potential Loyalists,Mainstream,Social Media
CUST102011,2025-12-25 00:03:00,7,1506.33,6,5,5,5,555,Champions,Mainstream,Affiliate
CUST102012,2024-08-24 02:10:00,2,321.1623,494,2,2,3,223,Lost Customers,Mainstream,Paid Search
CUST102013,2024-02-15 09:05:00,3,385.6,685,1,3,3,133,Others,Budget,Organic Search
CUST102014,2024-12-23 23:28:00,2,154.82999999999998,372,2,2,2,222,Lost Customers,Budget,Referral
CUST102016,2024-07-03 21:44:00,4,1068.5034,546,2,4,5,245,Loyal Customers,Mainstream,Social Media
CUST102017,2025-10-09 14:40:00,4,1083.36525,83,4,4,5,445,Champions,Mainstream,Email
CUST102019,2024-12-05 00:02:00,3,913.54,391,2,3,4,234,At Risk,Premium,Social Media
CUST102021,2023-06-26 00:38:00,1,39.5335,919,1,1,1,111,Lost Customers,Mainstream,Email
CUST102022,2025-05-04 02:51:00,2,219.70576,241,3,2,2,322,Others,Budget,Social Media
CUST102023,2024-03-31 13:51:00,2,474.51,640,1,2,3,123,Lost Customers,Budget,Referral
CUST102024,2024-10-07 07:41:00,2,499.12,450,2,2,3,223,Lost Customers,Mainstream,Email
CUST102026,2024-05-26 21:49:00,2,383.07818,584,2,2,3,223,Lost Customers,Premium,Paid Search
CUST102027,2025-07-10 20:11:00,4,856.89,174,3,4,4,344,Loyal Customers,Budget,Paid Search
CUST102028,2025-02-03 05:52:00,1,34.28,331,3,1,1,311,Others,Budget,Organic Search
CUST102030,2024-04-05 19:00:00,2,334.82698999999997,635,1,2,3,123,Lost Customers,Mainstream,Referral
CUST102031,2024-12-08 23:41:00,1,174.40605,387,2,1,2,212,Lost Customers,Mainstream,Affiliate
CUST102033,2023-09-18 04:29:00,1,70.97,835,1,1,1,111,Lost Customers,Premium,Referral
CUST102034,2024-06-01 02:13:00,1,58.14,578,2,1,1,211,Lost Customers,Budget,Email
CUST102035,2025-07-07 22:48:00,2,297.88,177,3,2,2,322,Others,Mainstream,Social Media
CUST102036,2023-10-24 20:11:00,2,175.17000000000002,799,1,2,2,122,Lost Customers,Mainstream,Email
CUST102037,2024-05-30 20:02:00,2,553.9300000000001,580,2,2,4,224,Lost Customers,Premium,Organic Search
CUST102039,2025-12-14 22:29:00,1,178.89765000000003,17,5,1,2,512,New Customers,Premium,Direct
CUST102040,2025-11-24 14:40:00,7,1400.69389,37,5,5,5,555,Champions,Mainstream,Social Media
CUST102041,2025-08-01 07:34:00,8,1822.5941599999999,152,4,5,5,455,Champions,Budget,Paid Search
CUST102042,2024-07-20 13:31:00,2,685.3199999999999,529,2,2,4,224,Lost Customers,Mainstream,Social Media
CUST102044,2025-06-20 05:07:00,2,215.60089,194,3,2,2,322,Others,Budget,Paid Search
CUST102045,2025-07-03 03:32:00,8,2235.14759,181,3,5,5,355,Loyal Customers,Budget,Affiliate
CUST102046,2023-08-02 21:52:00,1,140.87,882,1,1,1,111,Lost Customers,Budget,Affiliate
CUST102048,2025-12-21 17:39:00,4,347.052,10,5,4,3,543,Loyal Customers,Mainstream,Organic Search
CUST102049,2025-08-12 04:06:00,2,196.06,141,4,2,2,422,Potential Loyalists,Budget,Paid Search
CUST102050,2025-03-30 09:44:00,1,310.54823999999996,276,3,1,3,313,Others,Budget,Paid Search
CUST102051,2025-06-21 14:37:00,2,1269.02,193,3,2,5,325,Others,Mainstream,Organic Search
CUST102052,2025-07-21 03:12:00,3,1020.74,163,3,3,4,334,At Risk,Mainstream,Referral
CUST102054,2025-02-27 09:38:00,2,134.77494000000002,307,3,2,1,321,Others,Mainstream,Paid Search
CUST102055,2023-06-12 02:10:00,1,178.0,933,1,1,2,112,Lost Customers,Budget,Social Media
CUST102056,2025-12-17 03:27:00,9,1329.24754,14,5,5,5,555,Champions,Budget,Social Media
CUST102057,2025-11-15 05:53:00,2,398.75,46,5,2,3,523,Potential Loyalists,Budget,Organic Search
CUST102059,2025-11-22 09:58:00,21,4178.19276,39,5,5,5,555,Champions,Budget,Affiliate
CUST102060,2023-10-29 14:27:00,1,778.76,794,1,1,4,114,Lost Customers,Budget,Social Media
CUST102061,2025-12-29 06:06:00,41,9123.41672,2,5,5,5,555,Champions,Budget,Paid Search
CUST102062,2024-02-23 09:12:00,1,138.35,677,1,1,1,111,Lost Customers,Mainstream,Email
CUST102063,2025-05-27 05:11:00,2,285.845,218,3,2,2,322,Others,Premium,Paid Search
CUST102065,2025-11-13 08:08:00,1,552.95,48,5,1,4,514,New Customers,Mainstream,Affiliate
CUST102066,2025-10-07 16:30:00,6,1213.7442,85,4,5,5,455,Champions,Budget,Paid Search
CUST102067,2025-04-06 15:30:00,4,516.96192,269,3,4,3,343,Loyal Customers,Premium,Social Media
CUST102069,2025-05-01 14:53:00,2,976.45,244,3,2,4,324,Others,Budget,Social Media
CUST102070,2024-04-27 22:22:00,8,1558.5673299999999,613,2,5,5,255,Loyal Customers,Mainstream,Social Media
CUST102071,2025-11-13 01:45:00,3,869.5,48,5,3,4,534,Potential Loyalists,Budget,Affiliate
CUST102072,2025-10-10 19:46:00,1,112.76545999999999,82,4,1,1,411,New Customers,Budget,Organic Search
CUST102073,2023-08-26 14:46:00,2,214.1654,858,1,2,2,122,Lost Customers,Budget,Social Media
CUST102075,2023-12-13 01:09:00,2,429.98737,749,1,2,3,123,Lost Customers,Budget,Organic Search
CUST102076,2025-12-01 13:46:00,7,1392.40624,30,5,5,5,555,Champions,Budget,Direct
CUST102079,2025-02-02 17:07:00,2,523.34238,332,3,2,3,323,Others,Budget,Paid Search
CUST102080,2025-09-18 11:44:00,2,259.96999999999997,104,4,2,2,422,Potential Loyalists,Mainstream,Direct
CUST102081,2025-01-19 12:00:00,2,712.02,346,3,2,4,324,Others,Budget,Organic Search
CUST102082,2024-07-08 13:00:00,1,39.81,541,2,1,1,211,Lost Customers,Premium,Social Media
CUST102084,2025-11-05 14:42:00,3,372.428,56,4,3,3,433,Potential Loyalists,Budget,Social Media
CUST102085,2023-04-06 23:32:00,1,129.55,999,1,1,1,111,Lost Customers,Premium,Social Media
CUST102086,2024-01-27 07:39:00,1,459.15000000000003,704,1,1,3,113,Lost Customers,Premium,Organic Search
CUST102088,2025-11-17 14:32:00,6,729.8522399999999,44,5,5,4,554,Champions,Budget,Organic Search
CUST102089,2025-05-20 00:47:00,6,685.93721,225,3,5,4,354,Loyal Customers,Mainstream,Email
CUST102090,2023-04-12 17:59:00,1,400.34599999999995,994,1,1,3,113,Lost Customers,Premium,Social Media
CUST102093,2025-10-14 22:11:00,28,4477.89994,78,4,5,5,455,Champions,Mainstream,Paid Search
CUST102094,2025-12-18 14:18:00,3,846.2482,13,5,3,4,534,Potential Loyalists,Premium,Paid Search
CUST102095,2024-01-14 12:06:00,1,38.65,717,1,1,1,111,Lost Customers,Budget,Paid Search
CUST102096,2024-12-02 20:38:00,2,241.21215,394,2,2,2,222,Lost Customers,Premium,Social Media
CUST102097,2025-10-29 09:40:00,6,1443.69156,63,4,5,5,455,Champions,Premium,Paid Search
CUST102098,2024-11-27 20:53:00,2,553.87095,399,2,2,4,224,Lost Customers,Mainstream,Paid Search
CUST102099,2025-03-24 15:44:00,2,168.77999999999997,282,3,2,2,322,Others,Premium,Organic Search
CUST102100,2025-12-08 19:48:00,8,1340.41286,23,5,5,5,555,Champions,Mainstream,Social Media
CUST102102,2025-09-13 21:39:00,17,3786.43615,109,4,5,5,455,Champions,Mainstream,Social Media
CUST102103,2024-11-22 17:01:00,1,168.50104,404,2,1,2,212,Lost Customers,Premium,Affiliate
CUST102104,2024-06-11 11:26:00,1,325.21,568,2,1,3,213,Lost Customers,Mainstream,Paid Search
CUST102105,2024-06-05 20:47:00,2,85.55714,574,2,2,1,221,Lost Customers,Mainstream,Social Media
CUST102106,2024-12-12 20:02:00,11,1564.13959,384,2,5,5,255,Loyal Customers,Mainstream,Organic Search
CUST102107,2025-05-25 04:33:00,1,136.4,220,3,1,1,311,Others,Premium,Direct
CUST102108,2025-12-05 11:16:00,8,1447.97596,26,5,5,5,555,Champions,Budget,Paid Search
CUST102109,2023-03-11 07:38:00,1,89.0,1026,1,1,1,111,Lost Customers,Mainstream,Affiliate
CUST102110,2025-10-19 16:23:00,11,2155.19564,73,4,5,5,455,Champions,Mainstream,Email
CUST102111,2025-11-30 00:23:00,1,67.25107,31,5,1,1,511,New Customers,Premium,Social Media
CUST102112,2024-04-24 19:21:00,3,513.77,616,1,3,3,133,Others,Budget,Social Media
CUST102114,2024-08-19 03:00:00,3,290.6,499,2,3,2,232,At Risk,Budget,Paid Search
CUST102115,2025-03-28 12:21:00,2,148.84,278,3,2,1,321,Others,Mainstream,Direct
CUST102118,2025-08-23 01:04:00,2,141.60536,130,4,2,1,421,Potential Loyalists,Mainstream,Paid Search
CUST102119,2025-03-27 15:35:00,2,592.0269499999999,279,3,2,4,324,Others,Budget,Organic Search
CUST102121,2025-04-29 12:14:00,1,149.74,246,3,1,1,311,Others,Premium,Social Media
CUST102122,2024-02-16 07:37:00,2,109.88705999999999,684,1,2,1,121,Lost Customers,Mainstream,Email
CUST102123,2025-12-01 18:25:00,4,717.0989,30,5,4,4,544,Champions,Budget,Paid Search
CUST102124,2024-12-01 13:21:00,3,458.7251,395,2,3,3,233,At Risk,Mainstream,Affiliate
CUST102125,2025-01-09 14:44:00,5,577.85571,356,2,4,4,244,Loyal Customers,Mainstream,Paid Search
CUST102126,2025-11-28 14:40:00,10,1582.5072499999999,33,5,5,5,555,Champions,Mainstream,Organic Search
CUST102127,2025-12-12 12:45:00,17,3574.81334,19,5,5,5,555,Champions,Mainstream,Affiliate
CUST102128,2025-05-24 01:48:00,1,142.25616,221,3,1,1,311,Others,Premium,Referral
CUST102129,2023-08-07 20:09:00,1,286.49,877,1,1,2,112,Lost Customers,Premium,Social Media
CUST102130,2025-12-17 20:12:00,11,1758.63741,14,5,5,5,555,Champions,Budget,Direct
CUST102131,2024-12-09 05:17:00,9,1689.74026,387,2,5,5,255,Loyal Customers,Mainstream,Paid Search
CUST102132,2025-10-18 00:09:00,3,374.49167,74,4,3,3,433,Potential Loyalists,Mainstream,Paid Search
CUST102134,2025-06-15 18:39:00,6,1302.65084,199,3,5,5,355,Loyal Customers,Budget,Organic Search
CUST102135,2025-07-09 17:23:00,2,248.98000000000002,175,3,2,2,322,Others,Budget,Email
CUST102136,2025-08-21 09:34:00,6,1394.05615,132,4,5,5,455,Champions,Mainstream,Social Media
CUST102137,2025-10-26 02:48:00,2,359.14,66,4,2,3,423,Potential Loyalists,Mainstream,Social Media
CUST102138,2024-08-27 11:31:00,1,88.29,491,2,1,1,211,Lost Customers,Budget,Referral
CUST102139,2023-06-21 12:19:00,1,105.19352,924,1,1,1,111,Lost Customers,Premium,Organic Search
CUST102140,2025-12-05 21:39:00,1,111.78,26,5,1,1,511,New Customers,Budget,Paid Search
CUST102141,2025-09-05 00:55:00,2,388.9866,117,4,2,3,423,Potential Loyalists,Budget,Organic Search
CUST102142,2025-09-21 00:54:00,3,596.26009,101,4,3,4,434,Potential Loyalists,Budget,Referral
CUST102143,2025-06-23 18:11:00,2,384.869,191,3,2,3,323,Others,Budget,Social Media
CUST102144,2025-09-06 18:02:00,7,1303.5968,116,4,5,5,455,Champions,Budget,Affiliate
CUST102145,2025-11-27 05:32:00,7,682.83553,34,5,5,4,554,Champions,Mainstream,Direct
CUST102146,2023-06-30 04:21:00,1,185.55,915,1,1,2,112,Lost Customers,Budget,Referral
CUST102147,2025-11-03 01:49:00,17,3421.60419,58,4,5,5,455,Champions,Mainstream,Referral
CUST102152,2024-01-02 22:36:00,1,209.92335,729,1,1,2,112,Lost Customers,Mainstream,Paid Search
CUST102153,2025-11-24 20:44:00,6,716.3102,37,5,5,4,554,Champions,Mainstream,Direct
CUST102154,2025-05-31 19:18:00,2,280.00788,214,3,2,2,322,Others,Mainstream,Organic Search
CUST102156,2023-11-28 17:40:00,1,48.153240000000004,764,1,1,1,111,Lost Customers,Mainstream,Affiliate
CUST102157,2024-12-18 07:34:00,2,221.22994,378,2,2,2,222,Lost Customers,Mainstream,Organic Search
CUST102158,2025-08-03 00:44:00,1,257.75,150,4,1,2,412,New Customers,Budget,Organic Search
CUST102160,2024-12-20 17:15:00,3,1032.51173,376,2,3,5,235,At Risk,Premium,Social Media
CUST102161,2025-11-27 06:50:00,5,1755.91357,34,5,4,5,545,Champions,Mainstream,Email
CUST102162,2025-10-15 23:36:00,9,1284.77984,76,4,5,5,455,Champions,Mainstream,Organic Search
CUST102163,2024-10-15 13:04:00,1,101.06,442,2,1,1,211,Lost Customers,Mainstream,Social Media
CUST102166,2025-09-04 15:30:00,4,429.91385,118,4,4,3,443,Loyal Customers,Mainstream,Paid Search
CUST102167,2025-10-17 22:08:00,12,2533.97034,75,4,5,5,455,Champions,Budget,Paid Search
CUST102168,2024-07-23 02:59:00,1,185.77,526,2,1,2,212,Lost Customers,Mainstream,Direct
CUST102171,2024-01-18 14:09:00,2,1078.54,713,1,2,5,125,Lost Customers,Mainstream,Social Media
CUST102172,2025-11-30 10:44:00,1,190.21,31,5,1,2,512,New Customers,Budget,Email
CUST102174,2024-08-01 07:09:00,2,196.14,517,2,2,2,222,Lost Customers,Mainstream,Organic Search
CUST102175,2025-10-04 20:37:00,6,1463.16676,88,4,5,5,455,Champions,Mainstream,Social Media
CUST102178,2023-03-26 20:46:00,1,210.97,1011,1,1,2,112,Lost Customers,Mainstream,Email
CUST102179,2024-08-25 11:33:00,1,84.99,493,2,1,1,211,Lost Customers,Mainstream,Email
CUST102180,2025-10-01 16:24:00,3,780.6,91,4,3,4,434,Potential Loyalists,Mainstream,Paid Search
CUST102181,2025-11-22 02:42:00,2,277.00437999999997,39,5,2,2,522,Potential Loyalists,Budget,Social Media
CUST102182,2025-02-22 14:51:00,2,524.58,312,3,2,3,323,Others,Premium,Direct
CUST102183,2024-02-04 00:18:00,2,153.28,696,1,2,2,122,Lost Customers,Premium,Paid Search
CUST102184,2025-12-05 11:32:00,4,465.59599000000003,26,5,4,3,543,Loyal Customers,Budget,Organic Search
CUST102185,2025-11-02 04:17:00,1,168.21,59,4,1,2,412,New Customers,Budget,Email
CUST102186,2025-12-02 11:49:00,6,999.9100000000001,29,5,5,4,554,Champions,Budget,Direct
CUST102187,2025-09-30 07:56:00,1,30.73464,92,4,1,1,411,New Customers,Premium,Paid Search
CUST102188,2024-12-27 05:23:00,1,41.23,369,2,1,1,211,Lost Customers,Budget,Direct
CUST102189,2024-06-13 16:16:00,1,326.26,566,2,1,3,213,Lost Customers,Mainstream,Organic Search
CUST102190,2023-04-19 01:00:00,1,117.78503,987,1,1,1,111,Lost Customers,Premium,Direct
CUST102191,2025-12-08 07:20:00,2,280.45000000000005,23,5,2,2,522,Potential Loyalists,Budget,Direct
CUST102193,2025-12-14 02:39:00,7,657.7593899999999,17,5,5,4,554,Champions,Mainstream,Affiliate
CUST102194,2024-05-20 02:44:00,3,764.6358,590,2,3,4,234,At Risk,Budget,Affiliate
CUST102195,2025-12-03 05:20:00,2,191.74711,28,5,2,2,522,Potential Loyalists,Premium,Affiliate
CUST102196,2023-02-22 04:44:00,2,266.18600000000004,1043,1,2,2,122,Lost Customers,Mainstream,Social Media
CUST102198,2025-05-31 04:54:00,2,739.61691,214,3,2,4,324,Others,Mainstream,Paid Search
CUST102199,2025-03-16 20:29:00,2,108.08,290,3,2,1,321,Others,Mainstream,Paid Search
CUST102200,2024-12-17 08:10:00,8,1708.8848,379,2,5,5,255,Loyal Customers,Mainstream,Email
CUST102201,2025-07-10 11:32:00,3,619.72,174,3,3,4,334,At Risk,Mainstream,Paid Search
CUST102203,2025-07-04 18:44:00,1,79.75,180,3,1,1,311,Others,Budget,Organic Search
CUST102204,2025-07-11 23:47:00,1,95.15079,172,3,1,1,311,Others,Mainstream,Paid Search
CUST102205,2025-07-23 06:47:00,2,680.60029,161,4,2,4,424,Potential Loyalists,Budget,Organic Search
CUST102206,2024-12-26 02:23:00,3,753.8952400000001,370,2,3,4,234,At Risk,Mainstream,Paid Search
CUST102207,2025-08-05 21:05:00,2,231.18,148,4,2,2,422,Potential Loyalists,Premium,Paid Search
CUST102208,2023-01-09 15:00:00,1,89.0,1087,1,1,1,111,Lost Customers,Budget,Social Media
CUST102210,2023-11-05 02:55:00,2,161.36794,787,1,2,2,122,Lost Customers,Mainstream,Direct
CUST102211,2025-12-18 19:42:00,2,365.82031,13,5,2,3,523,Potential Loyalists,Budget,Organic Search
CUST102213,2024-02-28 18:46:00,3,181.43,672,1,3,2,132,Others,Mainstream,Email
CUST102215,2025-01-17 01:25:00,1,185.16,348,3,1,2,312,Others,Budget,Paid Search
CUST102216,2025-07-27 20:04:00,11,1700.1592,157,4,5,5,455,Champions,Mainstream,Direct
CUST102217,2025-04-19 00:39:00,1,173.99,256,3,1,2,312,Others,Budget,Email
CUST102218,2024-12-30 00:19:00,2,479.12358,366,2,2,3,223,Lost Customers,Premium,Paid Search
CUST102219,2025-09-09 22:30:00,4,1329.10584,113,4,4,5,445,Champions,Mainstream,Email
CUST102221,2025-12-03 14:41:00,26,5170.54082,28,5,5,5,555,Champions,Mainstream,Paid Search
CUST102222,2025-12-10 13:20:00,1,227.54999999999998,21,5,1,2,512,New Customers,Mainstream,Organic Search
CUST102223,2025-08-10 08:07:00,6,1013.8131500000001,143,4,5,4,454,Champions,Premium,Referral
CUST102224,2025-11-09 10:34:00,6,424.63559999999995,52,5,5,3,553,Loyal Customers,Mainstream,Organic Search
CUST102226,2024-09-04 03:56:00,1,113.97672,483,2,1,1,211,Lost Customers,Mainstream,Paid Search
CUST102227,2024-09-15 22:27:00,2,480.15386,472,2,2,3,223,Lost Customers,Mainstream,Paid Search
CUST102228,2023-05-17 14:05:00,2,803.38661,959,1,2,4,124,Lost Customers,Mainstream,Organic Search
CUST102230,2025-09-17 11:51:00,5,1483.9047,105,4,4,5,445,Champions,Premium,Direct
CUST102231,2025-11-16 10:58:00,5,984.38545,45,5,4,4,544,Champions,Budget,Referral
CUST102233,2025-02-24 07:50:00,5,1121.6207399999998,310,3,4,5,345,Loyal Customers,Budget,Paid Search
CUST102235,2023-11-12 20:11:00,1,170.9766,780,1,1,2,112,Lost Customers,Budget,Direct
CUST102236,2024-07-28 04:24:00,1,294.23,521,2,1,2,212,Lost Customers,Premium,Social Media
CUST102237,2024-07-25 15:12:00,3,409.11118,524,2,3,3,233,At Risk,Mainstream,Direct
CUST102238,2025-06-24 13:33:00,4,1384.3318,190,3,4,5,345,Loyal Customers,Mainstream,Organic Search
CUST102239,2025-11-30 16:49:00,2,142.33848,31,5,2,1,521,Potential Loyalists,Premium,Social Media
CUST102240,2025-02-26 23:26:00,3,510.6114,307,3,3,3,333,At Risk,Budget,Social Media
CUST102241,2023-10-05 05:11:00,1,148.29,818,1,1,1,111,Lost Customers,Budget,Email
CUST102242,2023-02-14 12:31:00,1,139.32,1051,1,1,1,111,Lost Customers,Budget,Social Media
CUST102243,2024-04-16 16:53:00,1,78.43,624,1,1,1,111,Lost Customers,Mainstream,Organic Search
CUST102244,2025-12-16 12:36:00,3,1290.1111799999999,15,5,3,5,535,Potential Loyalists,Mainstream,Social Media
CUST102245,2025-12-24 21:58:00,6,1056.45,7,5,5,5,555,Champions,Budget,Affiliate
CUST102246,2025-01-06 15:13:00,1,37.9,359,2,1,1,211,Lost Customers,Budget,Organic Search
CUST102247,2025-10-02 10:22:00,7,1011.3096800000001,90,4,5,4,454,Champions,Mainstream,Referral
CUST102249,2025-09-24 20:25:00,4,652.5398,98,4,4,4,444,Champions,Mainstream,Social Media
CUST102250,2025-06-03 17:59:00,3,372.43232,211,3,3,3,333,At Risk,Mainstream,Social Media
CUST102251,2023-12-30 20:25:00,1,102.51577,732,1,1,1,111,Lost Customers,Budget,Paid Search
CUST102253,2025-10-12 13:39:00,2,125.1566,80,4,2,1,421,Potential Loyalists,Mainstream,Direct
CUST102254,2025-08-08 23:14:00,4,390.59164999999996,144,4,4,3,443,Loyal Customers,Mainstream,Affiliate
CUST102255,2024-05-25 12:49:00,4,370.53,585,2,4,3,243,Loyal Customers,Mainstream,Paid Search
CUST102256,2023-06-25 05:36:00,1,218.02,920,1,1,2,112,Lost Customers,Mainstream,Affiliate
CUST102257,2025-07-10 21:24:00,4,629.62294,174,3,4,4,344,Loyal Customers,Premium,Organic Search
CUST102258,2023-11-26 19:36:00,2,171.17000000000002,766,1,2,2,122,Lost Customers,Mainstream,Email
CUST102260,2023-12-08 06:59:00,1,66.91,754,1,1,1,111,Lost Customers,Premium,Organic Search
CUST102261,2024-11-29 22:23:00,2,408.95,397,2,2,3,223,Lost Customers,Mainstream,Email
CUST102263,2025-02-21 19:03:00,2,728.5200000000001,313,3,2,4,324,Others,Mainstream,Affiliate
CUST102264,2025-10-12 14:10:00,6,1444.83813,80,4,5,5,455,Champions,Mainstream,Organic Search
CUST102265,2024-03-05 01:52:00,1,157.0,666,1,1,2,112,Lost Customers,Premium,Direct
CUST102266,2025-10-17 04:09:00,6,1165.40644,75,4,5,5,455,Champions,Budget,Social Media
CUST102267,2025-10-18 01:25:00,4,389.48,74,4,4,3,443,Loyal Customers,Mainstream,Paid Search
CUST102268,2023-04-02 20:23:00,1,126.14,1004,1,1,1,111,Lost Customers,Budget,Organic Search
CUST102269,2024-05-06 19:24:00,1,77.67,604,2,1,1,211,Lost Customers,Mainstream,Referral
CUST102270,2025-02-14 19:04:00,3,190.73180000000002,320,3,3,2,332,At Risk,Budget,Direct
CUST102271,2023-07-26 07:25:00,1,254.70999999999998,889,1,1,2,112,Lost Customers,Mainstream,Paid Search
CUST102273,2025-07-31 21:07:00,5,1308.24,153,4,4,5,445,Champions,Budget,Social Media
CUST102274,2025-07-04 13:54:00,1,156.26,180,3,1,2,312,Others,Budget,Email
CUST102276,2025-11-25 16:35:00,41,8029.82385,36,5,5,5,555,Champions,Mainstream,Direct
CUST102277,2025-02-18 07:22:00,1,503.63,316,3,1,3,313,Others,Budget,Organic Search
CUST102278,2025-11-20 10:27:00,7,1572.35141,41,5,5,5,555,Champions,Budget,Paid Search
CUST102279,2024-10-27 08:20:00,3,570.0035,430,2,3,4,234,At Risk,Budget,Paid Search
CUST102280,2023-09-04 22:42:00,2,290.38879,849,1,2,2,122,Lost Customers,Budget,Affiliate
CUST102281,2025-04-09 05:27:00,1,748.74,266,3,1,4,314,Others,Mainstream,Social Media
CUST102282,2024-12-16 04:13:00,8,1584.1831300000001,380,2,5,5,255,Loyal Customers,Budget,Paid Search
CUST102283,2025-04-29 06:17:00,3,650.29394,246,3,3,4,334,At Risk,Mainstream,Referral
CUST102284,2025-10-25 23:36:00,2,253.53661,66,4,3,2,432,Potential Loyalists,Budget,Social Media
CUST102285,2025-12-14 13:32:00,5,1076.22,17,5,4,5,545,Champions,Premium,Organic Search
CUST102286,2024-01-04 04:57:00,1,124.22739999999999,727,1,1,1,111,Lost Customers,Mainstream,Paid Search
CUST102287,2025-11-08 08:37:00,7,1989.94708,53,4,5,5,455,Champions,Mainstream,Referral
CUST102289,2025-09-11 11:16:00,14,3267.1975,111,4,5,5,455,Champions,Budget,Organic Search
CUST102290,2023-01-27 16:19:00,1,86.17,1069,1,1,1,111,Lost Customers,Budget,Organic Search
CUST102291,2025-11-24 20:38:00,2,224.60119999999998,37,5,3,2,532,Potential Loyalists,Mainstream,Organic Search
CUST102295,2025-02-27 04:05:00,3,694.71,307,3,3,4,334,At Risk,Mainstream,Organic Search
CUST102296,2025-11-20 18:20:00,3,670.98532,41,5,3,4,534,Potential Loyalists,Premium,Affiliate
CUST102297,2025-05-31 04:42:00,6,832.58793,214,3,5,4,354,Loyal Customers,Premium,Social Media
CUST102298,2023-11-28 23:33:00,1,208.70890000000003,763,1,1,2,112,Lost Customers,Mainstream,Organic Search
CUST102299,2024-10-21 11:25:00,2,172.49,436,2,3,2,232,At Risk,Mainstream,Social Media
CUST102300,2025-03-06 20:49:00,1,89.0,300,3,1,1,311,Others,Mainstream,Email
CUST102301,2023-08-05 08:20:00,1,108.53,879,1,1,1,111,Lost Customers,Mainstream,Direct
CUST102302,2025-10-04 19:38:00,21,4996.10909,88,4,5,5,455,Champions,Mainstream,Affiliate
CUST102303,2025-08-29 22:13:00,2,148.82864000000004,124,4,3,1,431,Potential Loyalists,Budget,Social Media
CUST102304,2025-08-18 19:52:00,1,449.1858,135,4,1,3,413,New Customers,Premium,Social Media
CUST102305,2025-04-30 06:24:00,2,461.48684000000003,245,3,3,3,333,At Risk,Budget,Organic Search
CUST102306,2025-09-25 23:28:00,3,654.90554,96,4,3,4,434,Potential Loyalists,Budget,Referral
CUST102307,2025-04-02 20:54:00,4,456.88050999999996,273,3,4,3,343,Loyal Customers,Budget,Email
CUST102310,2025-12-01 00:29:00,4,192.00376,30,5,4,2,542,Loyal Customers,Mainstream,Paid Search
CUST102315,2023-01-24 01:54:00,1,208.40449999999998,1072,1,1,2,112,Lost Customers,Budget,Paid Search
CUST102317,2024-11-10 10:00:00,1,276.7,416,2,1,2,212,Lost Customers,Budget,Referral
CUST102318,2024-12-15 09:25:00,4,413.65999999999997,381,2,4,3,243,Loyal Customers,Mainstream,Email
CUST102319,2023-08-27 00:12:00,1,27.888840000000002,857,1,1,1,111,Lost Customers,Premium,Social Media
CUST102320,2024-06-27 07:30:00,2,334.50982,552,2,3,3,233,At Risk,Budget,Organic Search
CUST102321,2025-12-06 19:42:00,6,1199.2644,25,5,5,5,555,Champions,Premium,Direct
CUST102323,2025-07-22 09:41:00,4,934.4443200000001,162,3,4,4,344,Loyal Customers,Premium,Email
CUST102324,2024-12-06 16:19:00,1,153.07929,390,2,1,2,212,Lost Customers,Mainstream,Email
CUST102325,2025-12-05 20:46:00,1,56.65,26,5,1,1,511,New Customers,Premium,Referral
CUST102329,2024-02-06 02:59:00,1,126.14,694,1,1,1,111,Lost Customers,Mainstream,Paid Search
CUST102330,2024-12-17 13:36:00,4,1609.38,379,2,4,5,245,Loyal Customers,Mainstream,Direct
CUST102331,2024-11-11 10:49:00,1,395.23,415,2,1,3,213,Lost Customers,Budget,Email
CUST102332,2025-12-06 02:57:00,6,1785.60516,25,5,5,5,555,Champions,Mainstream,Affiliate
CUST102333,2024-03-09 11:44:00,2,445.70000000000005,662,1,3,3,133,Others,Budget,Paid Search
CUST102334,2025-10-25 03:53:00,13,1204.51202,67,4,5,5,455,Champions,Mainstream,Social Media
CUST102335,2025-10-31 08:52:00,3,367.88,61,4,3,3,433,Potential Loyalists,Mainstream,Referral
CUST102336,2023-06-23 01:16:00,1,55.44,922,1,1,1,111,Lost Customers,Budget,Direct
CUST102339,2025-12-30 14:16:00,76,12292.67115,1,5,5,5,555,Champions,Budget,Affiliate
CUST102341,2025-10-13 12:29:00,4,842.47899,79,4,4,4,444,Champions,Budget,Affiliate
CUST102342,2024-10-13 09:33:00,1,208.64362,444,2,1,2,212,Lost Customers,Mainstream,Email
CUST102343,2025-02-09 20:35:00,1,267.0,325,3,1,2,312,Others,Mainstream,Direct
CUST102347,2025-12-19 01:15:00,6,828.9902400000001,12,5,5,4,554,Champions,Budget,Social Media
CUST102349,2024-06-30 22:25:00,1,212.24,549,2,1,2,212,Lost Customers,Mainstream,Email
CUST102350,2024-04-24 02:14:00,1,60.21,616,1,1,1,111,Lost Customers,Premium,Social Media
CUST102351,2024-03-17 12:57:00,2,510.2754,654,1,3,3,133,Others,Budget,Referral
CUST102355,2023-12-16 16:24:00,1,569.4675199999999,746,1,1,4,114,Lost Customers,Premium,Social Media
CUST102356,2025-01-07 21:15:00,2,161.5,358,2,3,2,232,At Risk,Premium,Email
CUST102357,2024-09-08 01:36:00,2,802.71173,479,2,3,4,234,At Risk,Mainstream,Direct
CUST102359,2025-08-02 14:34:00,9,1870.1171299999999,151,4,5,5,455,Champions,Budget,Organic Search
CUST102360,2025-12-01 21:36:00,6,1338.03568,30,5,5,5,555,Champions,Budget,Social Media
CUST102361,2025-08-12 12:31:00,3,813.51,141,4,3,4,434,Potential Loyalists,Mainstream,Direct
CUST102362,2025-08-28 00:45:00,1,285.81,125,4,1,2,412,New Customers,Premium,Social Media
CUST102363,2025-11-26 11:48:00,3,716.9302,35,5,3,4,534,Potential Loyalists,Mainstream,Direct
CUST102364,2025-12-13 22:06:00,11,1585.60341,18,5,5,5,555,Champions,Mainstream,Email
CUST102365,2025-08-11 11:17:00,6,1125.81509,142,4,5,5,455,Champions,Budget,Paid Search
CUST102368,2025-05-26 12:21:00,1,273.87,219,3,1,2,312,Others,Budget,Paid Search
CUST102372,2025-05-21 15:28:00,4,1300.90788,224,3,4,5,345,Loyal Customers,Premium,Social Media
CUST102373,2024-01-23 02:36:00,1,307.57,708,1,1,3,113,Lost Customers,Mainstream,Social Media
CUST102374,2025-12-06 20:22:00,8,1371.84889,25,5,5,5,555,Champions,Mainstream,Organic Search
CUST102375,2024-03-09 01:58:00,1,349.72,662,1,1,3,113,Lost Customers,Premium,Direct
CUST102376,2025-08-27 19:56:00,4,1955.1103699999999,126,4,4,5,445,Champions,Premium,Affiliate
CUST102377,2025-12-21 00:05:00,24,5154.62615,10,5,5,5,555,Champions,Budget,Referral
CUST102379,2025-03-24 14:01:00,1,242.24,282,3,1,2,312,Others,Budget,Direct
CUST102381,2025-12-24 00:04:00,36,6863.00404,7,5,5,5,555,Champions,Budget,Paid Search
CUST102383,2024-11-26 08:55:00,2,257.3934,400,2,3,2,232,At Risk,Mainstream,Organic Search
CUST102384,2024-04-28 17:34:00,1,266.38,612,2,1,2,212,Lost Customers,Premium,Referral
CUST102385,2023-11-08 03:00:00,1,156.8405,784,1,1,2,112,Lost Customers,Premium,Social Media
CUST102386,2025-08-01 03:43:00,2,358.8076,152,4,3,3,433,Potential Loyalists,Mainstream,Organic Search
CUST102387,2025-10-21 06:46:00,1,29.99,71,4,1,1,411,New Customers,Mainstream,Organic Search
CUST102388,2023-09-15 17:19:00,1,343.90999999999997,838,1,1,3,113,Lost Customers,Budget,Social Media
CUST102389,2025-12-24 00:00:00,32,6177.38408,7,5,5,5,555,Champions,Budget,Email
CUST102390,2025-10-07 23:42:00,4,885.2023,84,4,4,4,444,Champions,Mainstream,Social Media
CUST102391,2025-09-28 04:51:00,14,2192.7816000000003,94,4,5,5,455,Champions,Premium,Organic Search
CUST102392,2025-10-03 03:21:00,6,1012.3843999999999,89,4,5,4,454,Champions,Budget,Email
CUST102394,2025-05-30 21:34:00,10,2407.91928,215,3,5,5,355,Loyal Customers,Mainstream,Paid Search
CUST102395,2024-07-28 15:09:00,2,241.33,521,2,3,2,232,At Risk,Budget,Social Media
CUST102397,2024-08-14 22:21:00,2,42.01737,504,2,3,1,231,At Risk,Premium,Paid Search
CUST102398,2025-07-18 12:52:00,22,3945.51575,166,3,5,5,355,Loyal Customers,Budget,Direct
CUST102399,2023-09-30 04:25:00,1,118.79,823,1,1,1,111,Lost Customers,Mainstream,Affiliate
CUST102400,2024-02-25 09:05:00,1,60.63,675,1,1,1,111,Lost Customers,Budget,Organic Search
CUST102401,2024-06-02 17:45:00,1,46.51,577,2,1,1,211,Lost Customers,Mainstream,Organic Search
CUST102403,2025-01-25 10:45:00,3,655.49667,340,3,3,4,334,At Risk,Budget,Email
CUST102404,2025-11-29 18:41:00,13,2633.40355,32,5,5,5,555,Champions,Premium,Paid Search
CUST102405,2025-08-03 14:08:00,1,34.35985,150,4,1,1,411,New Customers,Premium,Social Media
CUST102407,2023-06-19 03:20:00,1,256.54,926,1,1,2,112,Lost Customers,Mainstream,Email
CUST102408,2024-11-28 13:54:00,1,153.66,398,2,1,2,212,Lost Customers,Budget,Affiliate
CUST102409,2025-12-04 09:03:00,6,1380.95405,27,5,5,5,555,Champions,Mainstream,Paid Search
CUST102413,2024-07-23 21:33:00,2,125.16999999999999,526,2,3,1,231,At Risk,Mainstream,Affiliate
CUST102414,2025-11-23 15:09:00,2,256.22938,38,5,3,2,532,Potential Loyalists,Budget,Email
CUST102416,2023-12-13 00:34:00,1,135.99805,749,1,1,1,111,Lost Customers,Mainstream,Email
CUST102417,2025-11-17 17:54:00,10,1917.6996100000001,44,5,5,5,555,Champions,Budget,Organic Search
CUST102420,2025-12-11 06:16:00,3,528.11861,20,5,3,3,533,Potential Loyalists,Budget,Referral
CUST102421,2025-12-03 12:20:00,32,5369.28568,28,5,5,5,555,Champions,Budget,Direct
CUST102422,2024-09-11 02:53:00,1,340.27,476,2,1,3,213,Lost Customers,Budget,Social Media
CUST102423,2024-10-22 22:15:00,2,549.26,435,2,3,4,234,At Risk,Mainstream,Organic Search
CUST102424,2025-09-02 16:02:00,1,185.04,120,4,1,2,412,New Customers,Budget,Paid Search
CUST102427,2025-09-14 02:16:00,1,123.7,108,4,1,1,411,New Customers,Mainstream,Direct
CUST102428,2025-09-02 10:29:00,5,660.38,120,4,4,4,444,Champions,Mainstream,Paid Search
CUST102429,2025-03-27 11:55:00,2,149.42511,279,3,3,1,331,At Risk,Premium,Paid Search
CUST102431,2023-09-04 09:23:00,2,277.74458,849,1,3,2,132,Others,Mainstream,Social Media
CUST102432,2025-12-06 07:35:00,2,591.8317900000001,25,5,3,4,534,Potential Loyalists,Mainstream,Organic Search
CUST102433,2025-09-29 07:01:00,2,366.81,93,4,3,3,433,Potential Loyalists,Budget,Direct
CUST102434,2024-09-29 14:50:00,2,648.16608,458,2,3,4,234,At Risk,Mainstream,Social Media
CUST102436,2023-11-01 22:39:00,1,85.62,791,1,1,1,111,Lost Customers,Premium,Email
CUST102438,2024-06-24 14:34:00,4,682.41,555,2,4,4,244,Loyal Customers,Budget,Email
CUST102441,2024-12-10 10:15:00,2,283.01751,386,2,3,2,232,At Risk,Mainstream,Social Media
CUST102442,2024-09-18 08:26:00,2,547.12274,469,2,3,3,233,At Risk,Premium,Organic Search
CUST102443,2025-11-29 09:52:00,6,719.87897,32,5,5,4,554,Champions,Budget,Social Media
CUST102444,2025-11-13 18:05:00,6,898.78335,48,5,5,4,554,Champions,Mainstream,Organic Search
CUST102445,2025-11-02 19:33:00,12,2224.59348,59,4,5,5,455,Champions,Premium,Social Media
CUST102447,2024-04-07 06:37:00,1,257.76142000000004,633,1,1,2,112,Lost Customers,Mainstream,Organic Search
CUST102451,2024-03-16 12:13:00,2,279.22,655,1,3,2,132,Others,Mainstream,Affiliate
CUST102452,2023-03-25 12:18:00,1,201.79000000000002,1012,1,1,2,112,Lost Customers,Budget,Referral
CUST102453,2025-12-22 15:53:00,3,159.02575000000002,9,5,3,2,532,Potential Loyalists,Premium,Paid Search
CUST102455,2025-04-19 22:36:00,2,122.25,256,3,3,1,331,At Risk,Mainstream,Affiliate
CUST102456,2024-12-19 03:10:00,3,315.86,377,2,3,3,233,At Risk,Premium,Email
CUST102457,2024-03-19 10:37:00,1,83.98649999999999,652,1,1,1,111,Lost Customers,Mainstream,Referral
CUST102458,2025-09-15 06:28:00,1,129.55,107,4,1,1,411,New Customers,Mainstream,Organic Search
CUST102459,2025-08-16 07:31:00,2,677.96,137,4,3,4,434,Potential Loyalists,Mainstream,Social Media
CUST102460,2025-12-01 08:14:00,10,1466.65355,30,5,5,5,555,Champions,Mainstream,Referral
CUST102461,2025-11-29 18:31:00,12,2991.76116,32,5,5,5,555,Champions,Mainstream,Social Media
CUST102462,2025-10-13 20:14:00,1,56.65,79,4,1,1,411,New Customers,Premium,Organic Search
CUST102463,2025-02-20 14:23:00,1,285.61,314,3,1,2,312,Others,Budget,Email
CUST102464,2024-03-31 13:20:00,3,315.67406000000005,640,1,3,3,133,Others,Budget,Direct
CUST102467,2025-05-08 01:02:00,1,146.38506,237,3,1,1,311,Others,Mainstream,Social Media
CUST102468,2025-08-15 03:01:00,3,300.81,138,4,3,2,432,Potential Loyalists,Mainstream,Paid Search
CUST102469,2024-10-20 06:21:00,2,350.51,437,2,3,3,233,At Risk,Budget,Email
CUST102470,2025-12-08 14:41:00,5,759.53801,23,5,4,4,544,Champions,Mainstream,Organic Search
CUST102471,2025-06-21 04:12:00,2,164.90519999999998,193,3,3,2,332,At Risk,Budget,Affiliate
CUST102472,2024-12-17 15:38:00,5,1099.5878,379,2,4,5,245,Loyal Customers,Mainstream,Email
CUST102473,2025-07-04 00:50:00,7,963.98894,180,3,5,4,354,Loyal Customers,Budget,Organic Search
CUST102474,2024-10-29 12:07:00,2,553.21688,428,2,3,4,234,At Risk,Budget,Referral
CUST102476,2025-04-05 22:26:00,2,678.8000000000001,270,3,3,4,334,At Risk,Mainstream,Paid Search
CUST102479,2025-05-24 03:18:00,2,332.68,221,3,3,3,333,At Risk,Budget,Direct
CUST102480,2024-01-02 15:09:00,1,358.20686,729,1,1,3,113,Lost Customers,Mainstream,Organic Search
CUST102481,2024-12-12 03:55:00,1,89.0,384,2,1,1,211,Lost Customers,Mainstream,Referral
CUST102482,2025-11-12 06:54:00,10,2171.44978,49,5,5,5,555,Champions,Mainstream,Paid Search
CUST102484,2025-05-09 13:58:00,2,244.99568,236,3,3,2,332,At Risk,Mainstream,Email
CUST102486,2024-12-15 13:12:00,7,989.38758,381,2,5,4,254,Loyal Customers,Mainstream,Affiliate
CUST102487,2024-11-29 18:44:00,1,355.23763,397,2,1,3,213,Lost Customers,Mainstream,Email
CUST102493,2025-10-27 03:51:00,3,671.3197,65,4,3,4,434,Potential Loyalists,Mainstream,Organic Search
CUST102498,2023-05-21 14:46:00,1,128.51,955,1,1,1,111,Lost Customers,Premium,Affiliate
CUST102499,2024-07-18 02:06:00,3,421.56,531,2,3,3,233,At Risk,Budget,Social Media
CUST102500,2025-08-14 23:56:00,2,441.0932,138,4,3,3,433,Potential Loyalists,Mainstream,Direct
CUST102501,2024-08-21 01:45:00,2,124.17511,497,2,3,1,231,At Risk,Budget,Paid Search
CUST102503,2025-11-21 03:51:00,2,231.57,40,5,3,2,532,Potential Loyalists,Premium,Organic Search
CUST102504,2023-03-18 20:52:00,1,99.60616,1019,1,1,1,111,Lost Customers,Budget,Paid Search
CUST102505,2025-06-29 10:39:00,3,219.78856,185,3,3,2,332,At Risk,Mainstream,Affiliate
CUST102507,2024-06-17 02:38:00,1,99.26513999999999,562,2,1,1,211,Lost Customers,Mainstream,Organic Search
CUST102509,2025-10-11 01:11:00,1,11.68,81,4,1,1,411,New Customers,Mainstream,Social Media
CUST102510,2025-12-05 05:46:00,27,5230.18538,26,5,5,5,555,Champions,Mainstream,Email
CUST102511,2024-12-23 22:41:00,21,3975.21716,373,2,5,5,255,Loyal Customers,Budget,Paid Search
CUST102512,2025-10-05 15:48:00,7,1457.4,87,4,5,5,455,Champions,Premium,Organic Search
CUST102513,2023-03-04 04:27:00,1,75.85,1033,1,1,1,111,Lost Customers,Premium,Paid Search
CUST102514,2025-11-26 17:21:00,8,1502.73067,35,5,5,5,555,Champions,Budget,Direct
CUST102515,2025-04-10 09:04:00,2,600.6,265,3,3,4,334,At Risk,Mainstream,Organic Search
CUST102516,2023-06-14 04:23:00,2,391.0,931,1,3,3,133,Others,Budget,Referral
CUST102517,2025-11-22 15:47:00,3,505.74352,39,5,3,3,533,Potential Loyalists,Premium,Affiliate
CUST102519,2025-05-17 21:37:00,5,899.9312199999999,228,3,4,4,344,Loyal Customers,Premium,Paid Search
CUST102520,2025-11-23 00:33:00,4,383.74262,38,5,4,3,543,Loyal Customers,Budget,Organic Search
CUST102523,2024-12-18 19:41:00,2,286.17409,378,2,3,2,232,At Risk,Budget,Paid Search
CUST102525,2024-12-03 04:11:00,4,261.88883,393,2,4,2,242,Loyal Customers,Budget,Email
CUST102526,2025-02-04 19:51:00,2,462.13781000000006,330,3,3,3,333,At Risk,Mainstream,Referral
CUST102527,2025-01-10 23:24:00,3,280.75973999999997,354,2,3,2,232,At Risk,Mainstream,Paid Search
CUST102529,2024-12-15 01:14:00,4,620.44079,381,2,4,4,244,Loyal Customers,Budget,Organic Search
CUST102530,2025-11-11 02:14:00,1,64.98,50,5,1,1,511,New Customers,Mainstream,Paid Search
CUST102531,2025-12-17 15:50:00,6,1612.43543,14,5,5,5,555,Champions,Mainstream,Organic Search
CUST102532,2024-10-03 23:40:00,1,157.14,453,2,1,2,212,Lost Customers,Budget,Referral
CUST102533,2023-06-07 09:47:00,1,35.47,938,1,1,1,111,Lost Customers,Mainstream,Email
CUST102534,2025-11-05 17:46:00,4,755.52,56,4,4,4,444,Champions,Mainstream,Social Media
CUST102535,2025-11-26 04:31:00,7,1407.54426,35,5,5,5,555,Champions,Budget,Organic Search
CUST102539,2025-08-09 13:54:00,2,810.72,144,4,3,4,434,Potential Loyalists,Premium,Social Media
CUST102541,2023-01-29 21:22:00,1,78.25,1067,1,1,1,111,Lost Customers,Mainstream,Paid Search
CUST102542,2025-09-25 02:11:00,4,982.5423999999999,97,4,4,4,444,Champions,Budget,Organic Search
CUST102544,2023-01-04 11:14:00,1,517.39,1092,1,1,3,113,Lost Customers,Premium,Email
CUST102545,2025-07-15 11:38:00,6,839.79898,169,3,5,4,354,Loyal Customers,Premium,Social Media
CUST102546,2023-05-24 13:59:00,1,149.74,952,1,1,1,111,Lost Customers,Mainstream,Email
CUST102548,2025-11-27 04:31:00,5,1562.44252,34,5,4,5,545,Champions,Mainstream,Organic Search
CUST102549,2023-03-26 06:49:00,1,208.22,1011,1,1,2,112,Lost Customers,Mainstream,Paid Search
CUST102550,2024-09-09 07:40:00,2,282.35200000000003,478,2,3,2,232,At Risk,Budget,Paid Search
CUST102551,2025-09-08 10:58:00,16,3318.37609,114,4,5,5,455,Champions,Mainstream,Referral
CUST102553,2024-01-30 17:50:00,1,380.61,701,1,1,3,113,Lost Customers,Mainstream,Paid Search
CUST102554,2023-06-23 04:08:00,1,29.99,922,1,1,1,111,Lost Customers,Mainstream,Organic Search
CUST102555,2024-01-12 08:41:00,1,155.25,719,1,1,2,112,Lost Customers,Premium,Organic Search
CUST102556,2025-12-09 06:08:00,5,671.99076,22,5,4,4,544,Champions,Premium,Direct
CUST102557,2024-12-12 04:20:00,1,103.82119,384,2,1,1,211,Lost Customers,Premium,Affiliate
CUST102558,2025-11-07 22:53:00,2,161.19482,54,4,3,2,432,Potential Loyalists,Premium,Social Media
CUST102560,2024-08-05 15:59:00,2,447.35292000000004,513,2,3,3,233,At Risk,Mainstream,Social Media
CUST102561,2025-11-28 23:52:00,2,326.07,32,5,3,3,533,Potential Loyalists,Budget,Social Media
CUST102562,2025-05-30 04:17:00,3,799.6,215,3,3,4,334,At Risk,Premium,Social Media
CUST102564,2025-09-03 18:55:00,1,204.41,119,4,1,2,412,New Customers,Mainstream,Paid Search
CUST102565,2024-11-08 17:04:00,4,230.05804,418,2,4,2,242,Loyal Customers,Budget,Paid Search
CUST102567,2025-11-13 18:17:00,3,269.34623999999997,48,5,3,2,532,Potential Loyalists,Budget,Social Media
CUST102568,2024-10-29 00:40:00,5,313.02447,428,2,4,3,243,Loyal Customers,Mainstream,Direct
CUST102569,2025-08-23 21:52:00,6,1435.23,130,4,5,5,455,Champions,Premium,Organic Search
CUST102570,2025-09-01 04:33:00,5,993.59,121,4,4,4,444,Champions,Budget,Referral
CUST102571,2025-11-28 10:37:00,5,948.73,33,5,4,4,544,Champions,Budget,Organic Search
CUST102572,2025-12-20 07:45:00,4,419.46982,11,5,4,3,543,Loyal Customers,Premium,Paid Search
CUST102573,2023-08-15 11:21:00,1,76.38999999999999,869,1,1,1,111,Lost Customers,Budget,Email
CUST102574,2024-09-24 06:45:00,2,603.578,463,2,3,4,234,At Risk,Mainstream,Paid Search
CUST102575,2024-05-05 18:42:00,2,560.59,605,2,3,4,234,At Risk,Premium,Direct
CUST102576,2025-12-21 19:52:00,4,1479.35,10,5,4,5,545,Champions,Mainstream,Affiliate
CUST102578,2025-07-26 12:43:00,1,188.28628,158,4,1,2,412,New Customers,Mainstream,Paid Search
CUST102580,2023-05-25 22:29:00,1,132.2,951,1,1,1,111,Lost Customers,Mainstream,Direct
CUST102581,2025-11-29 02:42:00,5,684.28823,32,5,4,4,544,Champions,Mainstream,Paid Search
CUST102584,2024-12-21 09:25:00,1,1121.04,375,2,1,5,215,Lost Customers,Budget,Social Media
CUST102585,2025-10-06 04:56:00,1,112.27000000000001,86,4,1,1,411,New Customers,Budget,Paid Search
CUST102586,2025-06-13 07:06:00,2,100.30556,201,3,3,1,331,At Risk,Budget,Direct
CUST102587,2025-02-07 11:19:00,2,200.18,327,3,3,2,332,At Risk,Premium,Email
CUST102588,2025-06-20 18:44:00,5,655.2780399999999,194,3,4,4,344,Loyal Customers,Mainstream,Paid Search
CUST102589,2024-07-06 18:12:00,5,681.0558599999999,543,2,4,4,244,Loyal Customers,Budget,Organic Search
CUST102590,2025-11-14 23:10:00,5,528.61695,46,5,4,3,543,Loyal Customers,Budget,Social Media
CUST102591,2024-11-25 16:34:00,1,121.00856,401,2,1,1,211,Lost Customers,Premium,Social Media
CUST102592,2025-12-14 21:22:00,1,133.88,17,5,1,1,511,New Customers,Budget,Direct
CUST102594,2025-07-03 21:28:00,3,1077.04,181,3,3,5,335,At Risk,Mainstream,Affiliate
CUST102595,2025-02-18 20:12:00,2,240.06252,316,3,3,2,332,At Risk,Mainstream,Paid Search
CUST102596,2024-01-07 23:57:00,1,260.5,723,1,1,2,112,Lost Customers,Mainstream,Direct
CUST102597,2025-08-22 17:44:00,5,1437.10727,131,4,4,5,445,Champions,Premium,Direct
CUST102598,2025-12-12 20:03:00,1,161.39842,19,5,1,2,512,New Customers,Budget,Email
CUST102599,2025-05-04 08:45:00,2,159.4523,241,3,3,2,332,At Risk,Mainstream,Affiliate
CUST102600,2024-01-31 01:35:00,1,128.91537,700,1,1,1,111,Lost Customers,Budget,Organic Search
CUST102601,2023-10-21 17:18:00,1,182.94,802,1,1,2,112,Lost Customers,Mainstream,Email
CUST102602,2023-03-30 09:37:00,1,42.59,1007,1,1,1,111,Lost Customers,Mainstream,Paid Search
CUST102603,2024-06-26 17:13:00,4,709.89964,553,2,4,4,244,Loyal Customers,Mainstream,Organic Search
CUST102604,2025-02-14 00:29:00,2,216.41,320,3,3,2,332,At Risk,Premium,Social Media
CUST102607,2025-11-20 14:26:00,3,355.69685000000004,41,5,3,3,533,Potential Loyalists,Mainstream,Social Media
CUST102608,2023-07-01 21:16:00,1,437.35,914,1,1,3,113,Lost Customers,Mainstream,Direct
CUST102609,2024-04-17 10:59:00,2,220.5,623,1,3,2,132,Others,Premium,Referral
CUST102610,2024-10-19 08:27:00,5,720.58183,438,2,4,4,244,Loyal Customers,Budget,Referral
CUST102611,2024-10-27 00:40:00,1,118.79,430,2,1,1,211,Lost Customers,Mainstream,Paid Search
CUST102613,2024-01-17 23:36:00,1,399.4,713,1,1,3,113,Lost Customers,Budget,Social Media
CUST102614,2025-01-18 18:44:00,3,735.47532,347,3,3,4,334,At Risk,Mainstream,Referral
CUST102615,2023-09-05 03:06:00,1,232.09,848,1,1,2,112,Lost Customers,Budget,Social Media
CUST102616,2025-10-03 10:34:00,2,505.07,89,4,3,3,433,Potential Loyalists,Budget,Direct
CUST102617,2023-11-20 11:54:00,3,1135.1644999999999,772,1,3,5,135,Others,Mainstream,Affiliate
CUST102618,2024-10-14 13:14:00,3,381.0424,443,2,3,3,233,At Risk,Budget,Social Media
CUST102620,2025-12-14 00:15:00,4,1453.3999700000002,17,5,4,5,545,Champions,Mainstream,Social Media
CUST102621,2025-05-29 10:56:00,3,845.5600000000001,216,3,3,4,334,At Risk,Mainstream,Email
CUST102622,2023-02-12 19:32:00,1,140.87,1053,1,1,1,111,Lost Customers,Mainstream,Social Media
CUST102623,2025-06-12 01:26:00,2,645.66845,202,3,3,4,334,At Risk,Premium,Affiliate
CUST102625,2025-12-13 09:43:00,1,193.38,18,5,1,2,512,New Customers,Budget,Referral
CUST102626,2024-02-09 04:14:00,1,117.84258000000003,691,1,1,1,111,Lost Customers,Budget,Organic Search
CUST102627,2024-07-08 20:25:00,1,28.54,541,2,1,1,211,Lost Customers,Mainstream,Social Media
CUST102628,2025-12-24 20:15:00,2,218.24475,7,5,3,2,532,Potential Loyalists,Mainstream,Direct
CUST102629,2023-04-28 18:42:00,1,599.61,978,1,1,4,114,Lost Customers,Premium,Affiliate
CUST102630,2025-01-25 22:16:00,1,649.0,340,3,1,4,314,Others,Mainstream,Affiliate
CUST102631,2024-11-24 21:04:00,1,158.18,402,2,1,2,212,Lost Customers,Mainstream,Referral
CUST102633,2025-06-08 15:34:00,1,241.39842000000002,206,3,1,2,312,Others,Mainstream,Paid Search
CUST102634,2025-05-04 10:11:00,1,100.68366,241,3,1,1,311,Others,Mainstream,Referral
CUST102636,2025-10-10 19:56:00,6,1013.8,82,4,5,4,454,Champions,Budget,Direct
CUST102637,2024-08-22 08:05:00,8,941.4546799999999,496,2,5,4,254,Loyal Customers,Mainstream,Paid Search
CUST102638,2025-11-23 17:35:00,3,287.69342,38,5,3,2,532,Potential Loyalists,Budget,Affiliate
CUST102639,2025-12-02 03:02:00,10,2835.06964,29,5,5,5,555,Champions,Mainstream,Social Media
CUST102640,2025-01-16 21:47:00,1,11.68,349,3,1,1,311,Others,Premium,Paid Search
CUST102641,2025-06-13 20:43:00,2,362.3,201,3,3,3,333,At Risk,Mainstream,Email
CUST102642,2024-12-26 14:38:00,1,99.0178,370,2,1,1,211,Lost Customers,Budget,Email
CUST102643,2024-03-28 08:30:00,1,153.27,643,1,1,2,112,Lost Customers,Budget,Referral
CUST102644,2025-11-16 20:24:00,3,386.49467,45,5,3,3,533,Potential Loyalists,Premium,Email
CUST102647,2024-10-30 00:50:00,3,670.52152,427,2,3,4,234,At Risk,Mainstream,Direct
CUST102649,2025-08-31 16:39:00,4,355.85767999999996,122,4,4,3,443,Loyal Customers,Mainstream,Referral
CUST102651,2025-03-17 09:38:00,8,2027.82166,289,3,5,5,355,Loyal Customers,Mainstream,Referral
CUST102652,2025-09-13 23:18:00,8,1382.49784,108,4,5,5,455,Champions,Budget,Organic Search
CUST102654,2025-11-24 18:49:00,5,812.60933,37,5,4,4,544,Champions,Budget,Paid Search
CUST102656,2023-11-30 17:25:00,1,428.98,762,1,1,3,113,Lost Customers,Mainstream,Paid Search
CUST102657,2025-04-04 18:00:00,1,76.87899999999999,271,3,1,1,311,Others,Premium,Referral
CUST102658,2025-06-30 00:03:00,4,603.38204,184,3,4,4,344,Loyal Customers,Mainstream,Email
CUST102660,2025-05-15 12:27:00,3,785.76,230,3,3,4,334,At Risk,Mainstream,Organic Search
CUST102661,2025-10-16 03:43:00,9,1613.47715,76,4,5,5,455,Champions,Mainstream,Direct
CUST102662,2025-11-26 10:32:00,5,861.54836,35,5,4,4,544,Champions,Mainstream,Social Media
CUST102663,2025-05-01 16:31:00,10,1066.9062999999999,244,3,5,5,355,Loyal Customers,Budget,Paid Search
CUST102664,2025-12-25 09:56:00,16,2102.24501,6,5,5,5,555,Champions,Premium,Referral
CUST102665,2023-12-25 02:42:00,2,211.4087,737,1,3,2,132,Others,Premium,Social Media
CUST102668,2025-03-18 02:38:00,6,1457.62176,288,3,5,5,355,Loyal Customers,Budget,Email
CUST102669,2025-12-10 15:13:00,5,851.77935,21,5,4,4,544,Champions,Mainstream,Paid Search
CUST102671,2025-06-14 09:46:00,2,429.63,200,3,3,3,333,At Risk,Budget,Social Media
CUST102672,2025-12-05 02:10:00,5,652.68001,26,5,4,4,544,Champions,Budget,Referral
CUST102673,2024-01-25 04:44:00,1,143.58,706,1,1,1,111,Lost Customers,Mainstream,Organic Search
CUST102674,2025-11-24 16:59:00,4,909.36817,37,5,4,4,544,Champions,Mainstream,Organic Search
CUST102675,2025-02-26 09:47:00,9,981.73702,308,3,5,4,354,Loyal Customers,Mainstream,Organic Search
CUST102676,2025-04-16 04:30:00,1,94.0898,259,3,1,1,311,Others,Mainstream,Social Media
CUST102677,2025-06-06 10:34:00,7,1090.44742,208,3,5,5,355,Loyal Customers,Budget,Paid Search
CUST102678,2023-08-04 22:19:00,3,450.81,880,1,3,3,133,Others,Budget,Email
CUST102679,2024-01-07 14:23:00,2,344.83000000000004,724,1,3,3,133,Others,Premium,Organic Search
CUST102680,2025-09-04 08:42:00,4,583.94292,118,4,4,4,444,Champions,Mainstream,Social Media
CUST102682,2025-11-24 12:39:00,4,747.7991,37,5,4,4,544,Champions,Budget,Organic Search
CUST102683,2024-01-27 05:07:00,1,541.97,704,1,1,3,113,Lost Customers,Premium,Email
CUST102684,2025-03-03 09:13:00,5,1039.6682,303,3,4,5,345,Loyal Customers,Budget,Email
CUST102685,2024-03-10 05:17:00,4,400.45597999999995,661,1,4,3,143,Loyal Customers,Budget,Referral
CUST102686,2024-12-05 05:24:00,6,1197.4719300000002,391,2,5,5,255,Loyal Customers,Budget,Social Media
CUST102687,2025-08-12 18:30:00,1,120.57,141,4,1,1,411,New Customers,Mainstream,Organic Search
CUST102688,2025-12-06 10:14:00,10,2098.454,25,5,5,5,555,Champions,Budget,Paid Search
CUST102689,2023-11-28 20:29:00,1,291.47346000000005,764,1,1,2,112,Lost Customers,Budget,Social Media
CUST102690,2025-12-28 14:33:00,13,1785.53,3,5,5,5,555,Champions,Mainstream,Direct
CUST102691,2025-09-14 21:58:00,2,388.27,108,4,3,3,433,Potential Loyalists,Mainstream,Paid Search
CUST102692,2025-09-20 07:17:00,3,364.48025,102,4,3,3,433,Potential Loyalists,Budget,Paid Search
CUST102693,2025-04-20 20:03:00,8,1321.6393699999999,255,3,5,5,355,Loyal Customers,Mainstream,Email
CUST102694,2025-10-02 22:57:00,3,695.5500000000001,90,4,3,4,434,Potential Loyalists,Mainstream,Social Media
CUST102696,2024-12-28 18:42:00,1,91.33484,368,2,1,1,211,Lost Customers,Budget,Paid Search
CUST102697,2023-12-12 13:19:00,1,28.04896,750,1,1,1,111,Lost Customers,Premium,Direct
CUST102698,2025-05-03 11:13:00,8,1022.37344,242,3,5,5,355,Loyal Customers,Mainstream,Referral
CUST102699,2023-01-26 06:03:00,1,213.81225,1070,1,1,2,112,Lost Customers,Budget,Referral
CUST102700,2025-03-31 08:21:00,2,338.9021,275,3,3,3,333,At Risk,Mainstream,Organic Search
CUST102701,2024-08-18 06:48:00,1,500.90999999999997,500,2,1,3,213,Lost Customers,Budget,Organic Search
CUST102703,2023-02-10 11:57:00,1,92.69,1055,1,1,1,111,Lost Customers,Mainstream,Referral
CUST102704,2024-05-03 12:35:00,1,31.62,607,2,1,1,211,Lost Customers,Budget,Paid Search
CUST102705,2025-08-25 01:43:00,1,105.97,128,4,1,1,411,New Customers,Premium,Organic Search
CUST102707,2023-08-01 00:34:00,1,197.63625,883,1,1,2,112,Lost Customers,Budget,Direct
CUST102709,2023-10-30 19:11:00,2,213.66,793,1,3,2,132,Others,Budget,Social Media
CUST102710,2025-12-01 12:21:00,30,4612.81497,30,5,5,5,555,Champions,Premium,Referral
CUST102713,2024-08-24 13:19:00,4,586.5058300000001,494,2,4,4,244,Loyal Customers,Budget,Social Media
CUST102714,2025-08-19 05:49:00,6,1231.9684399999999,134,4,5,5,455,Champions,Budget,Paid Search
CUST102715,2024-12-25 19:12:00,1,164.62604,371,2,1,2,212,Lost Customers,Mainstream,Paid Search
CUST102718,2024-03-27 06:46:00,2,340.91,644,1,3,3,133,Others,Budget,Organic Search
CUST102719,2023-05-28 03:25:00,1,498.92999999999995,948,1,1,3,113,Lost Customers,Premium,Social Media
CUST102720,2023-07-28 01:31:00,1,516.3883999999999,887,1,1,3,113,Lost Customers,Mainstream,Organic Search
CUST102721,2025-06-24 11:16:00,4,2585.2200000000003,190,3,4,5,345,Loyal Customers,Budget,Referral
CUST102724,2025-11-18 18:54:00,3,507.10135,43,5,3,3,533,Potential Loyalists,Mainstream,Direct
CUST102725,2023-04-12 15:01:00,1,36.01894,994,1,1,1,111,Lost Customers,Premium,Organic Search
CUST102726,2023-05-09 08:22:00,1,222.41,967,1,1,2,112,Lost Customers,Budget,Organic Search
CUST102727,2023-01-11 12:57:00,1,228.58,1085,1,1,2,112,Lost Customers,Premium,Affiliate
CUST102728,2025-12-28 13:58:00,5,2136.29502,3,5,4,5,545,Champions,Budget,Affiliate
CUST102729,2025-12-15 05:49:00,2,153.4,16,5,3,2,532,Potential Loyalists,Budget,Organic Search
CUST102730,2024-04-08 09:20:00,6,903.84288,632,1,5,4,154,Loyal Customers,Mainstream,Paid Search
CUST102731,2025-12-12 19:23:00,9,1291.26529,19,5,5,5,555,Champions,Mainstream,Affiliate
CUST102732,2025-12-17 08:50:00,6,724.8165,14,5,5,4,554,Champions,Budget,Email
CUST102733,2025-05-21 00:49:00,2,443.76,224,3,3,3,333,At Risk,Budget,Email
CUST102734,2023-12-15 08:45:00,1,94.68375,747,1,1,1,111,Lost Customers,Budget,Organic Search
CUST102735,2023-07-03 06:34:00,1,66.91,912,1,1,1,111,Lost Customers,Budget,Direct
CUST102736,2025-04-12 02:12:00,5,1261.9099999999999,263,3,4,5,345,Loyal Customers,Budget,Social Media
CUST102737,2023-07-14 00:44:00,1,132.2,901,1,1,1,111,Lost Customers,Budget,Social Media
CUST102739,2024-05-10 14:59:00,5,997.81404,600,2,4,4,244,Loyal Customers,Mainstream,Organic Search
CUST102740,2023-09-05 22:30:00,1,141.64,848,1,1,1,111,Lost Customers,Premium,Social Media
CUST102742,2025-03-16 23:58:00,2,294.67,289,3,3,2,332,At Risk,Budget,Email
CUST102743,2025-09-18 17:24:00,5,555.20974,104,4,4,4,444,Champions,Mainstream,Affiliate
CUST102744,2025-08-12 12:46:00,5,899.5337,141,4,4,4,444,Champions,Mainstream,Social Media
CUST102745,2025-12-22 02:07:00,10,1349.302,9,5,5,5,555,Champions,Mainstream,Organic Search
CUST102748,2025-08-15 01:29:00,1,34.28,138,4,1,1,411,New Customers,Mainstream,Paid Search
CUST102749,2025-08-06 23:48:00,1,646.36,146,4,1,4,414,New Customers,Mainstream,Social Media
CUST102750,2025-11-26 10:38:00,2,274.80728,35,5,3,2,532,Potential Loyalists,Mainstream,Organic Search
CUST102751,2024-09-11 04:25:00,3,240.37192,476,2,3,2,232,At Risk,Budget,Organic Search
CUST102753,2023-03-20 14:20:00,1,166.9,1017,1,1,2,112,Lost Customers,Premium,Social Media
CUST102755,2023-08-09 00:03:00,1,143.39,875,1,1,1,111,Lost Customers,Budget,Email
CUST102758,2024-12-04 15:28:00,5,661.3541700000001,392,2,4,4,244,Loyal Customers,Premium,Social Media
CUST102760,2024-07-09 16:10:00,1,126.14,540,2,1,1,211,Lost Customers,Mainstream,Direct
CUST102762,2025-03-04 08:53:00,2,195.23000000000002,302,3,3,2,332,At Risk,Mainstream,Direct
CUST102765,2025-08-02 23:12:00,3,450.62308,150,4,4,3,443,Loyal Customers,Premium,Email
CUST102766,2024-10-29 06:34:00,4,686.7830000000001,428,2,4,4,244,Loyal Customers,Premium,Social Media
CUST102767,2024-05-18 08:18:00,2,157.46,592,2,3,2,232,At Risk,Mainstream,Email
CUST102770,2025-02-11 09:00:00,1,527.72,323,3,1,3,313,Others,Budget,Paid Search
CUST102771,2024-10-14 16:21:00,3,755.85,443,2,4,4,244,Loyal Customers,Budget,Email
CUST102772,2025-08-19 14:00:00,2,694.55,134,4,3,4,434,Potential Loyalists,Mainstream,Email
CUST102773,2025-02-14 13:47:00,3,619.2702,320,3,4,4,344,Loyal Customers,Mainstream,Direct
CUST102774,2025-03-26 00:59:00,1,128.51,280,3,1,1,311,Others,Budget,Email
CUST102775,2025-08-12 20:20:00,5,1006.0992000000001,141,4,4,4,444,Champions,Premium,Paid Search
CUST102776,2025-01-14 20:28:00,3,649.80087,351,2,4,4,244,Loyal Customers,Budget,Paid Search
CUST102777,2025-07-03 11:41:00,4,715.29,181,3,4,4,344,Loyal Customers,Budget,Organic Search
CUST102778,2023-09-02 22:15:00,1,204.79,851,1,1,2,112,Lost Customers,Budget,Organic Search
CUST102779,2025-01-17 15:17:00,1,46.51,348,3,1,1,311,Others,Premium,Referral
CUST102780,2024-07-31 06:21:00,1,162.26,518,2,1,2,212,Lost Customers,Mainstream,Email
CUST102783,2023-11-11 11:18:00,1,608.56,781,1,1,4,114,Lost Customers,Mainstream,Organic Search
CUST102784,2024-10-14 17:32:00,2,761.63683,443,2,3,4,234,At Risk,Premium,Social Media
CUST102785,2023-07-19 17:29:00,1,25.32762,896,1,1,1,111,Lost Customers,Mainstream,Paid Search
CUST102787,2024-05-23 02:43:00,1,259.1,587,2,1,2,212,Lost Customers,Mainstream,Social Media
CUST102788,2025-12-03 07:48:00,6,1372.3815,28,5,5,5,555,Champions,Budget,Organic Search
CUST102789,2025-01-27 05:24:00,5,452.485,338,3,4,3,343,Loyal Customers,Mainstream,Paid Search
CUST102790,2023-03-28 17:12:00,1,201.6,1009,1,1,2,112,Lost Customers,Mainstream,Referral
CUST102791,2024-06-22 13:37:00,1,12.52,557,2,1,1,211,Lost Customers,Mainstream,Email
CUST102796,2023-11-26 14:53:00,2,253.76116000000002,766,1,3,2,132,Others,Mainstream,Email
CUST102799,2025-04-05 21:22:00,5,725.99914,270,3,4,4,344,Loyal Customers,Premium,Organic Search
CUST102800,2024-01-18 13:56:00,1,645.12,713,1,1,4,114,Lost Customers,Mainstream,Paid Search
CUST102801,2025-12-09 01:54:00,7,1428.97547,22,5,5,5,555,Champions,Premium,Social Media
CUST102802,2025-08-13 23:34:00,4,840.35,139,4,4,4,444,Champions,Mainstream,Organic Search
CUST102804,2024-07-21 07:23:00,3,558.6792,528,2,4,4,244,Loyal Customers,Mainstream,Social Media
CUST102805,2023-06-09 02:30:00,1,74.226,936,1,1,1,111,Lost Customers,Budget,Paid Search
CUST102807,2025-09-07 13:20:00,2,253.12423,115,4,3,2,432,Potential Loyalists,Mainstream,Social Media
CUST102808,2025-05-04 03:07:00,6,1206.37916,241,3,5,5,355,Loyal Customers,Premium,Referral
CUST102809,2025-03-17 04:29:00,4,290.09418,289,3,4,2,342,Loyal Customers,Mainstream,Direct
CUST102811,2024-01-22 10:51:00,1,194.28,709,1,1,2,112,Lost Customers,Budget,Direct
CUST102812,2024-02-09 03:25:00,1,64.79984,691,1,1,1,111,Lost Customers,Premium,Social Media
CUST102813,2024-11-03 00:37:00,1,72.86,423,2,1,1,211,Lost Customers,Mainstream,Email
CUST102814,2023-08-13 18:22:00,1,212.05000000000004,871,1,1,2,112,Lost Customers,Mainstream,Referral
CUST102815,2025-11-17 02:05:00,15,1730.16997,44,5,5,5,555,Champions,Mainstream,Direct
CUST102816,2025-04-02 04:06:00,6,767.38,273,3,5,4,354,Loyal Customers,Premium,Referral
CUST102817,2024-11-14 21:25:00,1,127.52,412,2,1,1,211,Lost Customers,Budget,Direct
CUST102818,2025-09-21 21:20:00,2,569.3399999999999,101,4,3,4,434,Potential Loyalists,Mainstream,Social Media
CUST102819,2023-05-08 02:23:00,1,274.41999999999996,968,1,1,2,112,Lost Customers,Premium,Affiliate
CUST102821,2024-03-04 17:13:00,1,179.37290000000002,667,1,1,2,112,Lost Customers,Mainstream,Paid Search
CUST102822,2025-09-09 18:55:00,2,162.41673,113,4,3,2,432,Potential Loyalists,Mainstream,Paid Search
CUST102823,2023-04-27 03:10:00,1,133.49,979,1,1,1,111,Lost Customers,Premium,Social Media
CUST102824,2024-02-05 11:04:00,1,172.01574,695,1,1,2,112,Lost Customers,Premium,Paid Search
CUST102825,2024-11-22 07:27:00,2,473.2686,404,2,3,3,233,At Risk,Budget,Paid Search
CUST102826,2024-10-05 22:32:00,3,578.48,452,2,4,4,244,Loyal Customers,Mainstream,Organic Search
CUST102827,2025-10-11 00:35:00,5,671.52978,81,4,4,4,444,Champions,Mainstream,Email
CUST102828,2024-05-25 23:37:00,1,29.349999999999998,584,2,1,1,211,Lost Customers,Mainstream,Paid Search
CUST102829,2025-05-31 11:48:00,3,536.1961,214,3,4,3,343,Loyal Customers,Budget,Social Media
CUST102830,2025-06-22 08:29:00,2,441.77,192,3,3,3,333,At Risk,Budget,Email
CUST102832,2025-02-24 16:13:00,3,321.67728,310,3,4,3,343,Loyal Customers,Budget,Email
CUST102833,2024-02-18 02:18:00,2,346.42,682,1,3,3,133,Others,Mainstream,Organic Search
CUST102834,2025-08-11 20:35:00,3,383.23133,142,4,4,3,443,Loyal Customers,Budget,Affiliate
CUST102835,2024-06-03 14:56:00,1,126.14,576,2,1,1,211,Lost Customers,Premium,Direct
CUST102836,2025-08-29 09:25:00,1,89.95165,124,4,1,1,411,New Customers,Premium,Organic Search
CUST102837,2025-09-04 13:26:00,5,850.0865200000001,118,4,4,4,444,Champions,Mainstream,Paid Search
CUST102838,2025-11-12 19:44:00,7,753.35196,49,5,5,4,554,Champions,Premium,Social Media
CUST102839,2024-08-16 03:08:00,2,186.47,502,2,3,2,232,At Risk,Premium,Direct
CUST102840,2024-09-25 02:23:00,3,259.59205000000003,462,2,4,2,242,Loyal Customers,Mainstream,Direct
CUST102841,2025-03-27 01:17:00,6,936.99326,279,3,5,4,354,Loyal Customers,Mainstream,Direct
CUST102842,2024-05-29 07:19:00,1,207.22,581,2,1,2,212,Lost Customers,Mainstream,Affiliate
CUST102843,2025-12-12 09:26:00,4,633.6558,19,5,4,4,544,Champions,Premium,Email
CUST102845,2024-03-30 15:56:00,1,75.85,641,1,1,1,111,Lost Customers,Mainstream,Paid Search
CUST102846,2025-11-30 20:07:00,10,1270.36138,31,5,5,5,555,Champions,Mainstream,Paid Search
CUST102848,2025-02-23 07:12:00,1,348.2,311,3,1,3,313,Others,Mainstream,Paid Search
CUST102849,2025-07-18 03:11:00,1,518.7,166,3,1,3,313,Others,Premium,Social Media
CUST102850,2025-10-24 17:04:00,12,1647.72398,68,4,5,5,455,Champions,Budget,Referral
CUST102851,2025-04-28 20:54:00,1,175.73000000000002,247,3,1,2,312,Others,Budget,Paid Search
CUST102852,2025-12-04 13:41:00,4,551.0274800000001,27,5,4,4,544,Champions,Premium,Direct
CUST102853,2025-03-17 14:44:00,3,508.95666,289,3,4,3,343,Loyal Customers,Budget,Affiliate
CUST102855,2025-08-23 06:21:00,3,695.1612,130,4,4,4,444,Champions,Mainstream,Paid Search
CUST102856,2025-08-28 12:52:00,4,446.87,125,4,4,3,443,Loyal Customers,Mainstream,Social Media
CUST102859,2025-12-18 10:39:00,14,3492.08369,13,5,5,5,555,Champions,Mainstream,Paid Search
CUST102862,2025-12-14 07:51:00,2,148.16679,17,5,3,1,531,Potential Loyalists,Premium,Organic Search
CUST102863,2025-12-25 12:34:00,7,1377.8977,6,5,5,5,555,Champions,Premium,Email
CUST102864,2025-09-16 17:49:00,1,96.61804,106,4,1,1,411,New Customers,Mainstream,Social Media
CUST102866,2024-06-23 19:39:00,1,78.43,556,2,1,1,211,Lost Customers,Budget,Direct
CUST102867,2025-11-16 12:46:00,21,3289.39644,45,5,5,5,555,Champions,Mainstream,Organic Search
CUST102868,2023-04-16 18:57:00,2,231.33705999999998,990,1,3,2,132,Others,Mainstream,Direct
CUST102869,2025-07-23 11:32:00,4,478.38145,161,4,4,3,443,Loyal Customers,Premium,Email
CUST102871,2023-07-19 17:09:00,1,112.96929,896,1,1,1,111,Lost Customers,Budget,Email
CUST102872,2025-07-27 20:00:00,7,633.70931,157,4,5,4,454,Champions,Mainstream,Paid Search
CUST102873,2025-11-30 19:06:00,10,1812.15634,31,5,5,5,555,Champions,Mainstream,Organic Search
CUST102875,2023-11-30 09:22:00,1,392.66,762,1,1,3,113,Lost Customers,Mainstream,Direct
CUST102876,2025-12-17 21:48:00,1,288.04237,14,5,1,2,512,New Customers,Mainstream,Direct
CUST102877,2025-12-09 08:35:00,1,296.48771,22,5,1,2,512,New Customers,Budget,Organic Search
CUST102878,2025-11-18 06:10:00,12,1984.15266,43,5,5,5,555,Champions,Premium,Social Media
CUST102880,2025-11-23 05:51:00,6,1264.84989,38,5,5,5,555,Champions,Mainstream,Email
CUST102881,2025-02-23 08:23:00,1,286.49,311,3,1,2,312,Others,Mainstream,Paid Search
CUST102882,2025-11-25 22:10:00,5,982.63266,36,5,4,4,544,Champions,Premium,Organic Search
CUST102883,2024-08-03 05:38:00,1,56.93,515,2,1,1,211,Lost Customers,Mainstream,Social Media
CUST102885,2024-03-04 20:06:00,1,64.46,667,1,1,1,111,Lost Customers,Mainstream,Social Media
CUST102886,2024-08-07 21:59:00,1,31.62,511,2,1,1,211,Lost Customers,Budget,Referral
CUST102887,2023-09-08 11:25:00,1,16.48,845,1,1,1,111,Lost Customers,Premium,Email
CUST102889,2023-02-07 13:20:00,1,99.6664,1058,1,1,1,111,Lost Customers,Mainstream,Referral
CUST102890,2025-09-28 19:16:00,4,560.26,94,4,4,4,444,Champions,Budget,Social Media
CUST102891,2023-11-14 19:30:00,1,346.53,778,1,1,3,113,Lost Customers,Premium,Referral
CUST102893,2025-01-05 19:33:00,2,329.31835,360,2,3,3,233,At Risk,Mainstream,Organic Search
CUST102894,2025-06-01 17:55:00,3,397.09000000000003,213,3,4,3,343,Loyal Customers,Mainstream,Organic Search
CUST102895,2024-08-13 20:49:00,2,135.08022,505,2,3,1,231,At Risk,Budget,Organic Search
CUST102897,2025-07-04 09:37:00,4,560.5874,180,3,4,4,344,Loyal Customers,Premium,Social Media
CUST102898,2023-08-01 15:34:00,1,60.21,883,1,1,1,111,Lost Customers,Mainstream,Organic Search
CUST102899,2025-03-06 12:25:00,2,521.1,300,3,3,3,333,At Risk,Budget,Social Media
CUST102900,2025-12-19 06:18:00,4,581.04935,12,5,4,4,544,Champions,Mainstream,Email
CUST102901,2023-01-01 19:42:00,1,356.03,1095,1,1,3,113,Lost Customers,Mainstream,Email
CUST102902,2024-08-06 22:24:00,1,150.9,512,2,1,1,211,Lost Customers,Budget,Referral
CUST102903,2025-08-25 15:55:00,4,586.44,128,4,4,4,444,Champions,Premium,Direct
CUST102904,2025-11-02 09:49:00,19,4189.66413,59,4,5,5,455,Champions,Budget,Referral
CUST102905,2024-10-11 05:06:00,2,541.2261599999999,446,2,3,3,233,At Risk,Budget,Paid Search
CUST102906,2025-09-03 23:27:00,4,410.53,118,4,4,3,443,Loyal Customers,Premium,Direct
CUST102907,2025-09-07 19:06:00,4,597.57863,115,4,4,4,444,Champions,Budget,Organic Search
CUST102909,2023-10-31 08:05:00,1,132.2,792,1,1,1,111,Lost Customers,Mainstream,Affiliate
CUST102910,2024-09-22 10:29:00,2,247.45123999999998,465,2,3,2,232,At Risk,Budget,Organic Search
CUST102911,2025-04-23 18:10:00,6,1276.46533,252,3,5,5,355,Loyal Customers,Mainstream,Organic Search
CUST102912,2024-11-08 18:54:00,1,317.02,418,2,1,3,213,Lost Customers,Mainstream,Paid Search
CUST102913,2024-10-14 21:18:00,2,189.69665,443,2,3,2,232,At Risk,Premium,Affiliate
CUST102914,2025-02-13 11:15:00,1,140.87,321,3,1,1,311,Others,Premium,Social Media
CUST102915,2025-10-15 22:22:00,8,1755.76849,77,4,5,5,455,Champions,Budget,Referral
CUST102916,2025-12-13 19:55:00,11,2604.91529,18,5,5,5,555,Champions,Mainstream,Paid Search
CUST102917,2025-10-13 11:34:00,3,453.37712999999997,79,4,4,3,443,Loyal Customers,Mainstream,Paid Search
CUST102920,2024-02-15 20:37:00,1,214.85,685,1,1,2,112,Lost Customers,Mainstream,Paid Search
CUST102921,2024-11-27 12:31:00,1,292.64,399,2,1,2,212,Lost Customers,Mainstream,Affiliate
CUST102922,2024-11-20 19:41:00,4,771.06184,406,2,4,4,244,Loyal Customers,Premium,Email
CUST102923,2024-11-27 08:28:00,1,83.74900000000001,399,2,1,1,211,Lost Customers,Budget,Direct
CUST102924,2025-11-24 05:42:00,19,4888.25381,37,5,5,5,555,Champions,Budget,Organic Search
CUST102925,2024-12-13 16:16:00,1,269.37671,383,2,1,2,212,Lost Customers,Premium,Social Media
CUST102926,2025-11-11 06:20:00,2,419.59000000000003,50,5,3,3,533,Potential Loyalists,Premium,Paid Search
CUST102927,2025-07-27 11:47:00,3,421.71000000000004,157,4,4,3,443,Loyal Customers,Mainstream,Social Media
CUST102928,2025-05-25 01:10:00,7,1376.89749,220,3,5,5,355,Loyal Customers,Mainstream,Social Media
CUST102929,2025-11-08 11:15:00,5,663.45533,53,4,4,4,444,Champions,Premium,Paid Search
CUST102930,2025-01-18 06:02:00,1,138.35,347,3,1,1,311,Others,Budget,Affiliate
CUST102931,2025-12-07 06:00:00,1,154.30019000000001,24,5,1,2,512,New Customers,Mainstream,Paid Search
CUST102932,2023-08-08 03:40:00,1,244.01,876,1,1,2,112,Lost Customers,Mainstream,Organic Search
CUST102934,2023-09-16 11:20:00,1,321.96000000000004,837,1,1,3,113,Lost Customers,Premium,Social Media
CUST102935,2023-09-15 23:29:00,1,157.42000000000002,837,1,1,2,112,Lost Customers,Premium,Organic Search
CUST102936,2024-12-05 10:21:00,4,1042.12578,391,2,4,5,245,Loyal Customers,Mainstream,Affiliate
CUST102937,2024-10-26 05:07:00,2,136.48821999999998,431,2,3,1,231,At Risk,Budget,Paid Search
CUST102938,2025-05-10 11:51:00,2,278.18,235,3,3,2,332,At Risk,Premium,Social Media
CUST102939,2024-01-01 20:39:00,2,142.82369,730,1,3,1,131,Others,Mainstream,Paid Search
CUST102940,2024-11-30 23:40:00,2,164.5928,395,2,3,2,232,At Risk,Budget,Paid Search
CUST102942,2025-04-29 19:40:00,2,473.48999,246,3,3,3,333,At Risk,Mainstream,Direct
CUST102943,2025-12-16 20:08:00,10,1321.75648,15,5,5,5,555,Champions,Budget,Social Media
CUST102944,2023-11-03 05:50:00,3,549.4000000000001,789,1,4,4,144,Loyal Customers,Budget,Organic Search
CUST102945,2025-01-19 20:25:00,2,682.63,346,3,3,4,334,At Risk,Premium,Paid Search
CUST102946,2023-02-15 13:20:00,1,256.54,1050,1,1,2,112,Lost Customers,Premium,Affiliate
CUST102947,2023-03-27 05:01:00,1,58.9,1010,1,1,1,111,Lost Customers,Mainstream,Paid Search
CUST102948,2025-05-21 20:56:00,3,987.2,224,3,4,4,344,Loyal Customers,Budget,Social Media
CUST102949,2024-05-01 07:28:00,1,183.8,609,2,1,2,212,Lost Customers,Mainstream,Paid Search
CUST102950,2025-12-14 15:50:00,2,165.99550000000002,17,5,3,2,532,Potential Loyalists,Mainstream,Paid Search
CUST102951,2025-12-29 10:45:00,11,1737.12435,2,5,5,5,555,Champions,Budget,Paid Search
CUST102952,2025-11-23 15:16:00,14,4024.1629,38,5,5,5,555,Champions,Mainstream,Paid Search
CUST102953,2025-12-20 19:12:00,11,1963.63913,11,5,5,5,555,Champions,Budget,Social Media
CUST102954,2023-07-19 00:32:00,1,9.94088,896,1,1,1,111,Lost Customers,Premium,Organic Search
CUST102955,2023-02-25 15:40:00,1,105.64699999999999,1040,1,1,1,111,Lost Customers,Premium,Direct
CUST102956,2025-09-25 17:18:00,6,590.40864,97,4,5,4,454,Champions,Mainstream,Paid Search
CUST102958,2025-02-09 16:55:00,2,632.7762,325,3,3,4,334,At Risk,Mainstream,Social Media
CUST102959,2024-03-11 10:19:00,1,57.69,660,1,1,1,111,Lost Customers,Mainstream,Organic Search
CUST102960,2025-12-03 20:40:00,6,1308.5138,28,5,5,5,555,Champions,Mainstream,Paid Search
CUST102961,2024-11-21 07:01:00,3,1628.78,405,2,4,5,245,Loyal Customers,Mainstream,Paid Search
CUST102962,2023-04-20 10:55:00,1,89.0,986,1,1,1,111,Lost Customers,Premium,Paid Search
CUST102963,2024-10-29 07:10:00,3,270.15144,428,2,4,2,242,Loyal Customers,Premium,Organic Search
CUST102964,2023-02-01 10:40:00,1,197.07999999999998,1064,1,1,2,112,Lost Customers,Budget,Paid Search
CUST102968,2023-06-04 03:29:00,1,138.35,941,1,1,1,111,Lost Customers,Mainstream,Paid Search
CUST102970,2025-07-11 22:44:00,5,1236.74,173,3,4,5,345,Loyal Customers,Premium,Organic Search
CUST102972,2025-08-02 18:16:00,7,1176.1,151,4,5,5,455,Champions,Premium,Paid Search
CUST102973,2024-11-14 05:50:00,3,679.95,412,2,4,4,244,Loyal Customers,Mainstream,Paid Search
CUST102974,2025-06-19 22:45:00,3,656.39,195,3,4,4,344,Loyal Customers,Mainstream,Direct
CUST102975,2025-12-14 16:21:00,3,1002.38663,17,5,4,4,544,Champions,Mainstream,Organic Search
CUST102976,2025-09-29 11:39:00,1,57.019999999999996,93,4,1,1,411,New Customers,Budget,Paid Search
CUST102979,2025-12-30 14:09:00,33,5383.4929,1,5,5,5,555,Champions,Mainstream,Email
CUST102980,2023-02-02 21:58:00,1,62.65242,1063,1,1,1,111,Lost Customers,Budget,Paid Search
CUST102984,2025-07-21 06:52:00,5,1086.31009,163,3,4,5,345,Loyal Customers,Budget,Organic Search
CUST102985,2023-04-28 21:30:00,1,338.02000000000004,978,1,1,3,113,Lost Customers,Mainstream,Social Media
CUST102987,2025-06-14 14:35:00,15,1665.36011,200,3,5,5,355,Loyal Customers,Mainstream,Affiliate
CUST102988,2025-09-16 04:38:00,3,369.9824,106,4,4,3,443,Loyal Customers,Budget,Paid Search
CUST102989,2023-08-28 07:02:00,3,271.63266,856,1,4,2,142,Loyal Customers,Budget,Social Media
CUST102992,2025-10-11 13:43:00,3,294.58994,81,4,4,2,442,Loyal Customers,Budget,Affiliate
CUST102993,2025-02-21 23:46:00,1,130.28,312,3,1,1,311,Others,Budget,Referral
CUST102994,2025-04-20 20:52:00,3,288.37850000000003,255,3,4,2,342,Loyal Customers,Mainstream,Email
CUST102995,2025-01-28 11:14:00,1,390.57,337,3,1,3,313,Others,Premium,Paid Search
CUST102996,2024-09-08 21:35:00,2,283.31746999999996,479,2,3,2,232,At Risk,Budget,Social Media
CUST102997,2024-11-21 17:06:00,3,244.9894,405,2,4,2,242,Loyal Customers,Budget,Social Media
CUST102998,2025-07-09 05:42:00,7,1533.68592,175,3,5,5,355,Loyal Customers,Premium,Email
CUST102999,2024-11-28 23:13:00,2,587.5,397,2,3,4,234,At Risk,Budget,Social Media
CUST103000,2023-03-30 21:38:00,1,350.7,1007,1,1,3,113,Lost Customers,Budget,Organic Search
CUST103001,2025-11-16 14:49:00,3,545.94629,45,5,4,3,543,Loyal Customers,Budget,Social Media
CUST103002,2025-12-09 19:04:00,3,220.29316,22,5,4,2,542,Loyal Customers,Premium,Affiliate
CUST103003,2025-11-23 05:07:00,3,617.43,38,5,4,4,544,Champions,Mainstream,Organic Search
CUST103004,2025-09-27 02:29:00,2,350.77,95,4,3,3,433,Potential Loyalists,Mainstream,Referral
CUST103007,2025-10-19 16:59:00,8,1424.9757,73,4,5,5,455,Champions,Mainstream,Organic Search
CUST103008,2025-08-15 09:49:00,6,1050.65584,138,4,5,5,455,Champions,Premium,Social Media
CUST103009,2024-09-30 06:56:00,6,979.16752,457,2,5,4,254,Loyal Customers,Mainstream,Referral
CUST103010,2024-07-24 03:01:00,2,241.28644,525,2,3,2,232,At Risk,Premium,Paid Search
CUST103011,2023-08-15 15:26:00,1,185.55,869,1,1,2,112,Lost Customers,Budget,Direct
CUST103012,2025-11-11 07:21:00,2,308.38,50,5,3,3,533,Potential Loyalists,Mainstream,Referral
CUST103013,2025-11-24 10:48:00,7,2933.22613,37,5,5,5,555,Champions,Mainstream,Organic Search
CUST103014,2025-01-29 19:04:00,4,597.51336,336,3,4,4,344,Loyal Customers,Budget,Paid Search
CUST103016,2025-12-27 08:51:00,483,86180.8804,4,5,5,5,555,Champions,Budget,Paid Search
CUST103017,2024-07-14 01:31:00,1,69.153,535,2,1,1,211,Lost Customers,Budget,Paid Search
CUST103018,2025-12-04 10:08:00,10,1611.92535,27,5,5,5,555,Champions,Premium,Paid Search
CUST103019,2025-09-21 10:53:00,2,799.32,101,4,3,4,434,Potential Loyalists,Budget,Affiliate
CUST103020,2025-10-26 08:26:00,9,2330.50743,66,4,5,5,455,Champions,Mainstream,Email
CUST103021,2025-11-23 00:42:00,3,575.3396,38,5,4,4,544,Champions,Budget,Direct
CUST103022,2025-03-31 11:49:00,2,185.3,275,3,3,2,332,At Risk,Mainstream,Social Media
CUST103023,2025-05-13 05:03:00,2,708.5,232,3,3,4,334,At Risk,Budget,Email
CUST103024,2025-10-04 12:01:00,2,978.8599999999999,88,4,3,4,434,Potential Loyalists,Budget,Direct
CUST103026,2025-06-29 18:30:00,1,153.22893000000002,185,3,1,2,312,Others,Budget,Email
CUST103027,2023-09-10 08:39:00,1,59.98,843,1,1,1,111,Lost Customers,Mainstream,Direct
CUST103028,2025-09-20 06:43:00,4,535.0692899999999,102,4,4,3,443,Loyal Customers,Mainstream,Affiliate
CUST103030,2024-02-24 06:20:00,1,173.47213,676,1,1,2,112,Lost Customers,Mainstream,Direct
CUST103031,2025-12-23 15:17:00,2,776.12852,8,5,3,4,534,Potential Loyalists,Mainstream,Social Media
CUST103032,2025-01-20 00:59:00,5,807.93406,345,3,4,4,344,Loyal Customers,Mainstream,Organic Search
CUST103034,2025-04-21 20:40:00,1,114.82,254,3,1,1,311,Others,Mainstream,Social Media
CUST103035,2025-07-16 08:59:00,1,614.88,168,3,1,4,314,Others,Mainstream,Organic Search
CUST103036,2025-05-28 11:43:00,3,445.72554,217,3,4,3,343,Loyal Customers,Mainstream,Paid Search
CUST103037,2025-07-08 20:06:00,10,1696.665,176,3,5,5,355,Loyal Customers,Mainstream,Paid Search
CUST103039,2023-01-24 21:21:00,1,14.11,1072,1,1,1,111,Lost Customers,Budget,Direct
CUST103040,2025-11-18 17:01:00,1,346.67,43,5,1,3,513,New Customers,Mainstream,Direct
CUST103041,2023-12-12 00:32:00,1,10.62948,750,1,1,1,111,Lost Customers,Mainstream,Social Media
CUST103042,2024-12-16 07:28:00,1,66.038,380,2,1,1,211,Lost Customers,Mainstream,Affiliate
CUST103043,2025-04-28 14:17:00,4,497.21,247,3,4,3,343,Loyal Customers,Budget,Social Media
CUST103044,2025-09-20 21:12:00,4,425.16112,102,4,4,3,443,Loyal Customers,Mainstream,Social Media
CUST103045,2025-08-05 06:52:00,2,466.74185,148,4,3,3,433,Potential Loyalists,Premium,Social Media
CUST103048,2025-11-18 06:59:00,4,631.9962,43,5,4,4,544,Champions,Budget,Social Media
CUST103049,2023-09-25 19:05:00,1,130.19,828,1,1,1,111,Lost Customers,Mainstream,Affiliate
CUST103050,2024-07-01 07:12:00,1,424.83905000000004,548,2,1,3,213,Lost Customers,Budget,Paid Search
CUST103051,2023-05-04 10:52:00,1,239.9,972,1,1,2,112,Lost Customers,Mainstream,Paid Search
CUST103052,2024-12-08 15:27:00,3,1448.3769599999998,388,2,4,5,245,Loyal Customers,Budget,Organic Search
CUST103053,2025-11-17 09:16:00,17,2588.95681,44,5,5,5,555,Champions,Budget,Paid Search
CUST103054,2025-08-31 05:50:00,4,815.52214,122,4,4,4,444,Champions,Budget,Affiliate
CUST103055,2024-11-23 10:46:00,3,497.19006,403,2,4,3,243,Loyal Customers,Budget,Social Media
CUST103056,2025-05-31 12:34:00,1,554.77,214,3,1,4,314,Others,Premium,Organic Search
CUST103057,2025-09-12 14:34:00,11,2137.49181,110,4,5,5,455,Champions,Budget,Email
CUST103058,2025-10-16 05:08:00,2,367.8,76,4,3,3,433,Potential Loyalists,Budget,Social Media
CUST103060,2025-04-20 09:23:00,3,385.8193,255,3,4,3,343,Loyal Customers,Mainstream,Organic Search
CUST103061,2025-12-12 09:31:00,4,995.6388,19,5,4,4,544,Champions,Mainstream,Organic Search
CUST103062,2025-05-28 11:43:00,1,281.94,217,3,1,2,312,Others,Budget,Email
CUST103063,2024-08-25 16:33:00,1,166.35,493,2,1,2,212,Lost Customers,Premium,Direct
CUST103065,2025-05-15 11:13:00,2,535.75278,230,3,3,3,333,At Risk,Budget,Email
CUST103066,2024-07-20 20:53:00,1,130.88,529,2,1,1,211,Lost Customers,Mainstream,Email
CUST103067,2025-11-29 03:56:00,15,1591.64455,32,5,5,5,555,Champions,Mainstream,Organic Search
CUST103068,2025-05-18 18:58:00,13,2347.4082,227,3,5,5,355,Loyal Customers,Mainstream,Social Media
CUST103069,2025-03-02 10:42:00,10,3435.24246,304,3,5,5,355,Loyal Customers,Mainstream,Organic Search
CUST103070,2024-07-31 14:25:00,1,215.91,518,2,1,2,212,Lost Customers,Mainstream,Organic Search
CUST103071,2025-10-11 23:26:00,3,645.92449,80,4,4,4,444,Champions,Mainstream,Social Media
CUST103072,2025-12-02 07:34:00,5,408.03061,29,5,4,3,543,Loyal Customers,Budget,Organic Search
CUST103074,2023-08-05 10:05:00,1,86.17,879,1,1,1,111,Lost Customers,Budget,Referral
CUST103075,2023-04-09 07:00:00,1,149.21,997,1,1,1,111,Lost Customers,Mainstream,Organic Search
CUST103076,2025-03-27 19:43:00,1,621.093,279,3,1,4,314,Others,Budget,Affiliate
CUST103078,2024-05-20 23:58:00,5,376.00613,589,2,4,3,243,Loyal Customers,Mainstream,Social Media
CUST103081,2024-01-02 09:52:00,1,338.44,729,1,1,3,113,Lost Customers,Mainstream,Affiliate
CUST103085,2024-11-30 09:30:00,2,248.90938000000003,396,2,3,2,232,At Risk,Budget,Social Media
CUST103086,2023-03-04 02:45:00,1,101.38,1033,1,1,1,111,Lost Customers,Budget,Referral
CUST103088,2025-07-06 05:21:00,1,158.14,178,3,1,2,312,Others,Budget,Paid Search
CUST103089,2025-11-25 06:07:00,21,4682.44045,36,5,5,5,555,Champions,Mainstream,Referral
CUST103090,2024-06-04 11:59:00,1,113.47433,575,2,1,1,211,Lost Customers,Budget,Email
CUST103091,2025-10-14 22:09:00,2,179.10426999999999,78,4,3,2,432,Potential Loyalists,Mainstream,Social Media
CUST103093,2023-10-19 00:43:00,1,128.51,804,1,1,1,111,Lost Customers,Premium,Direct
CUST103094,2025-05-08 05:50:00,4,1171.09,237,3,4,5,345,Loyal Customers,Mainstream,Referral
CUST103096,2024-01-21 04:26:00,2,1639.8200000000002,710,1,3,5,135,Others,Mainstream,Organic Search
CUST103097,2024-11-27 10:31:00,3,1249.06,399,2,4,5,245,Loyal Customers,Mainstream,Email
CUST103098,2023-07-27 00:19:00,1,77.67,888,1,1,1,111,Lost Customers,Premium,Direct
CUST103100,2025-12-19 17:40:00,5,1125.3617399999998,12,5,4,5,545,Champions,Mainstream,Direct
CUST103101,2025-06-28 12:46:00,3,566.9300000000001,186,3,4,4,344,Loyal Customers,Budget,Organic Search
CUST103103,2023-05-27 03:43:00,1,328.31,949,1,1,3,113,Lost Customers,Budget,Email
CUST103105,2024-11-29 21:56:00,6,1456.2826300000002,397,2,5,5,255,Loyal Customers,Mainstream,Paid Search
CUST103107,2024-11-29 03:51:00,2,347.19,397,2,3,3,233,At Risk,Mainstream,Organic Search
CUST103109,2024-07-22 05:47:00,1,128.76,527,2,1,1,211,Lost Customers,Budget,Paid Search
CUST103110,2025-10-02 20:09:00,7,909.92156,90,4,5,4,454,Champions,Budget,Organic Search
CUST103111,2025-08-29 20:18:00,3,402.86,124,4,4,3,443,Loyal Customers,Budget,Organic Search
CUST103112,2025-11-29 13:27:00,19,3104.81456,32,5,5,5,555,Champions,Budget,Organic Search
CUST103113,2025-05-10 18:39:00,1,166.35,235,3,1,2,312,Others,Premium,Affiliate
CUST103115,2023-05-10 05:29:00,1,183.95,966,1,1,2,112,Lost Customers,Mainstream,Email
CUST103116,2025-01-22 16:09:00,2,187.18,343,3,3,2,332,At Risk,Mainstream,Paid Search
CUST103117,2024-05-07 12:11:00,2,190.30629,603,2,3,2,232,At Risk,Budget,Paid Search
CUST103118,2024-08-01 23:36:00,2,766.5899999999999,516,2,3,4,234,At Risk,Mainstream,Direct
CUST103119,2025-11-08 14:47:00,12,1785.78831,53,4,5,5,455,Champions,Budget,Email
CUST103120,2023-09-15 22:16:00,1,207.43,838,1,1,2,112,Lost Customers,Premium,Direct
CUST103121,2025-12-01 07:17:00,9,1872.46386,30,5,5,5,555,Champions,Mainstream,Organic Search
CUST103122,2024-12-01 19:13:00,1,142.50512,395,2,1,1,211,Lost Customers,Budget,Social Media
CUST103123,2025-10-21 08:23:00,3,901.7691,71,4,4,4,444,Champions,Mainstream,Social Media
CUST103124,2025-11-22 11:12:00,4,1153.9481799999999,39,5,4,5,545,Champions,Mainstream,Paid Search
CUST103125,2025-02-11 23:49:00,2,144.98999999999998,322,3,3,1,331,At Risk,Budget,Direct
CUST103126,2024-08-25 21:16:00,2,165.94,493,2,3,2,232,At Risk,Budget,Organic Search
CUST103127,2025-01-22 14:27:00,3,722.90268,343,3,4,4,344,Loyal Customers,Budget,Social Media
CUST103128,2025-08-12 05:04:00,10,1788.12725,141,4,5,5,455,Champions,Premium,Paid Search
CUST103129,2024-08-13 06:36:00,2,167.74,505,2,3,2,232,At Risk,Premium,Email
CUST103130,2025-12-19 21:53:00,1,212.9,12,5,1,2,512,New Customers,Mainstream,Referral
CUST103131,2024-07-05 21:24:00,1,42.59,544,2,1,1,211,Lost Customers,Budget,Organic Search
CUST103132,2023-10-06 03:49:00,1,149.74,817,1,1,1,111,Lost Customers,Budget,Affiliate
CUST103133,2025-02-24 05:59:00,6,1049.50982,310,3,5,5,355,Loyal Customers,Mainstream,Organic Search
CUST103135,2024-06-20 10:32:00,2,96.2417,559,2,3,1,231,At Risk,Mainstream,Referral
CUST103136,2025-11-30 04:22:00,3,352.50289,31,5,4,3,543,Loyal Customers,Budget,Affiliate
CUST103138,2025-12-12 16:25:00,20,3718.30775,19,5,5,5,555,Champions,Mainstream,Social Media
CUST103140,2025-06-02 01:30:00,3,593.69,212,3,4,4,344,Loyal Customers,Mainstream,Direct
CUST103141,2024-03-20 18:56:00,1,274.5,651,1,1,2,112,Lost Customers,Mainstream,Direct
CUST103142,2023-03-26 09:24:00,1,26.02326,1011,1,1,1,111,Lost Customers,Mainstream,Social Media
CUST103143,2025-03-08 06:04:00,2,701.26195,298,3,3,4,334,At Risk,Premium,Email
CUST103144,2025-09-22 14:55:00,5,1393.84,100,4,4,5,445,Champions,Mainstream,Social Media
CUST103145,2024-11-02 21:04:00,1,211.71,424,2,1,2,212,Lost Customers,Mainstream,Paid Search
CUST103146,2024-05-05 05:18:00,1,221.16,605,2,1,2,212,Lost Customers,Mainstream,Paid Search
CUST103147,2024-09-11 11:18:00,2,250.33898,476,2,3,2,232,At Risk,Premium,Email
CUST103149,2025-05-20 23:00:00,8,2472.52704,225,3,5,5,355,Loyal Customers,Mainstream,Email
CUST103150,2023-11-29 18:36:00,2,852.16,763,1,3,4,134,Others,Budget,Social Media
CUST103151,2024-12-05 08:23:00,2,196.6526,391,2,3,2,232,At Risk,Mainstream,Organic Search
CUST103154,2025-09-06 11:22:00,4,540.40933,116,4,4,3,443,Loyal Customers,Mainstream,Paid Search
CUST103156,2025-12-21 13:05:00,2,449.61,10,5,3,3,533,Potential Loyalists,Mainstream,Referral
CUST103159,2025-04-29 09:56:00,8,1474.35738,246,3,5,5,355,Loyal Customers,Mainstream,Direct
CUST103160,2024-02-04 23:30:00,1,61.33,695,1,1,1,111,Lost Customers,Budget,Social Media
CUST103161,2024-06-03 22:20:00,2,228.79000000000002,576,2,3,2,232,At Risk,Premium,Organic Search
CUST103162,2025-11-26 17:56:00,4,1733.2622000000001,35,5,4,5,545,Champions,Premium,Referral
CUST103163,2023-11-12 05:28:00,1,754.72,780,1,1,4,114,Lost Customers,Premium,Affiliate
CUST103165,2024-12-07 02:45:00,2,134.7726,389,2,3,1,231,At Risk,Budget,Email
CUST103166,2025-09-25 05:16:00,12,2400.18331,97,4,5,5,455,Champions,Premium,Organic Search
CUST103167,2025-02-16 08:29:00,6,978.09442,318,3,5,4,354,Loyal Customers,Budget,Paid Search
CUST103169,2024-06-27 16:17:00,1,243.78000000000003,552,2,1,2,212,Lost Customers,Mainstream,Paid Search
CUST103170,2025-08-20 14:41:00,7,1187.38225,133,4,5,5,455,Champions,Mainstream,Referral
CUST103171,2023-12-06 09:21:00,1,130.38345,756,1,1,1,111,Lost Customers,Mainstream,Paid Search
CUST103172,2025-12-14 21:33:00,39,7628.35719,17,5,5,5,555,Champions,Mainstream,Email
CUST103173,2023-01-10 20:18:00,1,151.38162,1086,1,1,2,112,Lost Customers,Budget,Direct
CUST103174,2023-07-01 12:47:00,1,265.26,914,1,1,2,112,Lost Customers,Mainstream,Direct
CUST103176,2024-08-28 21:28:00,1,66.51,490,2,1,1,211,Lost Customers,Premium,Paid Search
CUST103178,2025-09-02 07:07:00,5,473.4,120,4,4,3,443,Loyal Customers,Budget,Paid Search
CUST103180,2025-01-02 06:21:00,2,373.91155000000003,363,2,3,3,233,At Risk,Mainstream,Social Media
CUST103182,2024-09-15 16:19:00,4,912.02105,472,2,4,4,244,Loyal Customers,Mainstream,Paid Search
CUST103183,2025-08-13 14:42:00,1,59.34,140,4,1,1,411,New Customers,Budget,Organic Search
CUST103184,2025-03-20 14:59:00,2,159.35999999999999,286,3,3,2,332,At Risk,Mainstream,Direct
CUST103185,2025-08-25 23:47:00,2,246.90000000000003,127,4,3,2,432,Potential Loyalists,Mainstream,Affiliate
CUST103186,2025-08-22 05:42:00,3,278.946,131,4,4,2,442,Loyal Customers,Mainstream,Email
CUST103189,2023-11-30 15:06:00,1,715.31,762,1,1,4,114,Lost Customers,Premium,Paid Search
CUST103190,2023-10-25 05:44:00,1,52.67484,798,1,1,1,111,Lost Customers,Mainstream,Direct
CUST103191,2025-09-13 23:15:00,4,509.54525,108,4,4,3,443,Loyal Customers,Mainstream,Paid Search
CUST103192,2025-11-12 12:28:00,2,324.13,49,5,3,3,533,Potential Loyalists,Budget,Email
CUST103193,2025-11-22 15:49:00,3,304.45176,39,5,4,2,542,Loyal Customers,Budget,Organic Search
CUST103194,2025-01-05 06:32:00,3,279.65849000000003,360,2,4,2,242,Loyal Customers,Budget,Email
CUST103196,2023-05-17 02:55:00,1,167.26,959,1,1,2,112,Lost Customers,Budget,Referral
CUST103197,2025-03-31 02:03:00,2,649.96,275,3,3,4,334,At Risk,Mainstream,Social Media
CUST103198,2025-09-29 13:13:00,5,1048.3141799999999,93,4,4,5,445,Champions,Mainstream,Email
CUST103199,2024-10-26 11:28:00,1,121.63999999999999,431,2,1,1,211,Lost Customers,Premium,Social Media
CUST103200,2024-07-20 14:47:00,1,34.28,529,2,1,1,211,Lost Customers,Mainstream,Referral
CUST103202,2025-02-13 09:14:00,7,790.93374,321,3,5,4,354,Loyal Customers,Budget,Social Media
CUST103203,2025-12-07 18:03:00,2,124.74418999999999,24,5,3,1,531,Potential Loyalists,Budget,Email
CUST103204,2025-11-05 00:26:00,3,376.19,56,4,4,3,443,Loyal Customers,Mainstream,Paid Search
CUST103205,2025-07-19 20:50:00,4,821.44498,165,3,4,4,344,Loyal Customers,Mainstream,Email
CUST103206,2025-10-23 00:38:00,1,48.62616,69,4,1,1,411,New Customers,Mainstream,Paid Search
CUST103208,2025-09-19 10:58:00,11,2075.0796800000003,103,4,5,5,455,Champions,Budget,Organic Search
CUST103209,2025-12-02 08:04:00,6,1148.06765,29,5,5,5,555,Champions,Mainstream,Direct
CUST103210,2025-12-04 04:03:00,7,1123.78552,27,5,5,5,555,Champions,Budget,Paid Search
CUST103211,2024-02-11 20:51:00,2,584.19,689,1,3,4,134,Others,Budget,Social Media
CUST103212,2024-05-15 14:23:00,2,350.2678,595,2,3,3,233,At Risk,Mainstream,Paid Search
CUST103214,2025-06-12 17:02:00,1,239.34118,202,3,1,2,312,Others,Premium,Paid Search
CUST103217,2025-02-08 15:06:00,5,706.28962,326,3,4,4,344,Loyal Customers,Premium,Referral
CUST103218,2025-11-21 00:17:00,2,110.71099999999998,40,5,3,1,531,Potential Loyalists,Mainstream,Organic Search
CUST103219,2023-07-13 22:07:00,2,625.4399999999999,902,1,3,4,134,Others,Mainstream,Social Media
CUST103220,2025-11-28 19:48:00,6,1152.9638,33,5,5,5,555,Champions,Mainstream,Paid Search
CUST103221,2024-12-21 18:04:00,4,1059.60048,375,2,4,5,245,Loyal Customers,Budget,Organic Search
CUST103222,2025-12-08 18:25:00,4,365.76288,23,5,4,3,543,Loyal Customers,Mainstream,Paid Search
CUST103224,2024-02-11 08:33:00,2,437.4108,689,1,3,3,133,Others,Mainstream,Paid Search
CUST103225,2024-05-12 00:16:00,1,115.93904,598,2,1,1,211,Lost Customers,Budget,Affiliate
CUST103226,2025-12-02 20:52:00,3,978.188,29,5,4,4,544,Champions,Mainstream,Organic Search
CUST103227,2024-01-27 11:08:00,1,72.03282,704,1,1,1,111,Lost Customers,Mainstream,Email
CUST103228,2023-03-22 15:59:00,1,870.15,1015,1,1,4,114,Lost Customers,Budget,Organic Search
CUST103229,2025-09-10 05:21:00,1,70.97,112,4,1,1,411,New Customers,Mainstream,Organic Search
CUST103230,2024-09-27 13:55:00,2,439.21558,460,2,3,3,233,At Risk,Budget,Direct
CUST103231,2024-12-01 17:59:00,4,602.04433,395,2,4,4,244,Loyal Customers,Mainstream,Referral
CUST103232,2025-04-28 15:14:00,3,716.17875,247,3,4,4,344,Loyal Customers,Premium,Email
CUST103236,2025-11-06 16:52:00,3,837.66,55,4,4,4,444,Champions,Premium,Social Media
CUST103239,2025-02-09 00:59:00,5,729.29134,325,3,4,4,344,Loyal Customers,Budget,Organic Search
CUST103240,2025-09-03 21:21:00,1,68.34,119,4,1,1,411,New Customers,Premium,Social Media
CUST103241,2025-08-11 18:29:00,9,1855.50887,142,4,5,5,455,Champions,Mainstream,Affiliate
CUST103242,2023-05-02 13:07:00,1,158.48,974,1,1,2,112,Lost Customers,Mainstream,Paid Search
CUST103243,2025-10-25 03:11:00,8,1618.80858,67,4,5,5,455,Champions,Mainstream,Social Media
CUST103244,2025-03-06 17:55:00,3,569.0687,300,3,4,4,344,Loyal Customers,Mainstream,Email
CUST103245,2024-12-04 02:01:00,1,209.72,392,2,1,2,212,Lost Customers,Budget,Organic Search
CUST103246,2025-08-13 12:01:00,4,384.31768999999997,140,4,4,3,443,Loyal Customers,Premium,Organic Search
CUST103247,2025-09-18 08:13:00,3,890.18493,104,4,4,4,444,Champions,Mainstream,Referral
CUST103248,2025-12-13 01:10:00,3,800.8712400000001,18,5,4,4,544,Champions,Budget,Direct
CUST103249,2024-12-05 04:27:00,2,660.02362,391,2,3,4,234,At Risk,Budget,Social Media
CUST103250,2024-08-02 08:10:00,2,906.89,516,2,3,4,234,At Risk,Mainstream,Affiliate
CUST103252,2023-09-14 23:26:00,1,89.0,838,1,1,1,111,Lost Customers,Budget,Organic Search
CUST103253,2025-08-14 20:51:00,3,261.73991,139,4,4,2,442,Loyal Customers,Mainstream,Paid Search
CUST103254,2024-05-16 20:31:00,3,994.89,594,2,4,4,244,Loyal Customers,Mainstream,Social Media
CUST103255,2023-01-07 01:43:00,1,671.56,1089,1,1,4,114,Lost Customers,Mainstream,Email
CUST103256,2025-11-13 10:45:00,4,553.02782,48,5,4,4,544,Champions,Premium,Paid Search
CUST103257,2025-11-29 08:38:00,13,1896.797,32,5,5,5,555,Champions,Budget,Social Media
CUST103259,2025-12-17 22:01:00,25,3619.17851,14,5,5,5,555,Champions,Budget,Email
CUST103260,2023-06-27 21:38:00,1,214.85,918,1,1,2,112,Lost Customers,Budget,Email
CUST103261,2025-02-09 19:46:00,1,276.454,325,3,1,2,312,Others,Budget,Email
CUST103262,2025-11-30 02:53:00,26,5071.98859,31,5,5,5,555,Champions,Premium,Affiliate
CUST103264,2025-01-15 10:55:00,2,226.94,350,2,3,2,232,At Risk,Budget,Direct
CUST103265,2025-04-17 04:20:00,6,1215.71184,258,3,5,5,355,Loyal Customers,Budget,Affiliate
CUST103266,2025-10-17 16:43:00,4,577.92,75,4,4,4,444,Champions,Mainstream,Direct
CUST103267,2024-09-11 19:44:00,2,228.38,476,2,3,2,232,At Risk,Mainstream,Paid Search
CUST103268,2024-11-27 19:06:00,2,415.43,399,2,3,3,233,At Risk,Budget,Social Media
CUST103269,2024-03-16 11:38:00,1,130.79,655,1,1,1,111,Lost Customers,Mainstream,Organic Search
CUST103270,2023-09-25 23:25:00,1,174.42000000000002,827,1,1,2,112,Lost Customers,Premium,Paid Search
CUST103271,2024-09-12 01:24:00,2,477.17,475,2,3,3,233,At Risk,Premium,Social Media
CUST103273,2025-05-30 11:00:00,2,119.34025,215,3,3,1,331,At Risk,Budget,Social Media
CUST103275,2025-10-11 23:48:00,1,194.91,80,4,1,2,412,New Customers,Budget,Organic Search
CUST103277,2023-09-10 08:48:00,2,113.55464,843,1,3,1,131,Others,Mainstream,Referral
CUST103278,2025-06-17 00:37:00,2,106.97999999999999,197,3,3,1,331,At Risk,Mainstream,Direct
CUST103279,2025-10-21 19:37:00,1,39.81,71,4,1,1,411,New Customers,Mainstream,Paid Search
CUST103280,2024-10-07 16:26:00,2,563.04,450,2,3,4,234,At Risk,Mainstream,Affiliate
CUST103281,2025-08-11 17:28:00,2,443.54864,142,4,3,3,433,Potential Loyalists,Mainstream,Paid Search
CUST103282,2025-04-30 14:04:00,1,111.18,245,3,1,1,311,Others,Mainstream,Direct
CUST103284,2025-09-27 08:59:00,4,1079.8799999999999,95,4,4,5,445,Champions,Budget,Paid Search
CUST103285,2024-09-16 12:16:00,2,274.995,471,2,3,2,232,At Risk,Budget,Organic Search
CUST103286,2025-07-15 16:51:00,3,185.90078,169,3,4,2,342,Loyal Customers,Budget,Referral
CUST103287,2023-01-12 07:31:00,1,50.9613,1084,1,1,1,111,Lost Customers,Premium,Direct
CUST103288,2025-10-11 00:40:00,2,216.36948999999998,81,4,3,2,432,Potential Loyalists,Premium,Email
CUST103289,2025-11-16 18:41:00,3,683.22,45,5,4,4,544,Champions,Mainstream,Referral
CUST103290,2025-10-05 14:49:00,7,1204.9166500000001,87,4,5,5,455,Champions,Premium,Organic Search
CUST103291,2025-10-26 11:02:00,13,1609.5077999999999,66,4,5,5,455,Champions,Budget,Affiliate
CUST103292,2024-01-29 09:22:00,1,212.9,702,1,1,2,112,Lost Customers,Budget,Organic Search
CUST103293,2025-12-01 17:45:00,5,887.23063,30,5,4,4,544,Champions,Budget,Direct
CUST103294,2023-06-22 10:30:00,1,207.79000000000002,923,1,1,2,112,Lost Customers,Budget,Referral
CUST103295,2025-11-28 06:03:00,4,996.22246,33,5,4,4,544,Champions,Mainstream,Organic Search
CUST103296,2024-03-28 09:56:00,2,333.92999999999995,643,1,3,3,133,Others,Budget,Organic Search
CUST103298,2024-04-13 12:56:00,1,246.54000000000002,627,1,1,2,112,Lost Customers,Mainstream,Affiliate
CUST103301,2024-12-03 20:12:00,1,356.61,393,2,1,3,213,Lost Customers,Premium,Affiliate
CUST103302,2023-10-02 14:00:00,1,454.23346,821,1,1,3,113,Lost Customers,Mainstream,Organic Search
CUST103303,2025-11-01 13:26:00,2,610.47,60,4,3,4,434,Potential Loyalists,Budget,Social Media
CUST103304,2023-01-28 19:50:00,1,149.74,1068,1,1,1,111,Lost Customers,Mainstream,Email
CUST103305,2025-06-25 09:35:00,7,1385.5068,189,3,5,5,355,Loyal Customers,Mainstream,Paid Search
CUST103306,2025-04-03 21:42:00,2,525.9300000000001,272,3,3,3,333,At Risk,Mainstream,Referral
CUST103308,2024-12-07 21:06:00,2,81.38472,389,2,3,1,231,At Risk,Premium,Email
CUST103309,2024-06-14 03:44:00,1,254.94,565,2,1,2,212,Lost Customers,Budget,Social Media
CUST103310,2025-09-07 18:08:00,6,916.2447500000001,115,4,5,4,454,Champions,Premium,Direct
CUST103311,2025-03-25 10:28:00,2,120.619,281,3,3,1,331,At Risk,Budget,Social Media
CUST103312,2025-12-03 20:12:00,1,336.07206,28,5,1,3,513,New Customers,Premium,Social Media
CUST103313,2025-10-12 14:31:00,7,776.10884,80,4,5,4,454,Champions,Budget,Paid Search
CUST103314,2024-12-01 20:17:00,2,196.60000000000002,395,2,3,2,232,At Risk,Mainstream,Direct
CUST103315,2025-12-02 19:03:00,2,156.74085,29,5,3,2,532,Potential Loyalists,Premium,Organic Search
CUST103316,2025-09-16 18:30:00,4,779.69291,106,4,4,4,444,Champions,Budget,Social Media
CUST103317,2025-05-17 22:34:00,3,1096.1580000000001,228,3,4,5,345,Loyal Customers,Budget,Direct
CUST103319,2024-04-08 17:36:00,1,140.87,632,1,1,1,111,Lost Customers,Premium,Organic Search
CUST103323,2025-12-17 23:28:00,1,218.18239999999997,13,5,1,2,512,New Customers,Mainstream,Organic Search
CUST103324,2025-12-13 17:54:00,3,679.92824,18,5,4,4,544,Champions,Mainstream,Organic Search
CUST103325,2025-11-23 19:59:00,8,1747.65356,38,5,5,5,555,Champions,Budget,Social Media
CUST103326,2024-04-22 18:31:00,1,21.16,618,1,1,1,111,Lost Customers,Budget,Social Media
CUST103328,2025-11-10 22:46:00,5,790.68106,51,5,4,4,544,Champions,Mainstream,Social Media
CUST103329,2025-02-18 00:07:00,1,214.48000000000002,316,3,1,2,312,Others,Mainstream,Social Media
CUST103330,2023-12-01 23:13:00,1,61.33,760,1,1,1,111,Lost Customers,Premium,Organic Search
CUST103331,2025-10-31 13:45:00,10,1249.45722,61,4,5,5,455,Champions,Mainstream,Direct
CUST103334,2025-03-21 04:46:00,3,128.70310999999998,285,3,4,1,341,Loyal Customers,Premium,Social Media
CUST103336,2025-09-22 18:39:00,6,957.35088,100,4,5,4,454,Champions,Budget,Referral
CUST103338,2023-10-22 14:48:00,1,110.92,801,1,1,1,111,Lost Customers,Budget,Affiliate
CUST103340,2025-10-30 00:29:00,12,1460.0717499999998,62,4,5,5,455,Champions,Budget,Paid Search
CUST103341,2025-12-07 17:51:00,1,444.53425000000004,24,5,1,3,513,New Customers,Mainstream,Social Media
CUST103342,2025-10-26 12:05:00,2,538.72,66,4,3,3,433,Potential Loyalists,Budget,Email
CUST103343,2025-12-15 11:50:00,3,620.30894,16,5,4,4,544,Champions,Premium,Paid Search
CUST103345,2025-08-23 10:46:00,4,762.0735,130,4,4,4,444,Champions,Mainstream,Affiliate
CUST103347,2023-05-17 22:22:00,1,166.35,959,1,1,2,112,Lost Customers,Mainstream,Paid Search
CUST103348,2024-11-28 19:34:00,2,898.08,398,2,3,4,234,At Risk,Mainstream,Paid Search
CUST103349,2025-09-22 23:27:00,8,1504.40124,99,4,5,5,455,Champions,Premium,Email
CUST103350,2025-10-25 23:48:00,10,1427.90272,66,4,5,5,455,Champions,Premium,Social Media
CUST103352,2025-11-27 19:43:00,12,2087.47874,34,5,5,5,555,Champions,Mainstream,Affiliate
CUST103353,2025-12-02 07:36:00,5,900.402,29,5,4,4,544,Champions,Mainstream,Paid Search
CUST103355,2025-06-14 23:50:00,8,1436.58316,199,3,5,5,355,Loyal Customers,Mainstream,Organic Search
CUST103356,2023-04-05 02:28:00,1,56.65,1001,1,1,1,111,Lost Customers,Premium,Social Media
CUST103357,2023-05-07 02:54:00,1,29.99,969,1,1,1,111,Lost Customers,Mainstream,Paid Search
CUST103358,2025-08-22 23:06:00,1,16.21,131,4,1,1,411,New Customers,Budget,Organic Search
CUST103360,2025-11-23 20:18:00,8,1328.08234,38,5,5,5,555,Champions,Mainstream,Paid Search
CUST103361,2024-11-10 22:10:00,2,143.38,416,2,3,1,231,At Risk,Mainstream,Direct
CUST103362,2024-02-09 23:36:00,1,339.53515999999996,690,1,1,3,113,Lost Customers,Mainstream,Direct
CUST103363,2025-12-05 20:50:00,9,1532.53703,26,5,5,5,555,Champions,Premium,Social Media
CUST103365,2025-09-29 09:37:00,2,407.75856999999996,93,4,3,3,433,Potential Loyalists,Premium,Email
CUST103367,2025-07-19 18:14:00,3,487.96000000000004,165,3,4,3,343,Loyal Customers,Budget,Social Media
CUST103368,2024-12-04 02:18:00,2,418.28947999999997,392,2,3,3,233,At Risk,Budget,Paid Search
CUST103370,2024-05-30 21:42:00,3,616.95686,580,2,4,4,244,Loyal Customers,Premium,Direct
CUST103371,2025-10-22 18:16:00,2,1112.8599,70,4,3,5,435,Potential Loyalists,Budget,Social Media
CUST103372,2024-11-08 20:14:00,2,346.01,418,2,3,3,233,At Risk,Mainstream,Organic Search
CUST103373,2025-05-20 13:54:00,5,1296.0828,225,3,4,5,345,Loyal Customers,Budget,Email
CUST103374,2024-06-05 03:05:00,2,564.5799999999999,574,2,3,4,234,At Risk,Mainstream,Affiliate
CUST103375,2025-10-20 00:52:00,8,1414.06405,72,4,5,5,455,Champions,Budget,Paid Search
CUST103376,2023-10-16 03:24:00,1,27.72,807,1,1,1,111,Lost Customers,Mainstream,Organic Search
CUST103377,2024-10-28 17:41:00,2,495.57,429,2,3,3,233,At Risk,Mainstream,Paid Search
CUST103378,2025-12-03 01:43:00,11,2096.4982,28,5,5,5,555,Champions,Mainstream,Affiliate
CUST103379,2025-03-16 03:24:00,1,34.28,290,3,1,1,311,Others,Budget,Social Media
CUST103380,2024-09-21 06:00:00,2,160.58,466,2,3,2,232,At Risk,Mainstream,Paid Search
CUST103381,2025-11-25 11:46:00,7,603.25495,36,5,5,4,554,Champions,Premium,Email
CUST103382,2025-08-31 07:55:00,12,2299.55937,122,4,5,5,455,Champions,Mainstream,Social Media
CUST103384,2025-11-11 09:48:00,4,933.59352,50,5,4,4,544,Champions,Mainstream,Direct
CUST103385,2025-12-24 00:27:00,106,21326.12507,7,5,5,5,555,Champions,Budget,Email
CUST103386,2024-08-04 01:15:00,2,539.75,514,2,3,3,233,At Risk,Budget,Paid Search
CUST103387,2025-03-24 03:26:00,4,976.24028,282,3,4,4,344,Loyal Customers,Mainstream,Affiliate
CUST103388,2025-04-26 07:20:00,6,964.70292,249,3,5,4,354,Loyal Customers,Mainstream,Paid Search
CUST103389,2025-04-09 17:21:00,2,175.44,266,3,3,2,332,At Risk,Premium,Paid Search
CUST103391,2025-09-14 03:37:00,3,655.46,108,4,4,4,444,Champions,Budget,Paid Search
CUST103392,2023-09-23 06:17:00,1,770.65992,830,1,1,4,114,Lost Customers,Premium,Social Media
CUST103394,2025-12-27 22:45:00,3,370.16285,4,5,4,3,543,Loyal Customers,Mainstream,Paid Search
CUST103396,2023-12-02 19:46:00,2,306.34086,760,1,3,2,132,Others,Premium,Organic Search
CUST103397,2025-01-17 12:53:00,2,475.4972,348,3,3,3,333,At Risk,Mainstream,Organic Search
CUST103398,2024-05-15 01:37:00,3,195.5,595,2,4,2,242,Loyal Customers,Mainstream,Organic Search
CUST103399,2025-10-28 05:22:00,4,537.52939,64,4,4,3,443,Loyal Customers,Premium,Direct
CUST103400,2025-05-27 06:08:00,5,1433.5906300000001,218,3,4,5,345,Loyal Customers,Budget,Paid Search
CUST103401,2023-11-09 09:10:00,1,119.17775999999999,783,1,1,1,111,Lost Customers,Budget,Paid Search
CUST103402,2025-02-25 01:53:00,5,1277.8412600000001,309,3,4,5,345,Loyal Customers,Premium,Direct
CUST103403,2023-09-04 17:27:00,2,171.43502,849,1,3,2,132,Others,Mainstream,Paid Search
CUST103404,2024-03-29 14:46:00,4,1314.22495,642,1,4,5,145,Loyal Customers,Budget,Direct
CUST103405,2025-06-21 02:52:00,5,1186.52,193,3,4,5,345,Loyal Customers,Mainstream,Social Media
CUST103406,2024-03-17 23:14:00,1,159.99,653,1,1,2,112,Lost Customers,Mainstream,Direct
CUST103407,2025-12-06 02:43:00,5,572.49,25,5,4,4,544,Champions,Budget,Paid Search
CUST103409,2024-08-02 07:16:00,1,130.86,516,2,1,1,211,Lost Customers,Budget,Organic Search
CUST103411,2025-09-17 16:30:00,1,118.79,105,4,1,1,411,New Customers,Budget,Referral
CUST103412,2024-12-23 23:25:00,5,1131.44006,372,2,4,5,245,Loyal Customers,Mainstream,Paid Search
CUST103413,2025-03-19 12:17:00,1,128.51,287,3,1,1,311,Others,Premium,Organic Search
CUST103414,2025-10-03 00:35:00,8,1962.975,89,4,5,5,455,Champions,Mainstream,Social Media
CUST103415,2024-02-21 22:07:00,2,491.34000000000003,679,1,3,3,133,Others,Premium,Paid Search
CUST103416,2024-10-28 21:15:00,3,557.2586299999999,429,2,4,4,244,Loyal Customers,Budget,Paid Search
CUST103417,2025-10-19 17:09:00,4,866.5616299999999,73,4,4,4,444,Champions,Mainstream,Social Media
CUST103421,2025-06-15 03:35:00,4,475.82007999999996,199,3,4,3,343,Loyal Customers,Mainstream,Organic Search
CUST103422,2025-07-11 22:29:00,2,339.53716000000003,173,3,3,3,333,At Risk,Budget,Organic Search
CUST103423,2025-12-08 19:46:00,1,110.78,23,5,1,1,511,New Customers,Premium,Organic Search
CUST103424,2025-09-10 21:54:00,2,224.38312000000002,112,4,3,2,432,Potential Loyalists,Premium,Organic Search
CUST103427,2023-07-23 14:22:00,1,149.74,892,1,1,1,111,Lost Customers,Budget,Paid Search
CUST103428,2024-12-21 04:51:00,4,829.26002,375,2,4,4,244,Loyal Customers,Mainstream,Email
CUST103429,2025-11-16 05:24:00,1,12.52,45,5,1,1,511,New Customers,Mainstream,Paid Search
CUST103430,2025-11-23 02:38:00,9,2792.6015,38,5,5,5,555,Champions,Mainstream,Paid Search
CUST103431,2023-12-24 10:34:00,1,300.71000000000004,738,1,1,2,112,Lost Customers,Budget,Organic Search
CUST103432,2025-08-23 06:15:00,1,61.33,130,4,1,1,411,New Customers,Mainstream,Social Media
CUST103433,2025-03-24 10:47:00,2,411.43953999999997,282,3,3,3,333,At Risk,Budget,Email
CUST103434,2025-08-10 07:04:00,5,558.75758,143,4,4,4,444,Champions,Mainstream,Email
CUST103435,2023-03-16 04:09:00,1,106.17,1021,1,1,1,111,Lost Customers,Budget,Affiliate
CUST103436,2024-03-11 04:19:00,1,127.44079999999998,660,1,1,1,111,Lost Customers,Premium,Organic Search
CUST103437,2025-01-24 01:13:00,3,373.06396,341,3,4,3,343,Loyal Customers,Budget,Paid Search
CUST103438,2025-08-27 13:47:00,3,280.15964,126,4,4,2,442,Loyal Customers,Mainstream,Direct
CUST103441,2025-09-24 13:46:00,5,906.6417,98,4,4,4,444,Champions,Mainstream,Paid Search
CUST103444,2025-09-13 02:56:00,4,460.74327999999997,109,4,4,3,443,Loyal Customers,Budget,Social Media
CUST103446,2024-08-04 23:00:00,2,704.79656,514,2,3,4,234,At Risk,Premium,Affiliate
CUST103447,2024-09-28 16:10:00,1,78.92,459,2,1,1,211,Lost Customers,Mainstream,Social Media
CUST103448,2023-12-12 14:05:00,1,240.37578,750,1,1,2,112,Lost Customers,Budget,Referral
CUST103449,2023-09-19 02:40:00,1,60.929,834,1,1,1,111,Lost Customers,Mainstream,Paid Search
CUST103451,2025-11-27 06:28:00,4,424.63176000000004,34,5,4,3,543,Loyal Customers,Mainstream,Direct
CUST103452,2025-10-27 06:15:00,1,326.52,65,4,1,3,413,New Customers,Premium,Paid Search
CUST103453,2025-03-17 08:39:00,5,481.20772999999997,289,3,4,3,343,Loyal Customers,Budget,Social Media
CUST103454,2025-09-21 01:33:00,13,1354.35915,101,4,5,5,455,Champions,Budget,Organic Search
CUST103456,2025-09-10 17:11:00,2,133.29739999999998,112,4,3,1,431,Potential Loyalists,Mainstream,Direct
CUST103457,2025-12-04 10:32:00,4,586.5976900000001,27,5,4,4,544,Champions,Budget,Email
CUST103458,2025-08-25 03:38:00,2,216.75,128,4,3,2,432,Potential Loyalists,Premium,Referral
CUST103460,2025-10-21 19:01:00,9,1626.6746400000002,71,4,5,5,455,Champions,Mainstream,Direct
CUST103461,2024-11-27 18:12:00,1,276.76,399,2,1,2,212,Lost Customers,Budget,Email
CUST103462,2025-11-30 04:56:00,2,116.45394999999999,31,5,3,1,531,Potential Loyalists,Premium,Paid Search
CUST103463,2025-12-11 08:07:00,6,1223.82408,20,5,5,5,555,Champions,Mainstream,Direct
CUST103464,2023-06-18 14:45:00,1,45.263349999999996,927,1,1,1,111,Lost Customers,Budget,Paid Search
CUST103465,2025-08-03 01:53:00,2,320.01,150,4,3,3,433,Potential Loyalists,Premium,Paid Search
CUST103467,2025-06-02 05:04:00,5,1721.9662799999999,212,3,4,5,345,Loyal Customers,Premium,Paid Search
CUST103468,2025-11-22 21:30:00,4,1338.18512,39,5,4,5,545,Champions,Mainstream,Paid Search
CUST103469,2025-09-18 05:14:00,9,1355.4266,104,4,5,5,455,Champions,Budget,Paid Search
CUST103470,2025-08-17 20:17:00,11,2278.1293,136,4,5,5,455,Champions,Mainstream,Direct
CUST103471,2025-03-09 22:17:00,1,144.94,297,3,1,1,311,Others,Budget,Paid Search
CUST103472,2024-05-10 10:10:00,1,11.68,600,2,1,1,211,Lost Customers,Mainstream,Organic Search
CUST103474,2025-09-13 20:41:00,1,65.67,109,4,1,1,411,New Customers,Mainstream,Organic Search
CUST103475,2024-09-19 21:28:00,2,327.20016,468,2,3,3,233,At Risk,Premium,Organic Search
CUST103477,2024-05-21 05:07:00,1,152.30402,589,2,1,2,212,Lost Customers,Mainstream,Referral
CUST103479,2024-12-21 02:01:00,3,158.71681999999998,375,2,4,2,242,Loyal Customers,Budget,Referral
CUST103480,2025-12-05 07:56:00,2,354.65200000000004,26,5,3,3,533,Potential Loyalists,Premium,Organic Search
CUST103481,2025-08-12 14:27:00,1,47.09,141,4,1,1,411,New Customers,Premium,Paid Search
CUST103483,2025-05-28 17:41:00,1,71.81,217,3,1,1,311,Others,Mainstream,Organic Search
CUST103484,2023-09-05 13:27:00,2,363.62,848,1,3,3,133,Others,Budget,Email
CUST103485,2024-12-22 22:05:00,4,822.02811,374,2,4,4,244,Loyal Customers,Budget,Paid Search
CUST103486,2025-05-13 14:17:00,3,322.57,232,3,4,3,343,Loyal Customers,Mainstream,Email
CUST103487,2025-12-07 23:01:00,3,608.90678,24,5,4,4,544,Champions,Budget,Organic Search
CUST103488,2025-12-16 05:17:00,8,1230.06673,15,5,5,5,555,Champions,Mainstream,Social Media
CUST103489,2024-03-23 15:02:00,3,877.74476,648,1,4,4,144,Loyal Customers,Mainstream,Affiliate
CUST103490,2023-12-20 20:48:00,1,118.79,742,1,1,1,111,Lost Customers,Mainstream,Paid Search
CUST103491,2025-02-24 07:27:00,2,235.79000000000002,310,3,3,2,332,At Risk,Mainstream,Paid Search
CUST103492,2025-12-09 06:41:00,8,932.29256,22,5,5,4,554,Champions,Budget,Paid Search
CUST103494,2024-10-26 11:16:00,1,77.98040999999999,431,2,1,1,211,Lost Customers,Budget,Social Media
CUST103495,2025-12-05 02:39:00,6,853.18596,26,5,5,4,554,Champions,Budget,Affiliate
CUST103496,2024-04-04 08:39:00,1,167.96391,636,1,1,2,112,Lost Customers,Mainstream,Direct
CUST103497,2025-05-22 21:49:00,3,389.70070999999996,223,3,4,3,343,Loyal Customers,Budget,Email
CUST103498,2023-10-09 23:40:00,2,447.96543999999994,813,1,3,3,133,Others,Budget,Referral
CUST103499,2023-12-23 10:14:00,1,119.7,739,1,1,1,111,Lost Customers,Budget,Organic Search
CUST103501,2025-04-03 22:34:00,1,157.0,272,3,1,2,312,Others,Budget,Social Media
CUST103502,2024-12-13 05:42:00,1,311.28999999999996,383,2,1,3,213,Lost Customers,Mainstream,Paid Search
CUST103503,2024-11-23 01:14:00,2,50.393119999999996,403,2,3,1,231,At Risk,Premium,Affiliate
CUST103504,2023-10-25 04:38:00,2,384.0,798,1,3,3,133,Others,Budget,Social Media
CUST103505,2024-11-27 19:17:00,2,485.8231,399,2,3,3,233,At Risk,Budget,Paid Search
CUST103506,2025-11-16 04:24:00,16,2815.30551,45,5,5,5,555,Champions,Budget,Referral
CUST103507,2024-01-31 01:15:00,1,299.48,700,1,1,2,112,Lost Customers,Budget,Organic Search
CUST103509,2025-12-20 17:07:00,7,1123.6950199999999,11,5,5,5,555,Champions,Mainstream,Organic Search
CUST103510,2025-10-17 22:10:00,7,1308.5831,75,4,5,5,455,Champions,Mainstream,Social Media
CUST103511,2025-05-02 12:29:00,3,314.53225,243,3,4,3,343,Loyal Customers,Mainstream,Organic Search
CUST103512,2025-05-31 22:53:00,2,868.19,214,3,3,4,334,At Risk,Premium,Paid Search
CUST103513,2025-09-15 13:44:00,3,486.89,107,4,4,3,443,Loyal Customers,Premium,Organic Search
CUST103514,2024-08-21 07:35:00,1,89.0,497,2,1,1,211,Lost Customers,Budget,Organic Search
CUST103515,2024-03-04 14:17:00,1,408.02,667,1,1,3,113,Lost Customers,Budget,Social Media
CUST103516,2025-12-05 23:33:00,6,1393.37958,25,5,5,5,555,Champions,Mainstream,Social Media
CUST103517,2024-11-23 06:53:00,2,190.97,403,2,3,2,232,At Risk,Mainstream,Paid Search
CUST103522,2025-06-30 10:20:00,4,529.307,184,3,4,3,343,Loyal Customers,Premium,Paid Search
CUST103523,2025-12-16 02:50:00,14,3015.62853,15,5,5,5,555,Champions,Premium,Paid Search
CUST103525,2024-03-05 05:37:00,2,371.4203,666,1,3,3,133,Others,Budget,Email
CUST103527,2025-08-09 23:11:00,2,214.67000000000002,143,4,3,2,432,Potential Loyalists,Mainstream,Email
CUST103529,2024-04-17 04:14:00,1,39.5,623,1,1,1,111,Lost Customers,Premium,Paid Search
CUST103530,2025-04-18 03:35:00,3,516.08,257,3,4,3,343,Loyal Customers,Budget,Organic Search
CUST103531,2023-02-15 14:03:00,1,413.38,1050,1,1,3,113,Lost Customers,Budget,Affiliate
CUST103534,2025-02-05 12:40:00,2,101.18,329,3,3,1,331,At Risk,Mainstream,Social Media
CUST103537,2025-08-15 10:11:00,1,114.91085000000001,138,4,1,1,411,New Customers,Budget,Paid Search
CUST103538,2024-12-25 02:31:00,1,166.75508,371,2,1,2,212,Lost Customers,Budget,Organic Search
CUST103539,2024-11-01 13:21:00,1,79.75,425,2,1,1,211,Lost Customers,Mainstream,Social Media
CUST103541,2024-04-03 07:04:00,1,10.079839999999999,637,1,1,1,111,Lost Customers,Mainstream,Paid Search
CUST103542,2024-12-15 23:18:00,2,421.48976999999996,380,2,3,3,233,At Risk,Mainstream,Email
CUST103543,2025-12-22 15:21:00,4,878.03866,9,5,4,4,544,Champions,Budget,Paid Search
CUST103544,2025-12-02 18:55:00,6,791.42934,29,5,5,4,554,Champions,Premium,Email
CUST103545,2025-12-22 07:38:00,4,1681.83234,9,5,4,5,545,Champions,Budget,Organic Search
CUST103546,2025-10-05 09:30:00,1,235.28472000000002,87,4,1,2,412,New Customers,Mainstream,Social Media
CUST103547,2025-02-02 18:56:00,2,535.1922,332,3,3,3,333,At Risk,Budget,Affiliate
CUST103548,2025-10-12 11:21:00,4,704.35,80,4,4,4,444,Champions,Premium,Email
CUST103549,2024-12-23 22:38:00,2,574.83,373,2,3,4,234,At Risk,Budget,Paid Search
CUST103550,2025-11-25 00:18:00,9,1096.36344,36,5,5,5,555,Champions,Mainstream,Affiliate
CUST103551,2023-11-02 16:18:00,1,176.58,790,1,1,2,112,Lost Customers,Premium,Organic Search
CUST103552,2025-02-27 15:13:00,2,262.36565,307,3,3,2,332,At Risk,Budget,Email
CUST103553,2025-05-14 06:34:00,1,86.17,231,3,1,1,311,Others,Mainstream,Email
CUST103554,2025-10-23 22:53:00,8,2508.12382,69,4,5,5,455,Champions,Mainstream,Direct
CUST103555,2025-11-19 13:06:00,7,1881.20106,42,5,5,5,555,Champions,Budget,Organic Search
CUST103557,2025-10-14 10:39:00,2,206.44639999999998,78,4,3,2,432,Potential Loyalists,Premium,Email
CUST103558,2025-12-15 10:03:00,24,4263.13317,16,5,5,5,555,Champions,Premium,Social Media
CUST103560,2025-08-29 17:37:00,6,1569.1132499999999,124,4,5,5,455,Champions,Premium,Organic Search
CUST103561,2024-12-09 14:44:00,6,1833.86495,387,2,5,5,255,Loyal Customers,Premium,Organic Search
CUST103562,2024-01-19 20:43:00,1,154.4267,712,1,1,2,112,Lost Customers,Mainstream,Email
CUST103563,2023-08-16 08:56:00,2,403.23645,868,1,3,3,133,Others,Mainstream,Paid Search
CUST103565,2025-07-14 23:48:00,1,175.28000000000003,169,3,1,2,312,Others,Mainstream,Organic Search
CUST103566,2025-12-30 08:04:00,5,871.96835,1,5,4,4,544,Champions,Premium,Social Media
CUST103569,2025-12-25 11:00:00,9,2269.26247,6,5,5,5,555,Champions,Mainstream,Email
CUST103571,2024-04-11 13:58:00,1,456.7,629,1,1,3,113,Lost Customers,Budget,Organic Search
CUST103572,2025-12-18 16:04:00,8,1326.9376,13,5,5,5,555,Champions,Budget,Referral
CUST103573,2025-02-15 11:20:00,3,317.85814,319,3,4,3,343,Loyal Customers,Budget,Direct
CUST103574,2024-07-01 23:32:00,2,81.21000000000001,547,2,3,1,231,At Risk,Mainstream,Email
CUST103575,2024-07-25 21:54:00,1,138.63,524,2,1,1,211,Lost Customers,Budget,Social Media
CUST103576,2023-10-14 12:41:00,1,108.69999999999999,809,1,1,1,111,Lost Customers,Mainstream,Organic Search
CUST103578,2025-10-01 09:47:00,3,338.18,91,4,4,3,443,Loyal Customers,Mainstream,Social Media
CUST103579,2024-09-08 00:33:00,4,570.55253,479,2,4,4,244,Loyal Customers,Budget,Paid Search
CUST103580,2025-11-29 11:05:00,2,197.99795999999998,32,5,3,2,532,Potential Loyalists,Premium,Paid Search
CUST103581,2025-12-03 17:14:00,9,1991.1787900000002,28,5,5,5,555,Champions,Budget,Email
CUST103582,2023-11-21 03:17:00,1,420.49,771,1,1,3,113,Lost Customers,Mainstream,Social Media
CUST103584,2025-11-25 12:36:00,9,1475.173,36,5,5,5,555,Champions,Premium,Direct
CUST103586,2025-09-23 20:50:00,9,2690.9900000000002,99,4,5,5,455,Champions,Premium,Email
CUST103587,2025-11-14 14:13:00,2,283.0836,47,5,3,2,532,Potential Loyalists,Premium,Referral
CUST103588,2025-05-26 20:11:00,4,425.50352000000004,219,3,4,3,343,Loyal Customers,Premium,Direct
CUST103590,2023-01-18 11:28:00,1,33.31,1078,1,1,1,111,Lost Customers,Mainstream,Referral
CUST103592,2024-08-12 12:11:00,3,553.044,506,2,4,4,244,Loyal Customers,Budget,Email
CUST103593,2025-09-09 19:29:00,3,492.33055,113,4,4,3,443,Loyal Customers,Premium,Direct
CUST103594,2024-07-31 15:56:00,2,465.74,518,2,3,3,233,At Risk,Budget,Social Media
CUST103596,2024-06-12 05:19:00,1,176.73,567,2,1,2,212,Lost Customers,Mainstream,Paid Search
CUST103598,2025-09-29 09:08:00,4,1041.76,93,4,4,5,445,Champions,Budget,Paid Search
CUST103600,2025-03-03 16:46:00,1,14.11,303,3,1,1,311,Others,Mainstream,Organic Search
CUST103601,2025-12-13 06:25:00,3,686.03832,18,5,4,4,544,Champions,Mainstream,Organic Search
CUST103602,2025-09-27 11:03:00,12,1922.25774,95,4,5,5,455,Champions,Budget,Organic Search
CUST103603,2025-07-10 06:51:00,1,89.0,174,3,1,1,311,Others,Mainstream,Email
CUST103604,2024-11-26 04:39:00,3,446.39,400,2,4,3,243,Loyal Customers,Mainstream,Direct
CUST103608,2025-12-14 20:50:00,8,1103.11849,17,5,5,5,555,Champions,Budget,Social Media
CUST103609,2025-06-16 03:10:00,1,108.53,198,3,1,1,311,Others,Mainstream,Organic Search
CUST103610,2024-07-25 13:35:00,3,423.75148,524,2,4,3,243,Loyal Customers,Mainstream,Email
CUST103611,2025-04-14 04:32:00,9,1140.85232,261,3,5,5,355,Loyal Customers,Mainstream,Direct
CUST103612,2025-06-30 06:49:00,2,98.91,184,3,3,1,331,At Risk,Premium,Organic Search
CUST103614,2023-12-03 06:45:00,1,223.25,759,1,1,2,112,Lost Customers,Premium,Paid Search
CUST103617,2025-12-14 19:51:00,5,1054.80895,17,5,4,5,545,Champions,Mainstream,Social Media
CUST103618,2025-12-30 09:36:00,30,4815.23355,1,5,5,5,555,Champions,Premium,Affiliate
CUST103619,2025-12-09 03:15:00,25,3619.92334,22,5,5,5,555,Champions,Budget,Organic Search
CUST103620,2025-11-26 11:00:00,8,1539.41424,35,5,5,5,555,Champions,Mainstream,Referral
CUST103621,2025-07-26 09:38:00,3,356.86,158,4,4,3,443,Loyal Customers,Budget,Referral
CUST103622,2025-03-01 23:56:00,1,213.7,304,3,1,2,312,Others,Mainstream,Direct
CUST103623,2025-10-26 03:44:00,3,514.76184,66,4,4,3,443,Loyal Customers,Premium,Email
CUST103624,2025-11-23 23:49:00,7,1879.11181,37,5,5,5,555,Champions,Premium,Paid Search
CUST103625,2023-02-12 06:01:00,1,185.77,1053,1,1,2,112,Lost Customers,Mainstream,Paid Search
CUST103626,2023-08-10 10:51:00,1,506.63,874,1,1,3,113,Lost Customers,Budget,Paid Search
CUST103627,2025-02-22 16:43:00,3,334.2817,312,3,4,3,343,Loyal Customers,Premium,Direct
CUST103628,2024-07-17 07:47:00,1,61.0885,532,2,1,1,211,Lost Customers,Budget,Organic Search
CUST103629,2025-12-15 08:48:00,4,793.4585999999999,16,5,4,4,544,Champions,Mainstream,Social Media
CUST103630,2023-11-24 23:41:00,2,207.1132,767,1,3,2,132,Others,Budget,Paid Search
CUST103633,2024-07-21 10:14:00,1,54.71,528,2,1,1,211,Lost Customers,Mainstream,Social Media
CUST103634,2025-09-28 13:30:00,9,1549.1942800000002,94,4,5,5,455,Champions,Budget,Organic Search
CUST103635,2025-03-29 19:03:00,9,1590.45,277,3,5,5,355,Loyal Customers,Mainstream,Paid Search
CUST103636,2025-11-28 11:52:00,11,2097.85651,33,5,5,5,555,Champions,Budget,Paid Search
CUST103637,2025-06-25 10:35:00,4,728.5887899999999,189,3,4,4,344,Loyal Customers,Premium,Affiliate
CUST103638,2025-05-21 21:03:00,3,348.32,224,3,4,3,343,Loyal Customers,Mainstream,Email
CUST103640,2025-10-24 18:55:00,11,2378.66386,68,4,5,5,455,Champions,Mainstream,Direct
CUST103641,2024-10-16 16:49:00,3,760.6954,441,2,4,4,244,Loyal Customers,Mainstream,Social Media
CUST103642,2024-11-03 09:59:00,1,605.5,423,2,1,4,214,Lost Customers,Mainstream,Email
CUST103643,2025-09-22 07:25:00,2,283.46000000000004,100,4,3,2,432,Potential Loyalists,Premium,Social Media
CUST103646,2025-08-24 22:40:00,1,132.2,129,4,1,1,411,New Customers,Mainstream,Direct
CUST103648,2025-07-11 11:59:00,3,724.99696,173,3,4,4,344,Loyal Customers,Premium,Paid Search
CUST103649,2025-12-28 19:49:00,250,46988.05369,3,5,5,5,555,Champions,Budget,Direct
CUST103650,2023-08-15 11:49:00,1,111.06,869,1,1,1,111,Lost Customers,Mainstream,Paid Search
CUST103651,2025-11-04 19:28:00,17,3169.70671,57,4,5,5,455,Champions,Budget,Email
CUST103652,2023-12-10 10:50:00,1,119.80317000000001,752,1,1,1,111,Lost Customers,Budget,Email
CUST103653,2024-12-08 19:00:00,3,301.4298,388,2,4,2,242,Loyal Customers,Premium,Organic Search
CUST103655,2024-09-10 19:53:00,3,281.72429999999997,477,2,4,2,242,Loyal Customers,Premium,Social Media
CUST103657,2025-11-27 14:40:00,2,93.06,34,5,3,1,531,Potential Loyalists,Mainstream,Direct
CUST103658,2025-12-08 04:53:00,2,152.35863,23,5,3,2,532,Potential Loyalists,Mainstream,Direct
CUST103659,2025-12-21 19:42:00,5,1216.56816,10,5,4,5,545,Champions,Mainstream,Paid Search
CUST103660,2025-09-23 05:14:00,5,1340.41082,99,4,4,5,445,Champions,Budget,Organic Search
CUST103661,2025-08-07 10:22:00,12,1931.57968,146,4,5,5,455,Champions,Budget,Email
CUST103663,2024-08-11 12:10:00,2,121.49000000000001,507,2,3,1,231,At Risk,Mainstream,Paid Search
CUST103664,2025-12-11 13:12:00,1,87.92,20,5,1,1,511,New Customers,Mainstream,Paid Search
CUST103665,2025-11-16 23:17:00,7,1732.9862600000001,44,5,5,5,555,Champions,Mainstream,Paid Search
CUST103668,2024-10-29 18:49:00,4,938.2220199999999,428,2,4,4,244,Loyal Customers,Budget,Affiliate
CUST103669,2023-08-19 01:15:00,1,268.83000000000004,865,1,1,2,112,Lost Customers,Premium,Paid Search
CUST103670,2023-12-09 07:58:00,3,920.18473,753,1,4,4,144,Loyal Customers,Mainstream,Social Media
CUST103671,2024-08-07 13:02:00,1,432.12558,511,2,1,3,213,Lost Customers,Mainstream,Organic Search
CUST103672,2025-03-22 15:26:00,2,264.13,284,3,3,2,332,At Risk,Budget,Organic Search
CUST103674,2025-06-27 13:55:00,4,527.7669,187,3,4,3,343,Loyal Customers,Mainstream,Organic Search
CUST103676,2023-07-01 05:31:00,1,118.79,914,1,1,1,111,Lost Customers,Budget,Email
CUST103677,2025-12-12 10:38:00,5,840.7123100000001,19,5,4,4,544,Champions,Mainstream,Email
CUST103678,2023-08-13 20:17:00,1,84.18,871,1,1,1,111,Lost Customers,Budget,Email
CUST103679,2025-12-04 12:05:00,2,139.61,27,5,3,1,531,Potential Loyalists,Premium,Social Media
CUST103680,2025-10-18 09:59:00,8,792.55735,74,4,5,4,454,Champions,Mainstream,Organic Search
CUST103682,2025-07-01 05:03:00,2,279.41577,183,3,3,2,332,At Risk,Mainstream,Paid Search
CUST103683,2025-03-01 16:17:00,3,458.63173,305,3,4,3,343,Loyal Customers,Mainstream,Paid Search
CUST103684,2024-11-26 23:46:00,4,1539.10162,399,2,4,5,245,Loyal Customers,Budget,Paid Search
CUST103685,2025-02-19 17:42:00,3,364.1,315,3,4,3,343,Loyal Customers,Mainstream,Affiliate
CUST103686,2023-05-13 17:35:00,2,590.47,963,1,3,4,134,Others,Premium,Affiliate
CUST103687,2023-04-22 21:44:00,1,9.636,984,1,1,1,111,Lost Customers,Mainstream,Referral
CUST103688,2025-01-30 00:26:00,2,349.84000000000003,335,3,3,3,333,At Risk,Budget,Email
CUST103689,2023-03-23 17:18:00,1,276.1495,1014,1,1,2,112,Lost Customers,Budget,Email
CUST103691,2025-12-19 01:03:00,3,347.27786000000003,12,5,4,3,543,Loyal Customers,Budget,Email
CUST103693,2024-08-13 00:31:00,1,175.15,505,2,1,2,212,Lost Customers,Premium,Affiliate
CUST103694,2023-09-29 20:19:00,2,422.232,824,1,3,3,133,Others,Premium,Referral
CUST103696,2023-08-30 10:59:00,1,42.59,854,1,1,1,111,Lost Customers,Budget,Social Media
CUST103697,2025-05-18 11:39:00,8,1545.80271,227,3,5,5,355,Loyal Customers,Mainstream,Referral
CUST103698,2025-10-07 19:04:00,11,1137.5114899999999,85,4,5,5,455,Champions,Premium,Direct
CUST103699,2024-11-22 07:39:00,5,902.25662,404,2,4,4,244,Loyal Customers,Budget,Organic Search
CUST103700,2023-04-25 22:23:00,1,70.97,981,1,1,1,111,Lost Customers,Budget,Social Media
CUST103701,2025-09-08 10:28:00,11,1876.27488,114,4,5,5,455,Champions,Premium,Organic Search
CUST103702,2024-11-27 05:19:00,1,27.72,399,2,1,1,211,Lost Customers,Mainstream,Organic Search
CUST103704,2024-02-25 01:00:00,2,468.43,675,1,3,3,133,Others,Premium,Paid Search
CUST103705,2025-12-16 08:30:00,3,424.87264,15,5,4,3,543,Loyal Customers,Mainstream,Organic Search
CUST103706,2024-02-12 22:07:00,1,149.74,688,1,1,1,111,Lost Customers,Premium,Social Media
CUST103707,2024-09-27 08:00:00,2,83.42282,460,2,3,1,231,At Risk,Budget,Referral
CUST103708,2025-03-07 20:26:00,3,800.6299999999999,299,3,4,4,344,Loyal Customers,Mainstream,Social Media
CUST103712,2023-11-26 09:16:00,1,149.74,766,1,1,1,111,Lost Customers,Mainstream,Social Media
CUST103713,2024-09-04 11:04:00,1,134.54,483,2,1,1,211,Lost Customers,Mainstream,Social Media
CUST103715,2025-07-30 22:16:00,2,230.92,154,4,3,2,432,Potential Loyalists,Mainstream,Paid Search
CUST103716,2025-12-06 20:47:00,4,843.71837,25,5,4,4,544,Champions,Mainstream,Affiliate
CUST103717,2025-03-20 01:51:00,4,842.05879,286,3,4,4,344,Loyal Customers,Mainstream,Organic Search
CUST103718,2024-12-12 21:22:00,2,235.1204,384,2,3,2,232,At Risk,Mainstream,Organic Search
CUST103720,2025-01-13 15:53:00,5,624.28831,352,2,4,4,244,Loyal Customers,Budget,Social Media
CUST103721,2023-12-18 10:00:00,1,307.15999999999997,744,1,1,3,113,Lost Customers,Premium,Referral
CUST103722,2025-03-26 17:38:00,2,334.20880999999997,280,3,3,3,333,At Risk,Premium,Email
CUST103725,2024-10-10 13:08:00,3,710.45667,447,2,4,4,244,Loyal Customers,Budget,Organic Search
CUST103726,2025-11-22 15:51:00,1,144.94,39,5,1,1,511,New Customers,Mainstream,Affiliate
CUST103727,2023-05-31 06:57:00,2,329.03999999999996,945,1,3,3,133,Others,Mainstream,Social Media
CUST103729,2023-10-16 23:53:00,1,174.42000000000002,806,1,1,2,112,Lost Customers,Budget,Email
CUST103730,2025-06-24 00:25:00,2,386.95859,190,3,3,3,333,At Risk,Budget,Paid Search
CUST103732,2025-04-18 20:45:00,3,769.9319499999999,257,3,4,4,344,Loyal Customers,Mainstream,Organic Search
CUST103734,2023-06-06 14:12:00,1,126.42,939,1,1,1,111,Lost Customers,Mainstream,Organic Search
CUST103737,2025-11-04 00:02:00,2,339.88863,57,4,3,3,433,Potential Loyalists,Budget,Organic Search
CUST103738,2025-12-09 20:47:00,4,512.06,22,5,4,3,543,Loyal Customers,Mainstream,Affiliate
CUST103739,2024-03-02 17:42:00,1,73.40964000000001,669,1,1,1,111,Lost Customers,Mainstream,Paid Search
CUST103740,2025-11-22 03:30:00,5,1362.12006,39,5,4,5,545,Champions,Budget,Social Media
CUST103741,2025-05-27 19:18:00,4,832.80131,218,3,4,4,344,Loyal Customers,Mainstream,Paid Search
CUST103743,2023-08-14 22:01:00,1,183.86,870,1,1,2,112,Lost Customers,Budget,Social Media
CUST103744,2024-10-09 14:03:00,1,220.36,448,2,1,2,212,Lost Customers,Premium,Social Media
CUST103745,2025-11-15 01:40:00,12,2062.94348,46,5,5,5,555,Champions,Mainstream,Email
CUST103746,2025-11-23 14:32:00,9,1700.9136799999999,38,5,5,5,555,Champions,Budget,Referral
CUST103747,2025-07-31 19:14:00,3,864.6827099999999,153,4,4,4,444,Champions,Budget,Affiliate
CUST103748,2025-12-05 04:43:00,7,780.31662,26,5,5,4,554,Champions,Premium,Direct
CUST103749,2025-11-21 18:36:00,4,765.53717,40,5,4,4,544,Champions,Premium,Organic Search
CUST103751,2025-12-03 18:08:00,10,1317.35646,28,5,5,5,555,Champions,Mainstream,Paid Search
CUST103752,2025-05-25 13:44:00,3,630.70421,220,3,4,4,344,Loyal Customers,Mainstream,Paid Search
CUST103755,2025-11-29 21:02:00,3,288.96944,32,5,4,2,542,Loyal Customers,Budget,Social Media
CUST103756,2025-07-15 12:13:00,5,600.3999799999999,169,3,4,4,344,Loyal Customers,Budget,Social Media
CUST103757,2025-03-01 13:40:00,1,107.55752000000001,305,3,1,1,311,Others,Mainstream,Email
CUST103758,2023-02-04 02:16:00,1,206.26074,1061,1,1,2,112,Lost Customers,Budget,Affiliate
CUST103759,2025-10-01 00:47:00,5,798.5615,91,4,4,4,444,Champions,Mainstream,Paid Search
CUST103760,2024-08-07 09:12:00,2,494.00453,511,2,3,3,233,At Risk,Budget,Organic Search
CUST103761,2024-03-13 10:02:00,1,33.31,658,1,1,1,111,Lost Customers,Mainstream,Paid Search
CUST103762,2024-04-16 00:00:00,2,512.28083,624,1,3,3,133,Others,Premium,Paid Search
CUST103763,2025-12-11 01:34:00,1,338.69,20,5,1,3,513,New Customers,Mainstream,Affiliate
CUST103764,2025-06-03 21:11:00,1,83.11,211,3,1,1,311,Others,Mainstream,Paid Search
CUST103765,2025-11-20 01:32:00,3,354.8,41,5,4,3,543,Loyal Customers,Mainstream,Paid Search
CUST103767,2025-01-13 17:32:00,9,1752.7312,352,2,5,5,255,Loyal Customers,Mainstream,Organic Search
CUST103768,2024-09-12 23:49:00,1,45.24416,474,2,1,1,211,Lost Customers,Budget,Social Media
CUST103770,2025-09-03 03:57:00,5,1331.25712,119,4,4,5,445,Champions,Mainstream,Email
CUST103771,2024-02-06 09:38:00,1,505.57,694,1,1,3,113,Lost Customers,Mainstream,Organic Search
CUST103772,2025-12-14 13:03:00,4,597.58125,17,5,4,4,544,Champions,Budget,Email
CUST103773,2025-11-25 05:49:00,3,202.21026999999998,36,5,4,2,542,Loyal Customers,Mainstream,Direct
CUST103775,2023-08-07 11:58:00,1,196.90999999999997,877,1,1,2,112,Lost Customers,Mainstream,Email
CUST103776,2025-04-20 14:58:00,1,33.31,255,3,1,1,311,Others,Mainstream,Email
CUST103778,2023-11-10 00:05:00,2,126.97,782,1,3,1,131,Others,Mainstream,Paid Search
CUST103779,2025-09-30 22:22:00,3,575.83,92,4,4,4,444,Champions,Mainstream,Referral
CUST103780,2025-04-06 06:04:00,2,129.95,269,3,3,1,331,At Risk,Premium,Referral
CUST103785,2025-01-12 20:40:00,4,526.55118,353,2,4,3,243,Loyal Customers,Mainstream,Email
CUST103787,2024-11-21 15:35:00,1,138.35,405,2,1,1,211,Lost Customers,Budget,Social Media
CUST103788,2023-07-22 00:06:00,2,334.81,893,1,3,3,133,Others,Mainstream,Organic Search
CUST103790,2025-11-21 00:44:00,3,836.02,40,5,4,4,544,Champions,Budget,Referral
CUST103791,2024-08-31 11:10:00,3,264.01,487,2,4,2,242,Loyal Customers,Mainstream,Social Media
CUST103792,2025-12-10 04:36:00,2,366.83372,21,5,3,3,533,Potential Loyalists,Premium,Referral
CUST103793,2023-02-25 12:04:00,1,268.14,1040,1,1,2,112,Lost Customers,Budget,Organic Search
CUST103794,2024-01-09 20:12:00,1,312.10836,722,1,1,3,113,Lost Customers,Mainstream,Paid Search
CUST103795,2024-03-16 02:17:00,3,888.6083100000001,655,1,4,4,144,Loyal Customers,Premium,Paid Search
CUST103796,2024-11-16 20:25:00,1,75.68,410,2,1,1,211,Lost Customers,Premium,Organic Search
CUST103797,2025-08-20 17:03:00,2,506.28,133,4,3,3,433,Potential Loyalists,Budget,Email
CUST103798,2025-09-20 15:02:00,1,248.76631,102,4,1,2,412,New Customers,Budget,Organic Search
CUST103799,2024-08-11 05:03:00,3,402.05872,507,2,4,3,243,Loyal Customers,Mainstream,Direct
CUST103801,2024-10-10 05:15:00,1,162.29000000000002,447,2,1,2,212,Lost Customers,Mainstream,Email
CUST103802,2024-12-09 10:35:00,4,269.616,387,2,4,2,242,Loyal Customers,Mainstream,Social Media
CUST103803,2025-11-15 05:43:00,3,322.94154,46,5,4,3,543,Loyal Customers,Mainstream,Paid Search
CUST103804,2025-11-25 02:04:00,2,514.26488,36,5,3,3,533,Potential Loyalists,Mainstream,Social Media
CUST103805,2025-05-02 16:17:00,2,193.0648,243,3,3,2,332,At Risk,Premium,Affiliate
CUST103807,2025-06-19 11:13:00,2,260.15089,195,3,3,2,332,At Risk,Mainstream,Organic Search
CUST103808,2024-01-11 20:25:00,2,464.73,720,1,3,3,133,Others,Budget,Social Media
CUST103809,2024-10-11 01:10:00,2,728.33,446,2,3,4,234,At Risk,Premium,Paid Search
CUST103810,2025-08-29 21:15:00,4,575.41755,124,4,4,4,444,Champions,Mainstream,Social Media
CUST103811,2025-11-16 04:27:00,2,211.52773000000002,45,5,3,2,532,Potential Loyalists,Budget,Organic Search
CUST103812,2025-12-21 17:16:00,9,2493.5933,10,5,5,5,555,Champions,Budget,Affiliate
CUST103813,2023-07-30 04:24:00,1,101.03,885,1,1,1,111,Lost Customers,Mainstream,Email
CUST103814,2023-01-01 02:53:00,1,509.36,1095,1,1,3,113,Lost Customers,Budget,Paid Search
CUST103816,2024-01-17 10:35:00,1,25.04,714,1,1,1,111,Lost Customers,Budget,Email
CUST103817,2024-11-05 13:56:00,5,387.47,421,2,4,3,243,Loyal Customers,Mainstream,Paid Search
CUST103818,2024-01-08 23:33:00,1,270.13797,722,1,1,2,112,Lost Customers,Budget,Referral
CUST103819,2024-09-26 08:55:00,3,692.69969,461,2,4,4,244,Loyal Customers,Mainstream,Social Media
CUST103821,2025-12-09 03:35:00,6,955.14198,22,5,5,4,554,Champions,Budget,Paid Search
CUST103822,2025-11-25 10:18:00,1,305.98939,36,5,1,2,512,New Customers,Budget,Organic Search
CUST103823,2024-11-23 21:58:00,2,177.39,403,2,3,2,232,At Risk,Budget,Paid Search
CUST103824,2025-05-13 16:46:00,1,767.01,232,3,1,4,314,Others,Budget,Direct
CUST103826,2024-02-04 04:34:00,1,98.1,696,1,1,1,111,Lost Customers,Budget,Social Media
CUST103827,2025-08-15 17:52:00,3,342.09000000000003,138,4,4,3,443,Loyal Customers,Mainstream,Affiliate
CUST103828,2024-12-01 02:14:00,1,80.901,395,2,1,1,211,Lost Customers,Mainstream,Affiliate
CUST103829,2025-09-28 09:34:00,5,362.52007000000003,94,4,4,3,443,Loyal Customers,Premium,Referral
CUST103830,2024-06-07 15:16:00,1,132.2,572,2,1,1,211,Lost Customers,Budget,Referral
CUST103832,2024-05-21 07:28:00,1,150.32999999999998,589,2,1,1,211,Lost Customers,Premium,Referral
CUST103833,2023-12-17 17:21:00,2,682.02382,745,1,3,4,134,Others,Mainstream,Social Media
CUST103835,2024-07-31 19:04:00,1,188.45000000000002,518,2,1,2,212,Lost Customers,Mainstream,Paid Search
CUST103836,2025-04-20 23:43:00,4,610.29174,254,3,4,4,344,Loyal Customers,Budget,Social Media
CUST103837,2025-09-12 12:31:00,2,218.47,110,4,3,2,432,Potential Loyalists,Premium,Organic Search
CUST103839,2024-12-24 05:20:00,2,541.77432,372,2,3,3,233,At Risk,Budget,Paid Search
CUST103840,2024-09-15 09:27:00,1,106.04,472,2,1,1,211,Lost Customers,Budget,Social Media
CUST103841,2025-11-09 09:12:00,7,1168.5301,52,5,5,5,555,Champions,Budget,Organic Search
CUST103842,2024-09-02 13:30:00,2,148.5712,485,2,3,1,231,At Risk,Mainstream,Organic Search
CUST103843,2025-11-25 05:31:00,2,340.85331999999994,36,5,3,3,533,Potential Loyalists,Premium,Email
CUST103844,2025-09-25 04:02:00,9,1803.18589,97,4,5,5,455,Champions,Budget,Organic Search
CUST103845,2025-08-19 20:26:00,4,875.81458,134,4,4,4,444,Champions,Mainstream,Social Media
CUST103846,2024-11-24 20:20:00,3,598.07422,402,2,4,4,244,Loyal Customers,Premium,Organic Search
CUST103848,2025-03-18 00:02:00,3,201.79000000000002,288,3,4,2,342,Loyal Customers,Mainstream,Direct
CUST103850,2025-11-04 04:13:00,3,574.30594,57,4,4,4,444,Champions,Budget,Direct
CUST103852,2024-11-04 08:02:00,2,124.92,422,2,3,1,231,At Risk,Budget,Affiliate
CUST103853,2024-03-20 19:05:00,1,335.36,651,1,1,3,113,Lost Customers,Mainstream,Direct
CUST103854,2024-10-17 12:40:00,1,42.59,440,2,1,1,211,Lost Customers,Budget,Social Media
CUST103855,2025-03-31 07:59:00,1,550.81738,275,3,1,4,314,Others,Premium,Paid Search
CUST103856,2025-08-03 06:59:00,4,906.77068,150,4,4,4,444,Champions,Mainstream,Paid Search
CUST103857,2024-09-07 15:52:00,1,680.59,480,2,1,4,214,Lost Customers,Premium,Paid Search
CUST103858,2025-12-02 23:56:00,14,2775.11777,28,5,5,5,555,Champions,Mainstream,Social Media
CUST103859,2024-09-15 23:40:00,1,42.03633,471,2,1,1,211,Lost Customers,Mainstream,Affiliate
CUST103860,2024-12-13 01:38:00,2,265.20529,383,2,3,2,232,At Risk,Budget,Paid Search
CUST103862,2025-02-04 20:22:00,2,748.5271,330,3,3,4,334,At Risk,Mainstream,Affiliate
CUST103865,2025-01-03 03:07:00,1,157.61,362,2,1,2,212,Lost Customers,Budget,Organic Search
CUST103867,2023-05-27 11:44:00,1,42.59,949,1,1,1,111,Lost Customers,Budget,Social Media
CUST103871,2025-08-04 00:07:00,3,990.05,149,4,4,4,444,Champions,Mainstream,Email
CUST103872,2023-12-18 07:13:00,2,971.26446,744,1,3,4,134,Others,Budget,Paid Search
CUST103873,2025-06-09 05:07:00,3,272.41,205,3,4,2,342,Loyal Customers,Mainstream,Social Media
CUST103874,2023-06-19 17:39:00,1,85.18,926,1,1,1,111,Lost Customers,Budget,Paid Search
CUST103875,2025-11-18 14:12:00,2,437.27949,43,5,3,3,533,Potential Loyalists,Budget,Referral
CUST103876,2024-12-16 19:49:00,3,832.55897,380,2,4,4,244,Loyal Customers,Premium,Email
CUST103877,2023-12-30 20:48:00,2,231.15000000000003,732,1,3,2,132,Others,Mainstream,Paid Search
CUST103878,2025-09-03 22:15:00,1,151.56,119,4,1,2,412,New Customers,Budget,Email
CUST103879,2023-10-25 11:57:00,1,31.62,798,1,1,1,111,Lost Customers,Budget,Social Media
CUST103881,2024-06-18 15:33:00,1,259.1,561,2,1,2,212,Lost Customers,Mainstream,Affiliate
CUST103882,2025-09-28 00:52:00,4,966.5957999999999,94,4,4,4,444,Champions,Budget,Paid Search
CUST103884,2025-07-13 06:06:00,2,278.88,171,3,3,2,332,At Risk,Mainstream,Organic Search
CUST103885,2025-07-26 17:15:00,3,413.24257,158,4,4,3,443,Loyal Customers,Mainstream,Referral
CUST103886,2023-09-12 07:26:00,1,560.9,841,1,1,4,114,Lost Customers,Mainstream,Paid Search
CUST103890,2024-03-27 15:37:00,2,422.37,644,1,3,3,133,Others,Budget,Direct
CUST103891,2023-11-19 18:48:00,1,212.95,773,1,1,2,112,Lost Customers,Budget,Paid Search
CUST103892,2025-12-24 23:51:00,3,718.46444,6,5,4,4,544,Champions,Budget,Direct
CUST103893,2025-11-27 15:50:00,3,496.05944999999997,34,5,4,3,543,Loyal Customers,Budget,Referral
CUST103895,2025-01-23 23:54:00,1,415.02,341,3,1,3,313,Others,Premium,Paid Search
CUST103897,2025-09-05 19:43:00,2,336.19,117,4,3,3,433,Potential Loyalists,Mainstream,Email
CUST103900,2025-12-05 18:48:00,23,3355.93365,26,5,5,5,555,Champions,Mainstream,Referral
CUST103901,2024-04-09 08:34:00,1,87.92,631,1,1,1,111,Lost Customers,Budget,Affiliate
CUST103902,2024-05-02 06:19:00,4,555.54,608,2,4,4,244,Loyal Customers,Premium,Organic Search
CUST103903,2025-09-14 17:14:00,8,1653.65019,108,4,5,5,455,Champions,Budget,Social Media
CUST103905,2025-12-20 04:53:00,2,532.4186500000001,11,5,3,3,533,Potential Loyalists,Mainstream,Organic Search
CUST103907,2025-11-24 20:51:00,2,274.93411000000003,37,5,3,2,532,Potential Loyalists,Premium,Paid Search
CUST103908,2025-07-05 14:11:00,5,452.23,179,3,4,3,343,Loyal Customers,Mainstream,Email
CUST103909,2025-11-03 05:35:00,6,784.2,58,4,5,4,454,Champions,Premium,Paid Search
CUST103910,2024-11-01 17:19:00,5,1235.00773,425,2,4,5,245,Loyal Customers,Premium,Paid Search
CUST103911,2023-12-18 03:17:00,2,474.62,744,1,3,3,133,Others,Mainstream,Social Media
CUST103912,2025-12-22 00:52:00,6,1110.29331,9,5,5,5,555,Champions,Premium,Email
CUST103913,2025-08-08 16:00:00,3,546.53617,145,4,4,3,443,Loyal Customers,Premium,Referral
CUST103914,2025-04-07 01:21:00,1,570.63,268,3,1,4,314,Others,Budget,Social Media
CUST103915,2025-07-07 23:48:00,1,178.8213,176,3,1,2,312,Others,Budget,Paid Search
CUST103916,2025-09-23 03:46:00,2,77.86535,99,4,3,1,431,Potential Loyalists,Mainstream,Social Media
CUST103917,2025-06-23 06:26:00,3,463.31654000000003,191,3,4,3,343,Loyal Customers,Mainstream,Email
CUST103918,2025-06-08 22:18:00,5,1165.43572,206,3,4,5,345,Loyal Customers,Mainstream,Organic Search
CUST103919,2024-09-27 02:15:00,1,260.5,460,2,1,2,212,Lost Customers,Budget,Paid Search
CUST103920,2025-11-29 14:25:00,22,3721.62925,32,5,5,5,555,Champions,Premium,Affiliate
CUST103921,2025-01-19 06:42:00,1,138.35,346,3,1,1,311,Others,Mainstream,Paid Search
CUST103922,2025-07-23 17:09:00,2,342.522,161,4,3,3,433,Potential Loyalists,Mainstream,Organic Search
CUST103923,2025-11-20 12:52:00,4,990.0,41,5,4,4,544,Champions,Mainstream,Organic Search
CUST103924,2025-08-28 20:12:00,3,561.78,125,4,4,4,444,Champions,Premium,Direct
CUST103925,2024-04-15 05:27:00,1,261.05,625,1,1,2,112,Lost Customers,Budget,Social Media
CUST103926,2023-12-12 09:41:00,1,129.42,750,1,1,1,111,Lost Customers,Mainstream,Affiliate
CUST103928,2024-12-07 04:03:00,3,345.05761,389,2,4,3,243,Loyal Customers,Mainstream,Referral
CUST103929,2025-04-26 01:56:00,6,1321.09,249,3,5,5,355,Loyal Customers,Budget,Paid Search
CUST103930,2024-11-23 21:59:00,1,126.14,403,2,1,1,211,Lost Customers,Premium,Organic Search
CUST103931,2023-10-23 05:26:00,1,54.38,800,1,1,1,111,Lost Customers,Budget,Direct
CUST103932,2025-04-29 04:42:00,1,79.75,246,3,1,1,311,Others,Budget,Affiliate
CUST103933,2023-11-27 19:50:00,2,288.73804,765,1,3,2,132,Others,Premium,Direct
CUST103934,2023-11-21 08:28:00,5,1033.86606,771,1,4,5,145,Loyal Customers,Mainstream,Affiliate
CUST103935,2025-12-05 14:40:00,12,2825.77901,26,5,5,5,555,Champions,Mainstream,Email
CUST103936,2024-04-10 03:04:00,3,418.30271000000005,630,1,4,3,143,Loyal Customers,Mainstream,Social Media
CUST103937,2024-11-26 18:02:00,2,530.37871,400,2,3,3,233,At Risk,Budget,Social Media
CUST103939,2025-01-27 15:53:00,2,425.39498999999995,338,3,3,3,333,At Risk,Premium,Paid Search
CUST103940,2023-07-17 07:11:00,1,66.91,898,1,1,1,111,Lost Customers,Budget,Organic Search
CUST103941,2025-12-11 08:08:00,6,1552.28,20,5,5,5,555,Champions,Budget,Paid Search
CUST103942,2025-09-11 07:59:00,3,532.40306,111,4,4,3,443,Loyal Customers,Mainstream,Paid Search
CUST103943,2024-09-15 07:34:00,1,163.54000000000002,472,2,1,2,212,Lost Customers,Premium,Organic Search
CUST103944,2024-11-29 21:01:00,6,1099.14956,397,2,5,5,255,Loyal Customers,Mainstream,Email
CUST103946,2025-11-11 11:47:00,15,2041.95995,50,5,5,5,555,Champions,Budget,Social Media
CUST103947,2023-12-22 14:16:00,1,141.64,740,1,1,1,111,Lost Customers,Premium,Referral
CUST103949,2025-08-05 21:55:00,2,300.39543,148,4,3,2,432,Potential Loyalists,Premium,Social Media
CUST103950,2025-04-05 04:27:00,10,1904.24492,270,3,5,5,355,Loyal Customers,Mainstream,Social Media
CUST103951,2025-11-30 08:28:00,1,493.68957,31,5,1,3,513,New Customers,Mainstream,Paid Search
CUST103952,2025-07-06 12:41:00,8,1561.24414,178,3,5,5,355,Loyal Customers,Premium,Social Media
CUST103954,2025-03-24 10:05:00,2,178.71086,282,3,3,2,332,At Risk,Budget,Organic Search
CUST103955,2023-12-03 14:39:00,1,387.13,759,1,1,3,113,Lost Customers,Budget,Direct
CUST103957,2025-09-14 21:09:00,6,814.67577,108,4,5,4,454,Champions,Budget,Social Media
CUST103958,2025-11-04 21:58:00,12,1961.53376,57,4,5,5,455,Champions,Budget,Direct
CUST103960,2025-03-31 15:50:00,4,786.1,275,3,4,4,344,Loyal Customers,Mainstream,Social Media
CUST103961,2025-07-26 02:54:00,1,436.51,158,4,1,3,413,New Customers,Mainstream,Email
CUST103962,2023-03-26 01:16:00,1,84.38,1011,1,1,1,111,Lost Customers,Premium,Paid Search
CUST103963,2024-10-19 18:20:00,1,273.87,438,2,1,2,212,Lost Customers,Budget,Email
CUST103964,2025-04-20 07:03:00,3,492.78999999999996,255,3,4,3,343,Loyal Customers,Mainstream,Email
CUST103965,2025-07-31 18:26:00,2,350.93859,153,4,3,3,433,Potential Loyalists,Mainstream,Paid Search
CUST103966,2025-06-22 19:09:00,3,715.52678,192,3,4,4,344,Loyal Customers,Mainstream,Paid Search
CUST103967,2025-11-08 04:00:00,1,348.65,53,4,1,3,413,New Customers,Mainstream,Affiliate
CUST103968,2025-12-21 04:46:00,10,2048.43104,10,5,5,5,555,Champions,Mainstream,Paid Search
CUST103969,2023-11-26 11:27:00,1,159.62064,766,1,1,2,112,Lost Customers,Mainstream,Direct
CUST103971,2024-07-19 04:03:00,2,168.76999999999998,530,2,3,2,232,At Risk,Premium,Organic Search
CUST103972,2025-05-30 13:40:00,6,926.41841,215,3,5,4,354,Loyal Customers,Premium,Social Media
CUST103974,2025-09-01 11:47:00,8,2028.93083,121,4,5,5,455,Champions,Mainstream,Social Media
CUST103975,2025-04-05 01:41:00,1,185.55,270,3,1,2,312,Others,Mainstream,Organic Search
CUST103976,2024-05-12 11:46:00,4,434.12512,598,2,4,3,243,Loyal Customers,Mainstream,Social Media
CUST103977,2025-07-25 22:10:00,1,152.62,159,4,1,2,412,New Customers,Budget,Email
CUST103978,2025-11-04 18:29:00,17,2278.9429,57,4,5,5,455,Champions,Mainstream,Organic Search
CUST103980,2025-04-02 00:01:00,1,378.65999999999997,273,3,1,3,313,Others,Mainstream,Organic Search
CUST103982,2025-08-15 08:56:00,1,20.60004,138,4,1,1,411,New Customers,Mainstream,Organic Search
CUST103983,2025-11-06 10:59:00,16,2390.63075,55,4,5,5,455,Champions,Mainstream,Organic Search
CUST103984,2025-04-21 02:56:00,3,519.11414,254,3,4,3,343,Loyal Customers,Premium,Referral
CUST103985,2024-08-10 12:07:00,3,504.76664000000005,508,2,4,3,243,Loyal Customers,Budget,Affiliate
CUST103986,2024-01-08 10:17:00,1,70.97,723,1,1,1,111,Lost Customers,Mainstream,Paid Search
CUST103987,2023-06-24 03:09:00,1,266.52,921,1,1,2,112,Lost Customers,Mainstream,Paid Search
CUST103988,2025-10-30 10:53:00,10,1714.71893,62,4,5,5,455,Champions,Mainstream,Affiliate
CUST103989,2025-11-21 12:39:00,5,696.1578900000001,40,5,4,4,544,Champions,Budget,Organic Search
CUST103990,2024-09-20 03:58:00,3,332.03779999999995,467,2,4,3,243,Loyal Customers,Mainstream,Organic Search
CUST103991,2025-03-26 10:29:00,2,286.6004,280,3,3,2,332,At Risk,Mainstream,Email
CUST103992,2025-01-19 20:57:00,1,557.3100000000001,346,3,1,4,314,Others,Mainstream,Organic Search
CUST103993,2025-12-04 03:42:00,4,1343.7357299999999,27,5,4,5,545,Champions,Budget,Social Media
CUST103994,2025-06-15 20:26:00,1,181.89000000000001,199,3,1,2,312,Others,Mainstream,Direct
CUST103995,2025-04-22 12:16:00,2,368.40999999999997,253,3,3,3,333,At Risk,Mainstream,Social Media
CUST103996,2025-05-10 02:38:00,5,552.18426,235,3,4,4,344,Loyal Customers,Budget,Email
CUST103997,2025-10-06 15:01:00,3,234.3,86,4,4,2,442,Loyal Customers,Mainstream,Paid Search
CUST103998,2023-11-16 05:36:00,1,75.85,776,1,1,1,111,Lost Customers,Mainstream,Organic Search
CUST103999,2025-08-06 23:18:00,5,1323.54805,146,4,4,5,445,Champions,Premium,Direct
CUST104000,2025-12-08 22:23:00,7,968.45123,23,5,5,4,554,Champions,Premium,Direct
CUST104001,2025-11-27 20:51:00,1,80.5829,34,5,1,1,511,New Customers,Mainstream,Direct
CUST104003,2023-12-10 10:11:00,2,270.99415999999997,752,1,3,2,132,Others,Budget,Direct
CUST104004,2024-12-18 22:16:00,3,309.31089999999995,378,2,4,3,243,Loyal Customers,Budget,Paid Search
CUST104005,2025-12-03 20:03:00,14,2054.89105,28,5,5,5,555,Champions,Mainstream,Social Media
CUST104006,2025-06-21 22:13:00,3,154.36,193,3,4,2,342,Loyal Customers,Mainstream,Email
CUST104007,2024-01-08 08:10:00,1,132.49,723,1,1,1,111,Lost Customers,Premium,Social Media
CUST104008,2024-12-20 20:21:00,2,184.38150000000002,376,2,3,2,232,At Risk,Mainstream,Social Media
CUST104010,2024-07-29 22:28:00,1,194.64437999999998,520,2,1,2,212,Lost Customers,Mainstream,Direct
CUST104011,2025-06-15 09:19:00,5,810.8348,199,3,4,4,344,Loyal Customers,Mainstream,Paid Search
CUST104012,2025-11-27 06:20:00,3,453.86503000000005,34,5,4,3,543,Loyal Customers,Budget,Paid Search
CUST104013,2023-10-18 01:54:00,1,326.58,805,1,1,3,113,Lost Customers,Mainstream,Email
CUST104015,2025-09-04 02:10:00,6,928.61796,118,4,5,4,454,Champions,Budget,Paid Search
CUST104016,2025-10-31 14:14:00,2,273.7318,61,4,3,2,432,Potential Loyalists,Mainstream,Paid Search
CUST104019,2025-07-16 02:20:00,1,66.51,168,3,1,1,311,Others,Budget,Affiliate
CUST104020,2024-10-05 08:10:00,2,602.99,452,2,3,4,234,At Risk,Mainstream,Direct
CUST104021,2023-08-12 01:27:00,1,361.12,872,1,1,3,113,Lost Customers,Premium,Social Media
CUST104023,2025-09-10 17:50:00,1,66.33824,112,4,1,1,411,New Customers,Premium,Email
CUST104024,2025-07-07 02:50:00,2,261.12652,177,3,3,2,332,At Risk,Mainstream,Social Media
CUST104025,2025-04-27 11:17:00,1,86.84512,248,3,1,1,311,Others,Premium,Referral
CUST104027,2025-06-26 11:25:00,3,394.17048000000005,188,3,4,3,343,Loyal Customers,Budget,Email
CUST104028,2024-11-01 23:10:00,1,58.14,424,2,1,1,211,Lost Customers,Budget,Paid Search
CUST104029,2023-07-12 14:13:00,1,304.67999999999995,903,1,1,2,112,Lost Customers,Premium,Direct
CUST104030,2025-02-22 04:44:00,2,316.69,312,3,3,3,333,At Risk,Premium,Referral
CUST104031,2024-01-13 17:48:00,2,511.68,718,1,3,3,133,Others,Mainstream,Organic Search
CUST104032,2025-04-01 03:27:00,4,792.4372,274,3,4,4,344,Loyal Customers,Mainstream,Affiliate
CUST104034,2024-11-06 23:24:00,1,103.14179999999999,419,2,1,1,211,Lost Customers,Mainstream,Paid Search
CUST104035,2023-11-06 22:55:00,1,70.36308,786,1,1,1,111,Lost Customers,Mainstream,Referral
CUST104036,2025-06-08 10:52:00,4,759.73459,206,3,4,4,344,Loyal Customers,Budget,Email
CUST104037,2025-01-05 00:25:00,1,347.04999999999995,360,2,1,3,213,Lost Customers,Mainstream,Paid Search
CUST104038,2024-07-02 07:46:00,3,855.70987,547,2,4,4,244,Loyal Customers,Mainstream,Paid Search
CUST104039,2024-12-22 17:04:00,2,139.82999999999998,374,2,3,1,231,At Risk,Premium,Paid Search
CUST104040,2025-11-20 05:14:00,5,645.03523,41,5,4,4,544,Champions,Premium,Paid Search
CUST104041,2025-11-12 16:24:00,1,41.23,49,5,1,1,511,New Customers,Budget,Social Media
CUST104042,2025-03-22 04:03:00,6,1447.2,284,3,5,5,355,Loyal Customers,Budget,Paid Search
CUST104043,2025-10-07 07:58:00,3,299.09000000000003,85,4,4,2,442,Loyal Customers,Budget,Social Media
CUST104045,2023-02-08 04:22:00,1,36.57,1057,1,1,1,111,Lost Customers,Mainstream,Referral
CUST104046,2025-11-26 05:08:00,12,2202.43942,35,5,5,5,555,Champions,Mainstream,Affiliate
CUST104047,2025-09-08 01:21:00,1,481.97,114,4,1,3,413,New Customers,Budget,Paid Search
CUST104048,2023-05-08 18:54:00,1,622.53,968,1,1,4,114,Lost Customers,Premium,Paid Search
CUST104051,2024-11-03 12:39:00,2,237.66,423,2,3,2,232,At Risk,Mainstream,Social Media
CUST104052,2025-10-09 23:42:00,10,1402.59428,82,4,5,5,455,Champions,Budget,Paid Search
CUST104053,2025-07-03 08:08:00,2,619.96997,181,3,3,4,334,At Risk,Mainstream,Email
CUST104054,2024-10-26 14:01:00,3,643.03,431,2,4,4,244,Loyal Customers,Mainstream,Affiliate
CUST104055,2024-12-07 07:32:00,1,108.53,389,2,1,1,211,Lost Customers,Budget,Organic Search
CUST104056,2025-06-12 20:35:00,2,240.18,202,3,3,2,332,At Risk,Mainstream,Paid Search
CUST104057,2025-12-15 05:54:00,10,2426.00927,16,5,5,5,555,Champions,Premium,Referral
CUST104058,2023-02-05 02:51:00,1,224.6397,1060,1,1,2,112,Lost Customers,Mainstream,Referral
CUST104059,2024-06-26 19:51:00,2,592.96,553,2,3,4,234,At Risk,Mainstream,Paid Search
CUST104060,2025-05-17 09:55:00,5,732.1956,228,3,4,4,344,Loyal Customers,Premium,Email
CUST104061,2024-11-25 15:25:00,1,70.97,401,2,1,1,211,Lost Customers,Premium,Organic Search
CUST104062,2025-11-22 17:04:00,5,980.45,39,5,4,4,544,Champions,Premium,Email
CUST104063,2025-10-16 20:21:00,3,951.48,76,4,4,4,444,Champions,Budget,Referral
CUST104064,2024-02-26 13:34:00,1,122.53,674,1,1,1,111,Lost Customers,Budget,Organic Search
CUST104065,2025-12-26 04:02:00,1,263.1476,5,5,1,2,512,New Customers,Mainstream,Organic Search
CUST104066,2025-11-24 19:17:00,19,2298.23768,37,5,5,5,555,Champions,Premium,Email
CUST104067,2025-12-22 11:01:00,14,2735.89029,9,5,5,5,555,Champions,Mainstream,Social Media
CUST104069,2025-12-17 12:08:00,1,75.85,14,5,1,1,511,New Customers,Mainstream,Social Media
CUST104072,2024-03-07 13:37:00,1,58.73668,664,1,1,1,111,Lost Customers,Premium,Email
CUST104075,2023-10-04 22:37:00,1,182.9181,819,1,1,2,112,Lost Customers,Mainstream,Social Media
CUST104076,2024-06-16 18:11:00,2,576.74,563,2,3,4,234,At Risk,Mainstream,Paid Search
CUST104077,2023-05-27 05:44:00,1,166.43608999999998,949,1,1,2,112,Lost Customers,Mainstream,Paid Search
CUST104079,2025-12-08 15:38:00,4,491.35165,23,5,4,3,543,Loyal Customers,Mainstream,Affiliate
CUST104080,2025-11-23 01:01:00,2,235.82217999999997,38,5,3,2,532,Potential Loyalists,Budget,Email
CUST104081,2025-04-08 15:38:00,2,544.22878,267,3,3,3,333,At Risk,Budget,Direct
CUST104082,2024-06-09 18:45:00,2,309.40254,570,2,3,3,233,At Risk,Budget,Affiliate
CUST104083,2025-09-22 08:29:00,10,2185.62514,100,4,5,5,455,Champions,Mainstream,Email
CUST104084,2025-11-22 04:25:00,2,473.74406999999997,39,5,3,3,533,Potential Loyalists,Mainstream,Social Media
CUST104085,2025-12-04 21:40:00,3,896.9,27,5,4,4,544,Champions,Mainstream,Social Media
CUST104087,2025-06-14 20:59:00,3,961.7700000000001,200,3,4,4,344,Loyal Customers,Budget,Direct
CUST104089,2024-09-22 09:38:00,2,529.48,465,2,3,3,233,At Risk,Mainstream,Social Media
CUST104090,2023-09-15 03:02:00,1,28.47744,838,1,1,1,111,Lost Customers,Mainstream,Referral
CUST104091,2024-11-22 14:23:00,2,369.6154,404,2,3,3,233,At Risk,Budget,Social Media
CUST104092,2025-12-20 05:23:00,4,1173.05151,11,5,4,5,545,Champions,Mainstream,Organic Search
CUST104093,2025-11-21 18:59:00,7,2176.78952,40,5,5,5,555,Champions,Mainstream,Organic Search
CUST104094,2023-05-05 15:21:00,1,229.49,971,1,1,2,112,Lost Customers,Mainstream,Paid Search
CUST104096,2024-12-02 02:18:00,3,610.4363500000001,394,2,4,4,244,Loyal Customers,Mainstream,Referral
CUST104099,2024-03-23 22:44:00,1,136.57106,648,1,1,1,111,Lost Customers,Premium,Paid Search
CUST104100,2025-11-29 20:13:00,27,5539.4910899999995,32,5,5,5,555,Champions,Budget,Paid Search
CUST104101,2025-12-25 05:38:00,12,3283.3507,6,5,5,5,555,Champions,Mainstream,Social Media
CUST104102,2024-03-26 02:57:00,2,155.51,645,1,3,2,132,Others,Budget,Organic Search
CUST104103,2025-04-23 04:06:00,3,559.95,252,3,4,4,344,Loyal Customers,Mainstream,Paid Search
CUST104104,2025-12-10 09:08:00,4,1444.88826,21,5,4,5,545,Champions,Mainstream,Paid Search
CUST104106,2025-02-05 10:46:00,4,431.8235,329,3,4,3,343,Loyal Customers,Premium,Organic Search
CUST104107,2025-02-08 16:19:00,7,797.82997,326,3,5,4,354,Loyal Customers,Premium,Social Media
CUST104108,2025-12-18 15:04:00,5,715.78486,13,5,4,4,544,Champions,Budget,Paid Search
CUST104111,2025-10-11 11:49:00,2,536.43,81,4,3,3,433,Potential Loyalists,Mainstream,Paid Search
CUST104112,2024-11-20 01:14:00,4,1234.99876,406,2,4,5,245,Loyal Customers,Budget,Referral
CUST104114,2025-09-06 11:08:00,1,89.0,116,4,1,1,411,New Customers,Mainstream,Email
CUST104116,2025-11-14 00:18:00,16,3786.46174,47,5,5,5,555,Champions,Budget,Paid Search
CUST104117,2025-05-26 16:08:00,3,437.01024,219,3,4,3,343,Loyal Customers,Budget,Direct
CUST104118,2024-10-23 16:22:00,2,607.41,434,2,3,4,234,At Risk,Mainstream,Referral
CUST104120,2025-09-26 10:35:00,8,1686.6890799999999,96,4,5,5,455,Champions,Budget,Direct
CUST104121,2025-09-08 19:26:00,3,466.76689999999996,114,4,4,3,443,Loyal Customers,Premium,Paid Search
CUST104122,2024-09-15 05:18:00,2,236.53705,472,2,3,2,232,At Risk,Budget,Social Media
CUST104123,2025-05-10 07:42:00,1,128.51,235,3,1,1,311,Others,Mainstream,Social Media
CUST104124,2025-11-26 20:42:00,2,682.99132,35,5,3,4,534,Potential Loyalists,Mainstream,Email
CUST104125,2025-08-14 05:15:00,1,68.19,139,4,1,1,411,New Customers,Mainstream,Organic Search
CUST104126,2024-09-10 13:19:00,6,2121.937,477,2,5,5,255,Loyal Customers,Budget,Paid Search
CUST104127,2025-12-06 10:27:00,11,1600.1752000000001,25,5,5,5,555,Champions,Mainstream,Affiliate
CUST104128,2025-12-11 14:58:00,8,1586.0505600000001,20,5,5,5,555,Champions,Budget,Social Media
CUST104129,2024-11-09 22:05:00,1,122.25,417,2,1,1,211,Lost Customers,Budget,Organic Search
CUST104131,2025-07-21 00:17:00,3,599.73,163,3,4,4,344,Loyal Customers,Budget,Social Media
CUST104132,2025-03-24 15:41:00,1,89.0,282,3,1,1,311,Others,Premium,Paid Search
CUST104133,2024-06-25 11:15:00,2,377.07815999999997,554,2,3,3,233,At Risk,Mainstream,Paid Search
CUST104136,2025-12-23 04:47:00,2,362.76,8,5,3,3,533,Potential Loyalists,Mainstream,Paid Search
CUST104138,2024-08-13 18:57:00,1,509.82,505,2,1,3,213,Lost Customers,Premium,Paid Search
CUST104139,2024-12-07 17:33:00,1,73.13,389,2,1,1,211,Lost Customers,Mainstream,Paid Search
CUST104140,2024-03-04 21:44:00,2,338.558,667,1,3,3,133,Others,Budget,Social Media
CUST104141,2025-08-11 06:57:00,2,466.01,142,4,3,3,433,Potential Loyalists,Mainstream,Email
CUST104143,2024-01-13 00:21:00,1,63.6318,718,1,1,1,111,Lost Customers,Budget,Referral
CUST104144,2025-10-27 01:12:00,8,1154.18433,65,4,5,5,455,Champions,Budget,Direct
CUST104145,2025-03-27 05:01:00,3,556.69,279,3,4,4,344,Loyal Customers,Mainstream,Email
CUST104146,2025-12-13 05:40:00,2,138.41044,18,5,3,1,531,Potential Loyalists,Mainstream,Social Media
CUST104147,2025-01-02 21:05:00,1,80.48,363,2,1,1,211,Lost Customers,Budget,Direct
CUST104148,2025-08-08 14:43:00,3,518.71756,145,4,4,3,443,Loyal Customers,Premium,Paid Search
CUST104149,2025-12-20 04:04:00,8,2025.6200000000001,11,5,5,5,555,Champions,Budget,Social Media
CUST104150,2025-09-16 12:13:00,2,356.2528,106,4,3,3,433,Potential Loyalists,Premium,Paid Search
CUST104151,2025-12-26 20:03:00,11,1958.63871,5,5,5,5,555,Champions,Premium,Organic Search
CUST104152,2025-08-26 17:27:00,4,802.51575,127,4,4,4,444,Champions,Budget,Affiliate
CUST104153,2024-11-24 03:42:00,1,56.00366999999999,402,2,1,1,211,Lost Customers,Mainstream,Paid Search
CUST104154,2025-09-30 11:42:00,6,1012.20262,92,4,5,4,454,Champions,Budget,Organic Search
CUST104156,2024-08-19 02:00:00,3,1065.17,499,2,4,5,245,Loyal Customers,Mainstream,Social Media
CUST104157,2025-06-11 17:49:00,1,64.96995000000001,203,3,1,1,311,Others,Mainstream,Direct
CUST104159,2025-11-20 08:43:00,2,283.64,41,5,3,2,532,Potential Loyalists,Mainstream,Direct
CUST104160,2023-07-12 06:44:00,1,338.71000000000004,903,1,1,3,113,Lost Customers,Budget,Social Media
CUST104161,2024-09-07 01:51:00,1,77.67,480,2,1,1,211,Lost Customers,Budget,Direct
CUST104162,2024-05-19 22:06:00,1,49.485800000000005,591,2,1,1,211,Lost Customers,Mainstream,Direct
CUST104163,2025-12-13 16:46:00,1,327.42584,18,5,1,3,513,New Customers,Premium,Paid Search
CUST104164,2025-10-09 08:05:00,4,961.05,83,4,4,4,444,Champions,Mainstream,Direct
CUST104165,2025-12-30 08:41:00,29,5903.05303,1,5,5,5,555,Champions,Mainstream,Paid Search
CUST104166,2024-05-04 13:55:00,1,77.28165,606,2,1,1,211,Lost Customers,Premium,Social Media
CUST104168,2025-12-05 04:49:00,1,175.95999999999998,26,5,1,2,512,New Customers,Premium,Organic Search
CUST104169,2025-01-23 05:04:00,1,276.1,342,3,1,2,312,Others,Budget,Affiliate
CUST104170,2024-02-23 11:02:00,2,298.05697999999995,677,1,3,2,132,Others,Budget,Referral
CUST104171,2023-12-07 02:20:00,1,212.95,755,1,1,2,112,Lost Customers,Premium,Social Media
CUST104173,2025-05-26 21:05:00,8,1360.27798,219,3,5,5,355,Loyal Customers,Premium,Organic Search
CUST104174,2025-12-23 12:12:00,6,545.42583,8,5,5,3,553,Loyal Customers,Mainstream,Paid Search
CUST104176,2025-08-04 11:58:00,5,845.88528,149,4,4,4,444,Champions,Budget,Paid Search
CUST104177,2025-04-22 06:55:00,5,659.83622,253,3,4,4,344,Loyal Customers,Mainstream,Direct
CUST104178,2023-01-27 00:37:00,1,459.59000000000003,1069,1,1,3,113,Lost Customers,Mainstream,Paid Search
CUST104182,2025-04-05 05:23:00,1,153.34989,270,3,1,2,312,Others,Mainstream,Organic Search
CUST104183,2025-01-16 02:34:00,11,2833.01212,349,3,5,5,355,Loyal Customers,Budget,Paid Search
CUST104184,2024-04-01 00:22:00,2,322.36,639,1,3,3,133,Others,Mainstream,Paid Search
CUST104186,2023-03-09 20:14:00,1,41.23,1028,1,1,1,111,Lost Customers,Premium,Social Media
CUST104187,2025-12-14 16:01:00,6,1119.37035,17,5,5,5,555,Champions,Mainstream,Paid Search
CUST104189,2023-11-08 17:46:00,1,16.83,784,1,1,1,111,Lost Customers,Mainstream,Organic Search
CUST104190,2025-01-23 16:37:00,2,429.43,342,3,3,3,333,At Risk,Mainstream,Organic Search
CUST104192,2025-12-24 07:17:00,6,2431.28,7,5,5,5,555,Champions,Budget,Paid Search
CUST104193,2024-10-18 16:41:00,6,1123.15,439,2,5,5,255,Loyal Customers,Mainstream,Affiliate
CUST104194,2023-11-18 22:39:00,3,1316.3600000000001,774,1,4,5,145,Loyal Customers,Premium,Organic Search
CUST104195,2024-05-07 06:40:00,2,218.26792,603,2,3,2,232,At Risk,Budget,Social Media
CUST104196,2025-01-15 10:26:00,6,1297.1032,350,2,5,5,255,Loyal Customers,Mainstream,Email
CUST104197,2025-09-22 14:59:00,1,190.01,100,4,1,2,412,New Customers,Budget,Organic Search
CUST104198,2025-10-26 14:35:00,19,3904.43681,66,4,5,5,455,Champions,Mainstream,Paid Search
CUST104200,2025-11-03 07:23:00,6,524.08177,58,4,5,3,453,Loyal Customers,Budget,Social Media
CUST104202,2023-11-22 06:15:00,1,64.71,770,1,1,1,111,Lost Customers,Mainstream,Organic Search
CUST104203,2025-07-28 00:27:00,4,459.25315,156,4,4,3,443,Loyal Customers,Mainstream,Direct
CUST104204,2025-05-14 18:07:00,1,829.79,231,3,1,4,314,Others,Premium,Social Media
CUST104205,2025-08-29 22:45:00,2,283.32,124,4,3,2,432,Potential Loyalists,Mainstream,Email
CUST104206,2023-10-11 21:10:00,2,59.928639999999994,812,1,3,1,131,Others,Premium,Paid Search
CUST104207,2025-05-14 04:54:00,1,150.9,231,3,1,1,311,Others,Premium,Direct
CUST104209,2025-08-03 21:22:00,3,366.89300000000003,150,4,4,3,443,Loyal Customers,Premium,Organic Search
CUST104210,2025-12-16 17:49:00,7,1186.17496,15,5,5,5,555,Champions,Premium,Social Media
CUST104211,2025-04-12 07:30:00,2,719.3199999999999,263,3,3,4,334,At Risk,Mainstream,Affiliate
CUST104213,2025-10-15 16:13:00,6,1003.04233,77,4,5,4,454,Champions,Budget,Organic Search
CUST104214,2025-08-08 21:03:00,1,68.14,145,4,1,1,411,New Customers,Budget,Affiliate
CUST104215,2025-04-21 17:18:00,1,250.71000999999995,254,3,1,2,312,Others,Budget,Direct
CUST104216,2023-12-07 06:00:00,1,235.77365,755,1,1,2,112,Lost Customers,Budget,Email
CUST104217,2025-01-13 20:57:00,8,1011.67877,352,2,5,4,254,Loyal Customers,Mainstream,Organic Search
CUST104218,2025-03-22 11:27:00,1,184.44,284,3,1,2,312,Others,Mainstream,Social Media
CUST104219,2025-12-07 09:35:00,3,534.62726,24,5,4,3,543,Loyal Customers,Budget,Affiliate
CUST104220,2025-12-11 21:43:00,4,1110.2627400000001,20,5,4,5,545,Champions,Budget,Paid Search
CUST104221,2025-11-30 16:46:00,8,1201.985,31,5,5,5,555,Champions,Budget,Referral
CUST104222,2025-01-30 13:30:00,1,364.22,335,3,1,3,313,Others,Premium,Email
CUST104225,2024-09-11 15:55:00,2,370.44458,476,2,3,3,233,At Risk,Premium,Organic Search
CUST104227,2023-08-27 19:27:00,1,58.9,857,1,1,1,111,Lost Customers,Premium,Affiliate
CUST104229,2025-09-22 06:55:00,3,932.46,100,4,4,4,444,Champions,Mainstream,Organic Search
CUST104230,2023-06-03 19:20:00,1,218.02,942,1,1,2,112,Lost Customers,Budget,Organic Search
CUST104231,2025-11-05 23:03:00,2,789.4200000000001,56,4,3,4,434,Potential Loyalists,Premium,Referral
CUST104232,2025-02-08 16:40:00,2,522.3677500000001,326,3,3,3,333,At Risk,Premium,Social Media
CUST104233,2025-05-22 05:13:00,1,363.59,223,3,1,3,313,Others,Budget,Paid Search
CUST104234,2025-11-06 02:13:00,2,778.4782399999999,55,4,3,4,434,Potential Loyalists,Mainstream,Paid Search
CUST104235,2025-08-31 22:31:00,1,126.14,122,4,1,1,411,New Customers,Mainstream,Paid Search
CUST104236,2024-09-28 08:11:00,1,149.74,459,2,2,1,221,Lost Customers,Mainstream,Paid Search
CUST104237,2025-09-04 23:43:00,6,970.48672,117,4,5,4,454,Champions,Mainstream,Organic Search
CUST104238,2025-03-16 05:28:00,1,78.32,290,3,2,1,321,Others,Budget,Affiliate
CUST104239,2025-09-14 08:19:00,3,490.10307,108,4,4,3,443,Loyal Customers,Mainstream,Email
CUST104240,2025-06-05 17:06:00,4,798.5710799999999,209,3,4,4,344,Loyal Customers,Budget,Paid Search
CUST104241,2024-09-13 05:06:00,1,59.56014,474,2,2,1,221,Lost Customers,Budget,Email
CUST104244,2025-05-31 11:35:00,4,930.471,214,3,4,4,344,Loyal Customers,Mainstream,Direct
CUST104245,2023-10-08 06:22:00,2,363.42,815,1,3,3,133,Others,Budget,Paid Search
CUST104247,2023-02-14 03:37:00,1,1150.04,1051,1,2,5,125,Lost Customers,Budget,Paid Search
CUST104249,2025-11-30 19:47:00,4,1406.90026,31,5,4,5,545,Champions,Mainstream,Direct
CUST104250,2024-05-14 19:05:00,4,435.44046,596,2,4,3,243,Loyal Customers,Mainstream,Referral
CUST104251,2024-12-12 10:02:00,2,128.76,384,2,3,1,231,At Risk,Mainstream,Paid Search
CUST104252,2024-12-10 20:44:00,2,257.1,386,2,3,2,232,At Risk,Mainstream,Paid Search
CUST104254,2024-12-07 21:31:00,3,474.89,389,2,4,3,243,Loyal Customers,Budget,Paid Search
CUST104255,2025-07-27 02:10:00,3,366.72506,157,4,4,3,443,Loyal Customers,Mainstream,Paid Search
CUST104256,2025-05-02 06:22:00,2,392.42999999999995,243,3,3,3,333,At Risk,Mainstream,Paid Search
CUST104257,2024-02-22 14:09:00,1,13.16752,678,1,2,1,121,Lost Customers,Mainstream,Social Media
CUST104258,2023-11-26 00:26:00,3,733.28712,766,1,4,4,144,Loyal Customers,Mainstream,Paid Search
CUST104259,2025-08-15 13:31:00,2,233.41000000000003,138,4,3,2,432,Potential Loyalists,Premium,Social Media
CUST104260,2025-11-22 12:15:00,6,1141.18659,39,5,5,5,555,Champions,Budget,Email
CUST104261,2025-10-09 18:35:00,3,548.9585000000001,83,4,4,4,444,Champions,Premium,Paid Search
CUST104262,2023-01-13 02:39:00,1,82.81191,1083,1,2,1,121,Lost Customers,Mainstream,Email
CUST104263,2025-02-13 04:36:00,1,235.5,321,3,2,2,322,Others,Mainstream,Referral
CUST104264,2025-10-12 08:54:00,5,907.6691500000001,80,4,4,4,444,Champions,Mainstream,Social Media
CUST104265,2025-03-08 19:44:00,10,1742.56644,298,3,5,5,355,Loyal Customers,Mainstream,Social Media
CUST104266,2025-11-25 11:48:00,4,1270.64335,36,5,4,5,545,Champions,Budget,Referral
CUST104267,2025-11-25 15:06:00,6,1295.00665,36,5,5,5,555,Champions,Budget,Social Media
CUST104268,2023-09-07 13:43:00,1,155.99,846,1,2,2,122,Lost Customers,Budget,Social Media
CUST104269,2025-12-16 01:17:00,9,2187.9763000000003,15,5,5,5,555,Champions,Budget,Direct
CUST104271,2023-04-30 18:00:00,1,303.63,976,1,2,2,122,Lost Customers,Budget,Organic Search
CUST104272,2024-10-04 06:02:00,1,88.29,453,2,2,1,221,Lost Customers,Premium,Organic Search
CUST104273,2025-12-20 00:34:00,4,856.7514199999999,11,5,4,4,544,Champions,Budget,Direct
CUST104274,2025-08-27 22:21:00,2,365.18444,126,4,3,3,433,Potential Loyalists,Premium,Social Media
CUST104275,2023-04-22 22:44:00,1,38.65,984,1,2,1,121,Lost Customers,Mainstream,Email
CUST104277,2025-04-24 12:18:00,7,957.30242,251,3,5,4,354,Loyal Customers,Budget,Paid Search
CUST104279,2024-02-12 23:31:00,3,449.08000000000004,687,1,4,3,143,Loyal Customers,Mainstream,Direct
CUST104280,2025-09-05 07:32:00,14,1733.22028,117,4,5,5,455,Champions,Budget,Organic Search
CUST104281,2025-03-22 07:00:00,1,248.76,284,3,2,2,322,Others,Premium,Affiliate
CUST104282,2023-08-25 02:06:00,1,162.98475,859,1,2,2,122,Lost Customers,Mainstream,Referral
CUST104284,2025-12-24 06:07:00,84,15968.59575,7,5,5,5,555,Champions,Mainstream,Direct
CUST104285,2025-11-09 22:30:00,5,1257.2581,52,5,4,5,545,Champions,Mainstream,Organic Search
CUST104286,2025-05-23 10:28:00,8,1592.59447,222,3,5,5,355,Loyal Customers,Premium,Organic Search
CUST104287,2025-01-15 18:42:00,2,247.97885000000002,350,2,3,2,232,At Risk,Mainstream,Paid Search
CUST104288,2025-07-19 13:36:00,2,386.92129,165,3,3,3,333,At Risk,Budget,Organic Search
CUST104290,2025-05-02 02:04:00,1,193.62,243,3,2,2,322,Others,Premium,Referral
CUST104291,2025-08-21 03:56:00,7,2307.9295700000002,132,4,5,5,455,Champions,Mainstream,Direct
CUST104292,2025-11-29 10:31:00,7,1221.18949,32,5,5,5,555,Champions,Mainstream,Paid Search
CUST104294,2025-08-25 17:51:00,5,1145.8292900000001,128,4,4,5,445,Champions,Mainstream,Email
CUST104296,2025-12-29 17:07:00,19,4529.27865,2,5,5,5,555,Champions,Mainstream,Affiliate
CUST104297,2023-03-03 21:56:00,1,203.4944,1034,1,2,2,122,Lost Customers,Premium,Paid Search
CUST104298,2025-07-26 00:53:00,6,1241.77191,158,4,5,5,455,Champions,Mainstream,Organic Search
CUST104299,2025-12-20 20:09:00,2,198.80808000000002,11,5,3,2,532,Potential Loyalists,Mainstream,Direct
CUST104300,2025-12-04 12:07:00,5,742.58992,27,5,4,4,544,Champions,Mainstream,Paid Search
CUST104301,2025-11-30 23:08:00,5,300.53242,30,5,4,2,542,Loyal Customers,Budget,Referral
CUST104302,2023-04-09 08:45:00,1,103.35999999999999,997,1,2,1,121,Lost Customers,Mainstream,Paid Search
CUST104303,2024-11-29 02:04:00,1,66.11274999999999,397,2,2,1,221,Lost Customers,Mainstream,Social Media
CUST104304,2024-10-25 16:12:00,2,722.3399999999999,432,2,3,4,234,At Risk,Budget,Social Media
CUST104305,2024-10-24 13:28:00,2,217.17000000000002,433,2,3,2,232,At Risk,Budget,Referral
CUST104306,2025-03-20 03:46:00,4,364.99,286,3,4,3,343,Loyal Customers,Budget,Paid Search
CUST104307,2024-07-16 23:54:00,2,302.67939,532,2,3,2,232,At Risk,Budget,Direct
CUST104310,2024-08-18 17:58:00,1,149.95,500,2,2,1,221,Lost Customers,Mainstream,Affiliate
CUST104311,2025-05-01 09:18:00,5,1631.29259,244,3,4,5,345,Loyal Customers,Mainstream,Direct
CUST104312,2024-05-17 02:11:00,1,19.08,593,2,2,1,221,Lost Customers,Budget,Referral
CUST104313,2025-11-19 13:49:00,5,822.1221400000001,42,5,4,4,544,Champions,Premium,Social Media
CUST104314,2025-11-24 18:24:00,5,685.52895,37,5,4,4,544,Champions,Mainstream,Direct
CUST104315,2025-12-01 19:48:00,2,257.39778,30,5,3,2,532,Potential Loyalists,Mainstream,Affiliate
CUST104316,2024-12-10 03:25:00,2,381.15451999999993,386,2,3,3,233,At Risk,Budget,Email
CUST104317,2024-05-01 14:23:00,2,557.6099999999999,609,2,3,4,234,At Risk,Premium,Organic Search
CUST104321,2024-02-02 10:52:00,2,353.91,698,1,3,3,133,Others,Premium,Paid Search
CUST104322,2024-11-13 13:03:00,4,1033.02969,413,2,4,5,245,Loyal Customers,Mainstream,Affiliate
CUST104323,2024-09-10 20:30:00,1,162.87168,477,2,2,2,222,Lost Customers,Budget,Organic Search
CUST104324,2025-06-17 16:41:00,7,833.83502,197,3,5,4,354,Loyal Customers,Mainstream,Organic Search
CUST104325,2024-11-21 22:00:00,1,249.85,405,2,2,2,222,Lost Customers,Budget,Direct
CUST104326,2024-10-13 10:36:00,1,218.02,444,2,2,2,222,Lost Customers,Mainstream,Affiliate
CUST104328,2025-08-18 14:01:00,1,383.76,135,4,2,3,423,Potential Loyalists,Mainstream,Affiliate
CUST104329,2025-09-16 16:26:00,2,128.183,106,4,3,1,431,Potential Loyalists,Mainstream,Direct
CUST104330,2024-10-14 06:50:00,2,145.12488,443,2,3,1,231,At Risk,Mainstream,Direct
CUST104331,2025-03-15 10:28:00,1,164.68,291,3,2,2,322,Others,Mainstream,Direct
CUST104335,2024-01-12 18:46:00,2,506.8686,719,1,3,3,133,Others,Mainstream,Paid Search
CUST104336,2023-01-20 01:45:00,1,17.152919999999998,1076,1,2,1,121,Lost Customers,Premium,Organic Search
CUST104337,2024-11-24 02:26:00,1,452.57,402,2,2,3,223,Lost Customers,Budget,Paid Search
CUST104338,2023-07-02 18:10:00,1,61.33,913,1,2,1,121,Lost Customers,Budget,Organic Search
CUST104339,2025-10-11 11:02:00,14,1751.1615199999999,81,4,5,5,455,Champions,Mainstream,Social Media
CUST104340,2025-12-18 05:13:00,11,2508.81556,13,5,5,5,555,Champions,Mainstream,Paid Search
CUST104341,2025-12-21 15:59:00,7,1988.9099999999999,10,5,5,5,555,Champions,Premium,Organic Search
CUST104342,2025-12-14 12:02:00,4,514.85397,17,5,4,3,543,Loyal Customers,Premium,Organic Search
CUST104344,2024-05-20 09:36:00,3,308.97,590,2,4,3,243,Loyal Customers,Mainstream,Email
CUST104345,2025-08-22 03:18:00,4,810.84119,131,4,4,4,444,Champions,Mainstream,Direct
CUST104346,2025-06-15 12:22:00,2,619.43608,199,3,3,4,334,At Risk,Budget,Email
CUST104347,2025-11-03 04:41:00,1,295.84000000000003,58,4,2,2,422,Potential Loyalists,Budget,Email
CUST104348,2025-05-03 22:53:00,3,862.87,242,3,4,4,344,Loyal Customers,Mainstream,Affiliate
CUST104349,2025-08-13 06:42:00,4,501.52,140,4,4,3,443,Loyal Customers,Mainstream,Referral
CUST104350,2025-09-11 13:08:00,9,2129.80298,111,4,5,5,455,Champions,Budget,Paid Search
CUST104351,2025-10-05 21:40:00,13,2951.57911,87,4,5,5,455,Champions,Premium,Paid Search
CUST104352,2024-11-27 09:57:00,4,439.25534,399,2,4,3,243,Loyal Customers,Premium,Email
CUST104353,2023-04-30 10:06:00,1,167.71,976,1,2,2,122,Lost Customers,Budget,Email
CUST104355,2025-09-01 07:29:00,1,424.50023,121,4,2,3,423,Potential Loyalists,Premium,Paid Search
CUST104356,2025-12-12 17:27:00,5,646.738,19,5,4,4,544,Champions,Budget,Affiliate
CUST104358,2025-04-24 21:58:00,2,714.73526,251,3,3,4,334,At Risk,Mainstream,Affiliate
CUST104359,2024-08-23 20:56:00,2,198.29000000000002,495,2,3,2,232,At Risk,Premium,Social Media
CUST104360,2025-09-11 20:43:00,1,249.58,111,4,2,2,422,Potential Loyalists,Mainstream,Paid Search
CUST104361,2025-02-04 15:44:00,1,256.05,330,3,2,2,322,Others,Mainstream,Organic Search
CUST104363,2025-11-30 13:25:00,4,1565.7749800000001,31,5,4,5,545,Champions,Mainstream,Organic Search
CUST104364,2025-12-02 18:51:00,5,641.85249,29,5,4,4,544,Champions,Mainstream,Direct
CUST104365,2025-06-10 08:11:00,3,647.76,204,3,4,4,344,Loyal Customers,Budget,Organic Search
CUST104366,2024-08-30 08:32:00,1,278.01777000000004,488,2,2,2,222,Lost Customers,Mainstream,Paid Search
CUST104367,2023-08-22 23:36:00,1,89.0,861,1,2,1,121,Lost Customers,Mainstream,Organic Search
CUST104369,2025-12-21 06:03:00,14,2452.33945,10,5,5,5,555,Champions,Mainstream,Paid Search
CUST104370,2025-08-11 12:47:00,2,126.72999999999999,142,4,3,1,431,Potential Loyalists,Budget,Paid Search
CUST104371,2025-11-23 14:07:00,7,1181.9878600000002,38,5,5,5,555,Champions,Budget,Direct
CUST104372,2025-12-02 18:33:00,4,493.84806,29,5,4,3,543,Loyal Customers,Mainstream,Organic Search
CUST104373,2025-06-23 22:30:00,3,514.73499,191,3,4,3,343,Loyal Customers,Budget,Affiliate
CUST104374,2023-08-17 15:28:00,2,595.48497,867,1,3,4,134,Others,Budget,Paid Search
CUST104375,2025-11-29 13:32:00,10,2525.29832,32,5,5,5,555,Champions,Mainstream,Email
CUST104376,2023-01-29 06:27:00,1,99.54864,1067,1,2,1,121,Lost Customers,Premium,Email
CUST104377,2025-10-14 22:55:00,2,312.19,78,4,3,3,433,Potential Loyalists,Mainstream,Paid Search
CUST104378,2024-04-10 19:58:00,1,60.48051,630,1,2,1,121,Lost Customers,Budget,Email
CUST104379,2025-04-06 03:14:00,5,700.67752,269,3,4,4,344,Loyal Customers,Mainstream,Organic Search
CUST104380,2025-02-26 21:11:00,11,2191.64606,308,3,5,5,355,Loyal Customers,Mainstream,Organic Search
CUST104382,2023-01-30 09:00:00,1,88.29,1066,1,2,1,121,Lost Customers,Budget,Affiliate
CUST104384,2025-12-18 20:12:00,3,556.9699999999999,13,5,4,4,544,Champions,Mainstream,Email
CUST104385,2025-10-06 19:21:00,12,1847.26287,86,4,5,5,455,Champions,Budget,Paid Search
CUST104386,2023-01-30 05:43:00,1,177.1,1066,1,2,2,122,Lost Customers,Budget,Paid Search
CUST104387,2025-11-30 18:47:00,5,435.03142,31,5,4,3,543,Loyal Customers,Mainstream,Paid Search
CUST104388,2025-05-25 02:18:00,4,348.42748,220,3,4,3,343,Loyal Customers,Mainstream,Email
CUST104390,2025-09-17 13:45:00,6,1857.41892,105,4,5,5,455,Champions,Premium,Social Media
CUST104391,2024-12-12 18:55:00,1,281.34000000000003,384,2,2,2,222,Lost Customers,Budget,Affiliate
CUST104392,2025-12-17 12:51:00,5,1005.18951,14,5,4,4,544,Champions,Mainstream,Referral
CUST104393,2024-03-23 04:09:00,1,66.51,648,1,2,1,121,Lost Customers,Mainstream,Paid Search
CUST104394,2025-03-02 01:00:00,1,66.62,304,3,2,1,321,Others,Mainstream,Paid Search
CUST104395,2025-09-02 11:18:00,5,1790.63,120,4,4,5,445,Champions,Mainstream,Social Media
CUST104396,2023-11-12 08:16:00,2,201.22952,780,1,3,2,132,Others,Mainstream,Organic Search
CUST104397,2025-07-20 16:11:00,4,522.93546,164,3,4,3,343,Loyal Customers,Mainstream,Paid Search
CUST104398,2024-09-01 07:41:00,1,290.34000000000003,486,2,2,2,222,Lost Customers,Mainstream,Paid Search
CUST104399,2025-11-04 02:46:00,4,379.78999999999996,57,4,4,3,443,Loyal Customers,Mainstream,Organic Search
CUST104400,2023-08-03 13:23:00,2,681.33,881,1,3,4,134,Others,Budget,Social Media
CUST104401,2023-11-28 11:05:00,1,88.29,764,1,2,1,121,Lost Customers,Mainstream,Email
CUST104402,2024-06-29 23:01:00,1,305.56705999999997,550,2,2,2,222,Lost Customers,Premium,Referral
CUST104404,2025-12-18 20:49:00,33,6608.10324,13,5,5,5,555,Champions,Budget,Direct
CUST104406,2025-05-02 22:03:00,4,932.99,243,3,4,4,344,Loyal Customers,Premium,Social Media
CUST104408,2024-10-01 20:18:00,1,190.68,456,2,2,2,222,Lost Customers,Mainstream,Affiliate
CUST104410,2025-12-10 15:38:00,6,536.35262,21,5,5,3,553,Loyal Customers,Mainstream,Organic Search
CUST104411,2025-08-28 10:34:00,2,442.959,125,4,3,3,433,Potential Loyalists,Premium,Referral
CUST104413,2025-12-10 09:34:00,1,58.14,21,5,2,1,521,Potential Loyalists,Budget,Affiliate
CUST104414,2025-07-13 20:57:00,7,1134.78866,171,3,5,5,355,Loyal Customers,Premium,Paid Search
CUST104417,2025-08-07 23:12:00,2,653.04805,145,4,3,4,434,Potential Loyalists,Budget,Social Media
CUST104418,2025-06-09 10:49:00,4,1001.32853,205,3,4,4,344,Loyal Customers,Budget,Organic Search
CUST104419,2024-12-07 17:47:00,4,1019.6556,389,2,4,4,244,Loyal Customers,Premium,Email
CUST104420,2025-01-02 10:49:00,2,490.17,363,2,3,3,233,At Risk,Budget,Email
CUST104422,2025-09-27 13:38:00,3,474.66,95,4,4,3,443,Loyal Customers,Budget,Organic Search
CUST104423,2025-12-01 07:23:00,1,84.29562,30,5,2,1,521,Potential Loyalists,Mainstream,Organic Search
CUST104424,2025-10-29 14:06:00,2,689.6800000000001,63,4,3,4,434,Potential Loyalists,Budget,Organic Search
CUST104425,2024-07-04 13:01:00,5,1133.46575,545,2,4,5,245,Loyal Customers,Premium,Organic Search
CUST104427,2025-02-19 11:04:00,1,158.9982,315,3,2,2,322,Others,Budget,Referral
CUST104429,2025-07-06 07:29:00,3,592.4658999999999,178,3,4,4,344,Loyal Customers,Mainstream,Social Media
CUST104430,2023-04-16 09:35:00,1,199.7471,990,1,2,2,122,Lost Customers,Premium,Paid Search
CUST104431,2024-05-09 19:52:00,1,410.64,601,2,2,3,223,Lost Customers,Mainstream,Social Media
CUST104432,2025-06-19 11:34:00,3,289.7806,195,3,4,2,342,Loyal Customers,Premium,Paid Search
CUST104433,2025-11-19 23:01:00,1,286.35,42,5,2,2,522,Potential Loyalists,Premium,Affiliate
CUST104434,2024-08-31 19:12:00,3,393.77204,487,2,4,3,243,Loyal Customers,Mainstream,Paid Search
CUST104435,2025-07-17 12:01:00,3,691.87,167,3,4,4,344,Loyal Customers,Mainstream,Direct
CUST104436,2025-05-29 00:09:00,2,303.90265999999997,216,3,3,2,332,At Risk,Mainstream,Email
CUST104437,2023-07-26 19:55:00,1,99.88624,889,1,2,1,121,Lost Customers,Mainstream,Direct
CUST104438,2025-07-02 20:55:00,4,182.84806,182,3,4,2,342,Loyal Customers,Mainstream,Direct
CUST104439,2025-07-01 17:51:00,2,342.55,183,3,3,3,333,At Risk,Budget,Direct
CUST104440,2025-12-22 00:48:00,2,273.01096,9,5,3,2,532,Potential Loyalists,Mainstream,Social Media
CUST104441,2025-03-09 18:11:00,2,379.24289,297,3,3,3,333,At Risk,Premium,Organic Search
CUST104442,2025-09-21 04:23:00,6,1050.30558,101,4,5,5,455,Champions,Mainstream,Email
CUST104443,2023-05-21 15:42:00,1,126.14,955,1,2,1,121,Lost Customers,Mainstream,Paid Search
CUST104444,2025-03-19 18:04:00,4,649.8265,287,3,4,4,344,Loyal Customers,Budget,Organic Search
CUST104446,2025-11-24 19:12:00,8,2129.04576,37,5,5,5,555,Champions,Budget,Social Media
CUST104447,2025-12-16 19:37:00,6,742.06966,15,5,5,4,554,Champions,Mainstream,Organic Search
CUST104448,2023-07-23 13:53:00,1,98.91,892,1,2,1,121,Lost Customers,Mainstream,Direct
CUST104449,2025-04-04 08:31:00,5,866.93,271,3,4,4,344,Loyal Customers,Mainstream,Paid Search
CUST104450,2025-05-10 01:12:00,2,263.56176,235,3,3,2,332,At Risk,Budget,Direct
CUST104451,2025-10-17 07:24:00,8,1709.42452,75,4,5,5,455,Champions,Budget,Referral
CUST104453,2025-09-15 04:42:00,1,62.3487,107,4,2,1,421,Potential Loyalists,Budget,Paid Search
CUST104455,2023-08-16 17:13:00,1,78.32,868,1,2,1,121,Lost Customers,Mainstream,Paid Search
CUST104456,2025-06-06 21:19:00,3,441.2991,208,3,4,3,343,Loyal Customers,Premium,Affiliate
CUST104457,2024-11-21 01:02:00,1,173.53,405,2,2,2,222,Lost Customers,Mainstream,Social Media
CUST104458,2025-11-03 04:41:00,5,999.06311,58,4,4,4,444,Champions,Premium,Organic Search
CUST104462,2025-11-28 22:47:00,1,128.0975,33,5,2,1,521,Potential Loyalists,Budget,Email
CUST104464,2025-04-13 05:07:00,1,246.37,262,3,2,2,322,Others,Mainstream,Paid Search
CUST104466,2025-12-11 02:55:00,1,428.71484999999996,20,5,2,3,523,Potential Loyalists,Mainstream,Social Media
CUST104467,2024-03-21 03:35:00,1,89.0,650,1,2,1,121,Lost Customers,Premium,Email
CUST104468,2025-01-20 22:40:00,2,152.60418,345,3,3,2,332,At Risk,Budget,Social Media
CUST104469,2025-10-29 07:07:00,18,3569.55426,63,4,5,5,455,Champions,Premium,Email
CUST104470,2024-11-15 22:45:00,2,525.69205,411,2,3,3,233,At Risk,Premium,Paid Search
CUST104471,2023-12-09 09:12:00,2,447.0082,753,1,3,3,133,Others,Mainstream,Affiliate
CUST104472,2024-02-12 07:30:00,1,116.33599999999998,688,1,2,1,121,Lost Customers,Budget,Social Media
CUST104474,2024-06-06 22:58:00,1,138.35,573,2,2,1,221,Lost Customers,Budget,Direct
CUST104475,2024-10-25 00:16:00,1,99.59,432,2,2,1,221,Lost Customers,Mainstream,Referral
CUST104477,2025-04-22 14:31:00,4,857.0378900000001,253,3,4,4,344,Loyal Customers,Mainstream,Paid Search
CUST104478,2024-05-12 14:42:00,1,547.39,598,2,2,3,223,Lost Customers,Mainstream,Organic Search
CUST104480,2024-12-31 05:09:00,1,160.76,365,2,2,2,222,Lost Customers,Premium,Organic Search
CUST104481,2025-12-07 16:45:00,2,159.938,24,5,3,2,532,Potential Loyalists,Budget,Paid Search
CUST104482,2023-08-26 05:58:00,1,269.96000000000004,858,1,2,2,122,Lost Customers,Mainstream,Social Media
CUST104483,2025-05-09 23:24:00,2,291.77,235,3,3,2,332,At Risk,Premium,Paid Search
CUST104484,2023-04-01 14:52:00,1,66.04817,1005,1,2,1,121,Lost Customers,Mainstream,Organic Search
CUST104485,2023-05-29 04:12:00,2,110.85,947,1,3,1,131,Others,Mainstream,Social Media
CUST104486,2025-09-22 02:39:00,1,84.99,100,4,2,1,421,Potential Loyalists,Premium,Paid Search
CUST104487,2025-05-11 20:51:00,1,295.235,234,3,2,2,322,Others,Mainstream,Paid Search
CUST104488,2025-04-06 19:01:00,5,872.97775,269,3,4,4,344,Loyal Customers,Premium,Paid Search
CUST104489,2024-12-08 17:32:00,3,369.66731000000004,388,2,4,3,243,Loyal Customers,Premium,Social Media
CUST104490,2025-11-19 07:49:00,5,1583.1100000000001,42,5,4,5,545,Champions,Budget,Affiliate
CUST104491,2023-04-04 15:01:00,1,106.63,1002,1,2,1,121,Lost Customers,Mainstream,Organic Search
CUST104493,2025-09-30 13:44:00,14,2821.67344,92,4,5,5,455,Champions,Premium,Paid Search
CUST104494,2024-12-08 19:42:00,1,89.0,388,2,2,1,221,Lost Customers,Mainstream,Email
CUST104495,2025-07-03 21:57:00,4,1160.68,181,3,4,5,345,Loyal Customers,Mainstream,Paid Search
CUST104496,2025-05-24 06:28:00,3,233.14222,221,3,4,2,342,Loyal Customers,Budget,Direct
CUST104498,2025-11-17 15:57:00,3,594.04,44,5,4,4,544,Champions,Mainstream,Email
CUST104499,2025-11-23 04:27:00,9,1963.9266,38,5,5,5,555,Champions,Premium,Paid Search
CUST104500,2023-02-16 05:22:00,1,214.85,1049,1,2,2,122,Lost Customers,Budget,Direct
CUST104502,2024-03-25 08:35:00,1,83.99000000000001,646,1,2,1,121,Lost Customers,Premium,Social Media
CUST104503,2025-11-26 19:19:00,35,6238.60805,35,5,5,5,555,Champions,Mainstream,Referral
CUST104504,2025-12-17 05:14:00,37,7462.86121,14,5,5,5,555,Champions,Budget,Email
CUST104506,2025-04-07 07:40:00,2,233.88,268,3,3,2,332,At Risk,Premium,Email
CUST104507,2023-07-08 16:13:00,1,318.75,907,1,2,3,123,Lost Customers,Premium,Referral
CUST104508,2025-11-26 19:50:00,4,940.0435600000001,35,5,4,4,544,Champions,Budget,Organic Search
CUST104510,2024-11-28 23:02:00,3,612.66219,398,2,4,4,244,Loyal Customers,Mainstream,Social Media
CUST104511,2025-07-13 22:30:00,1,200.75059,171,3,2,2,322,Others,Mainstream,Social Media
CUST104512,2024-12-02 18:17:00,1,96.85688,394,2,2,1,221,Lost Customers,Mainstream,Email
CUST104513,2025-09-19 07:30:00,25,5390.12105,103,4,5,5,455,Champions,Budget,Social Media
CUST104514,2025-09-04 08:37:00,5,1084.56,118,4,4,5,445,Champions,Mainstream,Email
CUST104515,2024-06-06 00:45:00,2,143.25936000000002,573,2,3,1,231,At Risk,Budget,Paid Search
CUST104516,2025-06-12 08:32:00,2,238.99,202,3,3,2,332,At Risk,Budget,Organic Search
CUST104517,2025-12-02 06:32:00,3,412.34605,29,5,4,3,543,Loyal Customers,Mainstream,Direct
CUST104518,2025-09-21 07:47:00,3,1002.884,101,4,4,4,444,Champions,Premium,Paid Search
CUST104519,2025-09-01 00:39:00,2,564.61,121,4,3,4,434,Potential Loyalists,Mainstream,Paid Search
CUST104520,2025-05-04 15:45:00,2,381.12,241,3,3,3,333,At Risk,Mainstream,Referral
CUST104522,2023-12-05 15:59:00,1,203.09575999999998,757,1,2,2,122,Lost Customers,Premium,Social Media
CUST104523,2025-11-28 10:29:00,17,3748.28187,33,5,5,5,555,Champions,Mainstream,Email
CUST104524,2024-03-30 21:29:00,1,42.59,641,1,2,1,121,Lost Customers,Premium,Social Media
CUST104525,2025-12-01 01:23:00,1,379.01686,30,5,2,3,523,Potential Loyalists,Budget,Direct
CUST104527,2024-11-24 21:32:00,4,186.52175,402,2,4,2,242,Loyal Customers,Budget,Social Media
CUST104528,2025-11-12 05:36:00,5,1043.28344,49,5,5,5,555,Champions,Budget,Affiliate
CUST104529,2024-04-20 02:29:00,1,216.36,620,1,2,2,122,Lost Customers,Mainstream,Organic Search
CUST104530,2023-10-09 19:08:00,2,330.84551999999996,814,1,3,3,133,Others,Premium,Organic Search
CUST104531,2024-05-09 23:32:00,4,903.46,600,2,4,4,244,Loyal Customers,Budget,Email
CUST104532,2025-10-15 17:52:00,3,151.74919,77,4,4,2,442,Loyal Customers,Mainstream,Social Media
CUST104533,2023-07-26 11:55:00,3,953.02738,889,1,4,4,144,Loyal Customers,Mainstream,Organic Search
CUST104534,2023-01-26 14:04:00,1,154.17,1070,1,2,2,122,Lost Customers,Mainstream,Organic Search
CUST104535,2025-06-20 14:28:00,1,209.47875,194,3,2,2,322,Others,Mainstream,Organic Search
CUST104537,2025-12-20 10:59:00,6,1601.78648,11,5,5,5,555,Champions,Premium,Organic Search
CUST104538,2025-07-23 01:41:00,2,598.47776,161,4,3,4,434,Potential Loyalists,Mainstream,Affiliate
CUST104539,2024-09-11 17:26:00,2,195.95096999999998,476,2,3,2,232,At Risk,Premium,Direct
CUST104540,2023-12-12 14:40:00,1,93.3,750,1,2,1,121,Lost Customers,Mainstream,Social Media
CUST104541,2025-12-22 00:47:00,66,11152.60441,9,5,5,5,555,Champions,Premium,Social Media
CUST104542,2025-02-23 06:26:00,1,159.48,311,3,2,2,322,Others,Premium,Paid Search
CUST104544,2023-12-25 22:59:00,2,99.76699,737,1,3,1,131,Others,Mainstream,Email
CUST104545,2025-06-07 08:15:00,2,144.45539,207,3,3,1,331,At Risk,Premium,Referral
CUST104546,2025-06-19 13:52:00,2,536.58,195,3,3,3,333,At Risk,Mainstream,Organic Search
CUST104548,2023-04-26 04:55:00,2,310.80999999999995,980,1,3,3,133,Others,Mainstream,Direct
CUST104549,2023-11-09 09:22:00,2,301.82496,783,1,3,2,132,Others,Premium,Paid Search
CUST104550,2025-03-16 04:11:00,7,2872.33051,290,3,5,5,355,Loyal Customers,Budget,Direct
CUST104551,2024-04-07 19:12:00,1,108.75,633,1,2,1,121,Lost Customers,Mainstream,Organic Search
CUST104552,2024-02-21 06:54:00,2,646.0699999999999,679,1,3,4,134,Others,Mainstream,Affiliate
CUST104553,2025-02-19 17:00:00,3,527.22,315,3,4,3,343,Loyal Customers,Budget,Email
CUST104554,2025-06-29 10:42:00,2,223.15,185,3,3,2,332,At Risk,Budget,Organic Search
CUST104555,2025-10-30 13:45:00,1,211.25,62,4,2,2,422,Potential Loyalists,Mainstream,Social Media
CUST104556,2024-05-19 05:47:00,2,456.32154,591,2,3,3,233,At Risk,Premium,Social Media
CUST104557,2024-11-10 12:57:00,2,510.25,416,2,3,3,233,At Risk,Premium,Direct
CUST104558,2025-12-19 06:30:00,3,1252.41299,12,5,4,5,545,Champions,Premium,Direct
CUST104559,2025-12-04 22:20:00,2,100.99000000000001,27,5,3,1,531,Potential Loyalists,Premium,Organic Search
CUST104562,2024-07-23 02:22:00,3,677.68666,526,2,4,4,244,Loyal Customers,Budget,Organic Search
CUST104564,2025-06-18 07:24:00,2,816.7466299999999,196,3,3,4,334,At Risk,Premium,Direct
CUST104565,2025-04-11 20:08:00,3,478.36767000000003,264,3,4,3,343,Loyal Customers,Budget,Email
CUST104566,2025-02-18 20:06:00,2,556.6503799999999,316,3,3,4,334,At Risk,Mainstream,Social Media
CUST104567,2025-08-27 14:47:00,18,3253.30492,126,4,5,5,455,Champions,Mainstream,Email
CUST104568,2024-09-14 06:14:00,2,349.27008,473,2,3,3,233,At Risk,Budget,Direct
CUST104569,2024-07-05 05:20:00,3,759.1899999999999,544,2,4,4,244,Loyal Customers,Premium,Paid Search
CUST104571,2025-08-17 03:53:00,1,599.24,136,4,2,4,424,Potential Loyalists,Mainstream,Organic Search
CUST104573,2025-01-23 23:35:00,1,329.2237,341,3,2,3,323,Others,Budget,Organic Search
CUST104574,2025-04-05 10:54:00,1,187.51452,270,3,2,2,322,Others,Mainstream,Referral
CUST104575,2024-12-10 12:59:00,9,1317.9499,386,2,5,5,255,Loyal Customers,Mainstream,Organic Search
CUST104577,2025-10-27 09:18:00,6,979.42216,65,4,5,4,454,Champions,Mainstream,Affiliate
CUST104578,2025-04-21 16:31:00,5,894.1436100000001,254,3,5,4,354,Loyal Customers,Mainstream,Organic Search
CUST104579,2025-11-01 14:31:00,3,617.89,60,4,4,4,444,Champions,Budget,Organic Search
CUST104580,2025-11-21 12:32:00,2,551.3,40,5,3,4,534,Potential Loyalists,Budget,Paid Search
CUST104582,2025-05-14 18:07:00,3,197.38,231,3,4,2,342,Loyal Customers,Budget,Social Media
CUST104583,2025-12-07 21:39:00,3,323.81012,24,5,4,3,543,Loyal Customers,Premium,Social Media
CUST104584,2025-12-26 08:57:00,3,440.7595,5,5,4,3,543,Loyal Customers,Budget,Referral
CUST104585,2025-11-29 19:04:00,3,583.0603100000001,32,5,4,4,544,Champions,Premium,Referral
CUST104586,2025-11-21 02:51:00,2,219.19,40,5,3,2,532,Potential Loyalists,Premium,Social Media
CUST104587,2024-12-11 19:28:00,1,17.98108,385,2,2,1,221,Lost Customers,Budget,Direct
CUST104588,2025-09-25 01:42:00,3,203.56,97,4,4,2,442,Loyal Customers,Mainstream,Affiliate
CUST104589,2023-07-07 18:59:00,1,111.37,908,1,2,1,121,Lost Customers,Mainstream,Email
CUST104591,2023-12-19 02:22:00,2,113.2128,743,1,3,1,131,Others,Premium,Referral
CUST104592,2025-10-11 02:59:00,10,2762.49062,81,4,5,5,455,Champions,Budget,Direct
CUST104594,2024-11-23 04:59:00,1,79.75,403,2,2,1,221,Lost Customers,Mainstream,Email
CUST104595,2025-12-12 13:16:00,2,503.34000000000003,19,5,3,3,533,Potential Loyalists,Budget,Organic Search
CUST104596,2025-06-24 20:57:00,2,151.56,190,3,3,2,332,At Risk,Mainstream,Social Media
CUST104597,2024-11-07 00:19:00,3,326.841,419,2,4,3,243,Loyal Customers,Budget,Referral
CUST104598,2025-12-19 01:20:00,3,273.54989,12,5,4,2,542,Loyal Customers,Mainstream,Direct
CUST104599,2025-05-05 06:24:00,3,253.23,240,3,4,2,342,Loyal Customers,Budget,Paid Search
CUST104600,2025-10-20 11:01:00,15,2820.85907,72,4,5,5,455,Champions,Premium,Paid Search
CUST104601,2025-06-04 21:05:00,1,74.28,210,3,2,1,321,Others,Mainstream,Organic Search
CUST104602,2025-11-27 08:11:00,5,1255.0797400000001,34,5,5,5,555,Champions,Mainstream,Organic Search
CUST104603,2025-12-28 05:03:00,4,704.81268,3,5,4,4,544,Champions,Premium,Referral
CUST104605,2025-12-18 13:01:00,5,620.47754,13,5,5,4,554,Champions,Mainstream,Referral
CUST104606,2025-12-04 09:16:00,5,846.1291,27,5,5,4,554,Champions,Budget,Social Media
CUST104607,2025-12-19 10:32:00,12,2709.3037999999997,12,5,5,5,555,Champions,Premium,Email
CUST104608,2025-12-03 14:21:00,11,1144.05149,28,5,5,5,555,Champions,Budget,Social Media
CUST104609,2024-06-16 18:42:00,3,669.6755,563,2,4,4,244,Loyal Customers,Mainstream,Referral
CUST104610,2025-08-19 12:53:00,5,582.41,134,4,5,4,454,Champions,Premium,Social Media
CUST104611,2025-04-29 07:13:00,2,378.26,246,3,3,3,333,At Risk,Budget,Organic Search
CUST104613,2025-10-05 19:13:00,2,197.89195999999998,87,4,3,2,432,Potential Loyalists,Mainstream,Social Media
CUST104615,2025-11-20 20:02:00,2,443.25,41,5,3,3,533,Potential Loyalists,Mainstream,Direct
CUST104616,2024-01-07 17:54:00,2,292.97292000000004,724,1,3,2,132,Others,Premium,Referral
CUST104618,2024-11-21 04:27:00,1,535.23,405,2,2,3,223,Lost Customers,Premium,Referral
CUST104619,2025-07-13 11:49:00,3,483.6134,171,3,4,3,343,Loyal Customers,Budget,Organic Search
CUST104621,2025-07-16 04:23:00,5,411.2942,168,3,5,3,353,Loyal Customers,Premium,Paid Search
CUST104622,2024-03-19 07:14:00,1,138.35,652,1,2,1,121,Lost Customers,Budget,Paid Search
CUST104624,2025-10-16 04:54:00,6,1296.85753,76,4,5,5,455,Champions,Budget,Social Media
CUST104627,2024-03-16 01:26:00,1,268.21808999999996,655,1,2,2,122,Lost Customers,Mainstream,Organic Search
CUST104630,2025-12-11 20:29:00,90,16739.39605,20,5,5,5,555,Champions,Mainstream,Organic Search
CUST104631,2025-11-15 02:44:00,8,1637.85874,46,5,5,5,555,Champions,Budget,Social Media
CUST104633,2025-12-19 01:37:00,2,512.68665,12,5,3,3,533,Potential Loyalists,Premium,Organic Search
CUST104635,2025-06-14 09:04:00,3,227.59662,200,3,4,2,342,Loyal Customers,Mainstream,Email
CUST104636,2025-09-19 03:56:00,15,2078.01533,103,4,5,5,455,Champions,Budget,Email
CUST104637,2024-09-13 17:00:00,4,729.87497,474,2,4,4,244,Loyal Customers,Budget,Social Media
CUST104638,2025-05-20 11:59:00,6,1367.50302,225,3,5,5,355,Loyal Customers,Premium,Organic Search
CUST104639,2025-12-29 05:07:00,26,4732.74767,2,5,5,5,555,Champions,Budget,Social Media
CUST104640,2025-12-23 22:07:00,3,741.04,8,5,4,4,544,Champions,Budget,Affiliate
CUST104641,2023-11-17 09:36:00,1,385.09000000000003,775,1,2,3,123,Lost Customers,Mainstream,Social Media
CUST104642,2024-10-06 06:45:00,2,384.24034,451,2,3,3,233,At Risk,Mainstream,Email
CUST104643,2024-07-03 10:51:00,1,121.28907,546,2,2,1,221,Lost Customers,Premium,Social Media
CUST104644,2024-05-11 13:52:00,3,613.338,599,2,4,4,244,Loyal Customers,Premium,Affiliate
CUST104645,2024-12-09 03:45:00,6,1714.75,387,2,5,5,255,Loyal Customers,Budget,Organic Search
CUST104646,2025-08-10 06:34:00,1,56.93,143,4,2,1,421,Potential Loyalists,Budget,Social Media
CUST104648,2025-09-24 19:50:00,1,470.66999999999996,98,4,2,3,423,Potential Loyalists,Budget,Referral
CUST104649,2024-12-13 14:43:00,5,762.60364,383,2,5,4,254,Loyal Customers,Mainstream,Referral
CUST104650,2025-12-08 17:22:00,3,398.31,23,5,4,3,543,Loyal Customers,Mainstream,Referral
CUST104651,2024-01-31 00:13:00,2,283.86,700,1,3,2,132,Others,Premium,Referral
CUST104652,2025-10-30 10:48:00,15,2610.8747,62,4,5,5,455,Champions,Premium,Social Media
CUST104653,2025-04-19 15:21:00,5,1019.21714,256,3,5,4,354,Loyal Customers,Budget,Paid Search
CUST104654,2025-08-31 15:22:00,2,289.29,122,4,3,2,432,Potential Loyalists,Budget,Direct
CUST104655,2025-10-27 15:27:00,3,117.46,65,4,4,1,441,Loyal Customers,Premium,Organic Search
CUST104658,2025-12-01 00:13:00,3,684.36,30,5,4,4,544,Champions,Budget,Social Media
CUST104659,2025-06-08 01:43:00,5,572.14165,206,3,5,4,354,Loyal Customers,Budget,Social Media
CUST104660,2025-12-19 10:43:00,14,2059.01993,12,5,5,5,555,Champions,Budget,Email
CUST104661,2024-01-12 04:14:00,1,86.17,719,1,2,1,121,Lost Customers,Budget,Email
CUST104663,2025-11-28 01:47:00,1,122.72324,33,5,2,1,521,Potential Loyalists,Premium,Organic Search
CUST104664,2024-11-22 07:48:00,7,967.4845,404,2,5,4,254,Loyal Customers,Budget,Direct
CUST104667,2025-11-24 17:44:00,6,695.01516,37,5,5,4,554,Champions,Mainstream,Paid Search
CUST104668,2024-10-11 03:25:00,1,68.14,446,2,2,1,221,Lost Customers,Premium,Direct
CUST104669,2024-04-05 09:19:00,2,288.33,635,1,3,2,132,Others,Mainstream,Direct
CUST104670,2024-12-07 18:49:00,1,449.68613999999997,389,2,2,3,223,Lost Customers,Budget,Social Media
CUST104671,2025-08-19 18:30:00,9,1699.58886,134,4,5,5,455,Champions,Mainstream,Email
CUST104672,2025-01-26 00:46:00,6,559.6014700000001,339,3,5,4,354,Loyal Customers,Budget,Organic Search
CUST104674,2025-05-16 11:52:00,2,318.32230999999996,229,3,3,3,333,At Risk,Premium,Referral
CUST104675,2025-03-06 08:59:00,2,60.010000000000005,300,3,3,1,331,At Risk,Premium,Social Media
CUST104676,2025-09-01 17:34:00,10,2475.54934,121,4,5,5,455,Champions,Mainstream,Paid Search
CUST104678,2025-08-31 23:57:00,3,446.70114,121,4,4,3,443,Loyal Customers,Mainstream,Referral
CUST104679,2025-11-07 16:06:00,5,1059.40005,54,4,5,5,455,Champions,Budget,Email
CUST104680,2024-08-12 02:53:00,3,952.11508,506,2,4,4,244,Loyal Customers,Budget,Social Media
CUST104681,2023-09-16 06:17:00,1,150.9,837,1,2,1,121,Lost Customers,Mainstream,Affiliate
CUST104682,2025-08-23 23:01:00,4,1653.9766,130,4,4,5,445,Champions,Budget,Paid Search
CUST104683,2023-11-25 10:46:00,2,475.38,767,1,3,3,133,Others,Budget,Paid Search
CUST104686,2025-10-06 01:54:00,9,1261.25858,86,4,5,5,455,Champions,Budget,Referral
CUST104687,2025-12-21 06:53:00,3,677.6392000000001,10,5,4,4,544,Champions,Premium,Referral
CUST104688,2025-05-08 08:39:00,4,719.51,237,3,4,4,344,Loyal Customers,Mainstream,Direct
CUST104689,2025-09-01 21:08:00,2,199.0,121,4,3,2,432,Potential Loyalists,Mainstream,Social Media
CUST104690,2024-05-25 21:32:00,5,583.10171,585,2,5,4,254,Loyal Customers,Budget,Organic Search
CUST104691,2025-08-27 10:07:00,9,2068.30088,126,4,5,5,455,Champions,Mainstream,Email
CUST104692,2023-01-17 22:21:00,1,436.56,1079,1,2,3,123,Lost Customers,Mainstream,Organic Search
CUST104693,2025-05-14 01:10:00,4,750.81532,231,3,4,4,344,Loyal Customers,Mainstream,Social Media
CUST104694,2023-10-07 16:17:00,2,288.66895,816,1,3,2,132,Others,Mainstream,Paid Search
CUST104695,2023-09-21 19:59:00,2,388.90079000000003,832,1,3,3,133,Others,Budget,Organic Search
CUST104696,2025-07-30 04:45:00,6,924.44993,154,4,5,4,454,Champions,Budget,Social Media
CUST104697,2025-07-11 03:36:00,6,876.8359399999999,173,3,5,4,354,Loyal Customers,Premium,Paid Search
CUST104699,2024-01-01 18:38:00,1,122.04,730,1,2,1,121,Lost Customers,Mainstream,Paid Search
CUST104700,2025-11-28 20:31:00,1,260.5,33,5,2,2,522,Potential Loyalists,Premium,Direct
CUST104701,2025-12-06 13:21:00,3,647.93376,25,5,4,4,544,Champions,Budget,Paid Search
CUST104703,2025-08-15 20:59:00,2,296.99,138,4,3,2,432,Potential Loyalists,Premium,Social Media
CUST104704,2024-12-16 13:13:00,3,393.77678000000003,380,2,4,3,243,Loyal Customers,Mainstream,Paid Search
CUST104705,2025-02-13 03:25:00,3,899.8,321,3,4,4,344,Loyal Customers,Mainstream,Organic Search
CUST104706,2025-08-11 07:59:00,2,313.96999999999997,142,4,3,3,433,Potential Loyalists,Premium,Organic Search
CUST104707,2025-09-02 13:58:00,9,1198.53625,120,4,5,5,455,Champions,Budget,Referral
CUST104708,2025-10-23 18:29:00,3,193.76,69,4,4,2,442,Loyal Customers,Mainstream,Paid Search
CUST104710,2025-08-18 21:56:00,4,683.23651,135,4,4,4,444,Champions,Premium,Email
CUST104711,2024-06-01 08:38:00,4,998.8360299999999,578,2,4,4,244,Loyal Customers,Mainstream,Email
CUST104713,2025-09-06 08:21:00,2,422.57398,116,4,3,3,433,Potential Loyalists,Budget,Paid Search
CUST104714,2025-12-06 18:19:00,5,979.5882300000001,25,5,5,4,554,Champions,Budget,Social Media
CUST104715,2025-12-15 08:25:00,22,4653.02821,16,5,5,5,555,Champions,Premium,Organic Search
CUST104716,2023-12-22 14:21:00,1,88.79335999999999,740,1,2,1,121,Lost Customers,Mainstream,Email
CUST104717,2025-09-14 20:09:00,3,332.40999999999997,108,4,4,3,443,Loyal Customers,Mainstream,Organic Search
CUST104718,2025-08-15 09:57:00,5,1238.05457,138,4,5,5,455,Champions,Mainstream,Affiliate
CUST104720,2025-10-25 09:00:00,5,953.9496,67,4,5,4,454,Champions,Budget,Social Media
CUST104721,2024-02-03 11:24:00,1,61.33,697,1,2,1,121,Lost Customers,Budget,Direct
CUST104722,2024-02-01 20:30:00,2,162.26000000000002,699,1,3,2,132,Others,Premium,Affiliate
CUST104723,2023-11-22 02:24:00,2,694.75,770,1,3,4,134,Others,Budget,Referral
CUST104724,2023-08-16 14:47:00,1,55.93999,868,1,2,1,121,Lost Customers,Mainstream,Social Media
CUST104725,2024-11-27 10:40:00,4,487.67347,399,2,4,3,243,Loyal Customers,Premium,Direct
CUST104726,2025-09-17 21:50:00,2,217.39,105,4,3,2,432,Potential Loyalists,Premium,Paid Search
CUST104727,2025-12-10 23:43:00,7,970.299,20,5,5,4,554,Champions,Mainstream,Referral
CUST104728,2024-09-17 19:29:00,1,266.79079,470,2,2,2,222,Lost Customers,Mainstream,Email
CUST104729,2023-07-26 22:32:00,1,124.58368,889,1,2,1,121,Lost Customers,Premium,Social Media
CUST104730,2023-02-01 11:21:00,1,111.22,1064,1,2,1,121,Lost Customers,Premium,Direct
CUST104731,2025-08-18 12:07:00,16,2951.8614,135,4,5,5,455,Champions,Premium,Email
CUST104732,2025-09-23 17:01:00,3,433.81741,99,4,4,3,443,Loyal Customers,Mainstream,Email
CUST104733,2024-03-17 00:18:00,1,212.95,654,1,2,2,122,Lost Customers,Mainstream,Direct
CUST104734,2025-10-15 21:19:00,4,308.63,77,4,4,3,443,Loyal Customers,Mainstream,Email
CUST104736,2024-03-31 10:36:00,1,139.26,640,1,2,1,121,Lost Customers,Mainstream,Paid Search
CUST104738,2025-11-17 17:23:00,7,1547.36425,44,5,5,5,555,Champions,Mainstream,Organic Search
CUST104739,2024-05-01 06:27:00,2,202.03,609,2,3,2,232,At Risk,Mainstream,Email
CUST104742,2023-03-20 09:24:00,1,290.72,1017,1,2,2,122,Lost Customers,Budget,Direct
CUST104743,2025-12-21 16:24:00,2,703.35,10,5,3,4,534,Potential Loyalists,Mainstream,Referral
CUST104744,2023-12-18 01:59:00,1,86.17,744,1,2,1,121,Lost Customers,Budget,Affiliate
CUST104745,2025-11-21 15:28:00,16,2708.57891,40,5,5,5,555,Champions,Mainstream,Paid Search
CUST104746,2024-05-09 23:47:00,1,87.44,600,2,2,1,221,Lost Customers,Premium,Social Media
CUST104748,2023-11-26 01:28:00,1,16.48,766,1,2,1,121,Lost Customers,Budget,Referral
CUST104749,2024-05-16 06:13:00,1,149.74,594,2,2,1,221,Lost Customers,Budget,Direct
CUST104750,2025-11-23 16:14:00,4,918.66801,38,5,4,4,544,Champions,Premium,Direct
CUST104751,2025-07-02 22:40:00,1,34.28,182,3,2,1,321,Others,Budget,Organic Search
CUST104753,2024-06-02 16:15:00,2,209.96529,577,2,3,2,232,At Risk,Budget,Email
CUST104754,2025-03-28 17:37:00,4,306.44956,278,3,4,2,342,Loyal Customers,Budget,Paid Search
CUST104756,2025-03-21 20:46:00,1,126.42744000000002,285,3,2,1,321,Others,Mainstream,Referral
CUST104757,2025-12-13 17:46:00,3,871.03,18,5,4,4,544,Champions,Budget,Direct
CUST104759,2025-12-20 19:13:00,24,3818.00965,11,5,5,5,555,Champions,Mainstream,Paid Search
CUST104760,2025-09-30 19:29:00,2,130.20999999999998,92,4,3,1,431,Potential Loyalists,Premium,Social Media
CUST104761,2025-09-26 10:09:00,8,1783.2401,96,4,5,5,455,Champions,Mainstream,Email
CUST104762,2025-07-14 05:58:00,3,551.27,170,3,4,4,344,Loyal Customers,Premium,Direct
CUST104764,2025-06-22 10:41:00,2,165.99099999999999,192,3,3,2,332,At Risk,Mainstream,Paid Search
CUST104766,2025-10-23 12:39:00,2,196.27388000000002,69,4,3,2,432,Potential Loyalists,Mainstream,Organic Search
CUST104767,2024-12-24 16:24:00,2,315.1,372,2,3,3,233,At Risk,Budget,Organic Search
CUST104768,2024-01-22 10:07:00,1,266.11925,709,1,2,2,122,Lost Customers,Mainstream,Affiliate
CUST104770,2023-01-16 04:46:00,1,218.02,1080,1,2,2,122,Lost Customers,Mainstream,Paid Search
CUST104771,2025-02-01 12:35:00,4,355.06912,333,3,4,3,343,Loyal Customers,Mainstream,Organic Search
CUST104773,2025-11-05 12:33:00,4,640.85631,56,4,4,4,444,Champions,Budget,Paid Search
CUST104776,2025-03-04 08:15:00,1,98.64348,302,3,2,1,321,Others,Budget,Email
CUST104777,2025-12-02 18:09:00,20,3824.23989,29,5,5,5,555,Champions,Premium,Paid Search
CUST104779,2025-11-11 02:31:00,9,2665.55422,50,5,5,5,555,Champions,Premium,Direct
CUST104780,2025-05-16 03:46:00,1,117.42386,229,3,2,1,321,Others,Premium,Social Media
CUST104781,2025-11-07 17:13:00,3,512.90987,54,4,4,3,443,Loyal Customers,Mainstream,Paid Search
CUST104782,2025-12-16 16:21:00,2,281.66672,15,5,3,2,532,Potential Loyalists,Mainstream,Social Media
CUST104783,2023-11-25 01:07:00,1,247.73014,767,1,2,2,122,Lost Customers,Premium,Paid Search
CUST104784,2025-08-14 03:37:00,2,337.28705,139,4,3,3,433,Potential Loyalists,Budget,Social Media
CUST104787,2025-04-05 03:51:00,1,199.10999999999999,270,3,2,2,322,Others,Mainstream,Paid Search
CUST104788,2024-09-25 22:58:00,4,1447.57,462,2,4,5,245,Loyal Customers,Premium,Paid Search
CUST104789,2025-05-30 05:41:00,3,656.77,215,3,4,4,344,Loyal Customers,Mainstream,Paid Search
CUST104790,2025-06-26 21:06:00,9,1027.3383800000001,188,3,5,5,355,Loyal Customers,Mainstream,Organic Search
CUST104793,2025-12-22 23:32:00,14,2535.68772,8,5,5,5,555,Champions,Mainstream,Paid Search
CUST104794,2023-11-25 05:14:00,1,64.71,767,1,2,1,121,Lost Customers,Premium,Organic Search
CUST104795,2023-03-27 01:32:00,2,124.18,1010,1,3,1,131,Others,Budget,Affiliate
CUST104796,2025-11-28 02:02:00,4,383.00056,33,5,4,3,543,Loyal Customers,Budget,Social Media
CUST104797,2025-12-09 14:51:00,39,6670.0058,22,5,5,5,555,Champions,Budget,Direct
CUST104798,2024-08-18 04:42:00,1,149.74,500,2,2,1,221,Lost Customers,Mainstream,Social Media
CUST104799,2025-06-19 08:48:00,1,66.62,195,3,2,1,321,Others,Premium,Paid Search
CUST104800,2024-10-03 10:08:00,3,868.23,454,2,4,4,244,Loyal Customers,Budget,Paid Search
CUST104801,2025-02-15 14:45:00,1,185.77,319,3,2,2,322,Others,Mainstream,Referral
CUST104803,2023-07-15 20:52:00,1,60.10635,900,1,2,1,121,Lost Customers,Budget,Social Media
CUST104804,2025-11-30 14:25:00,8,974.6754800000001,31,5,5,4,554,Champions,Premium,Social Media
CUST104806,2025-05-12 14:42:00,4,1048.8700000000001,233,3,4,5,345,Loyal Customers,Mainstream,Paid Search
CUST104807,2025-12-19 00:32:00,2,420.3,12,5,3,3,533,Potential Loyalists,Budget,Paid Search
CUST104809,2024-08-14 19:56:00,1,294.05969999999996,504,2,2,2,222,Lost Customers,Budget,Paid Search
CUST104810,2025-08-09 21:28:00,2,185.18400000000003,144,4,3,2,432,Potential Loyalists,Budget,Organic Search
CUST104811,2025-12-06 06:16:00,4,885.41532,25,5,4,4,544,Champions,Budget,Email
CUST104812,2025-08-05 10:28:00,4,630.17128,148,4,4,4,444,Champions,Budget,Social Media
CUST104813,2025-08-28 16:33:00,5,636.98577,125,4,5,4,454,Champions,Premium,Affiliate
CUST104814,2023-02-02 17:00:00,1,142.62,1063,1,2,1,121,Lost Customers,Mainstream,Paid Search
CUST104815,2025-09-09 05:29:00,11,1961.8278599999999,113,4,5,5,455,Champions,Budget,Direct
CUST104817,2025-10-03 12:20:00,2,381.4,89,4,3,3,433,Potential Loyalists,Mainstream,Paid Search
CUST104818,2024-08-21 00:26:00,4,1231.47416,497,2,4,5,245,Loyal Customers,Budget,Social Media
CUST104819,2025-02-21 15:17:00,2,342.76,313,3,3,3,333,At Risk,Budget,Direct
CUST104820,2024-09-13 23:03:00,6,1144.14596,474,2,5,5,255,Loyal Customers,Mainstream,Organic Search
CUST104823,2025-10-20 21:09:00,1,297.03,72,4,2,2,422,Potential Loyalists,Premium,Paid Search
CUST104824,2025-02-18 16:11:00,4,678.2297599999999,316,3,4,4,344,Loyal Customers,Mainstream,Direct
CUST104825,2023-05-02 18:59:00,1,16.39,974,1,2,1,121,Lost Customers,Mainstream,Direct
CUST104826,2023-02-15 01:47:00,1,56.65,1050,1,2,1,121,Lost Customers,Budget,Email
CUST104827,2025-03-26 00:20:00,7,1567.42478,280,3,5,5,355,Loyal Customers,Mainstream,Social Media
CUST104828,2024-09-20 01:02:00,1,49.69728,467,2,2,1,221,Lost Customers,Mainstream,Email
CUST104829,2024-02-02 12:11:00,1,80.78,698,1,2,1,121,Lost Customers,Budget,Social Media
CUST104831,2023-01-13 12:58:00,1,219.51000000000002,1083,1,2,2,122,Lost Customers,Mainstream,Organic Search
CUST104832,2025-08-20 12:22:00,4,645.8156,133,4,4,4,444,Champions,Budget,Email
CUST104833,2025-10-10 09:42:00,3,380.62366000000003,82,4,4,3,443,Loyal Customers,Budget,Direct
CUST104834,2025-11-25 22:59:00,5,845.74275,36,5,5,4,554,Champions,Budget,Organic Search
CUST104835,2023-10-29 12:34:00,1,423.30412,794,1,2,3,123,Lost Customers,Premium,Direct
CUST104836,2025-10-21 22:32:00,2,121.52537999999998,71,4,3,1,431,Potential Loyalists,Budget,Referral
CUST104838,2025-11-26 00:38:00,3,445.40156,35,5,4,3,543,Loyal Customers,Mainstream,Affiliate
CUST104840,2023-11-16 10:59:00,1,137.92779,776,1,2,1,121,Lost Customers,Mainstream,Social Media
CUST104841,2025-12-24 21:28:00,1,86.11,7,5,2,1,521,Potential Loyalists,Mainstream,Referral
CUST104842,2025-11-29 01:23:00,13,2356.66433,32,5,5,5,555,Champions,Premium,Direct
CUST104843,2025-10-28 16:16:00,2,373.5109,64,4,3,3,433,Potential Loyalists,Mainstream,Paid Search
CUST104844,2025-12-21 00:32:00,20,3568.50701,10,5,5,5,555,Champions,Budget,Email
CUST104846,2025-12-27 08:09:00,9,1699.91581,4,5,5,5,555,Champions,Mainstream,Organic Search
CUST104847,2025-05-17 23:47:00,3,214.37032,227,3,4,2,342,Loyal Customers,Mainstream,Organic Search
CUST104849,2025-10-18 22:22:00,4,973.7632800000001,74,4,4,4,444,Champions,Budget,Organic Search
CUST104850,2024-02-02 04:45:00,2,344.27,698,1,3,3,133,Others,Budget,Social Media
CUST104851,2025-09-11 18:52:00,12,2147.90301,111,4,5,5,455,Champions,Mainstream,Paid Search
CUST104852,2025-12-30 10:50:00,7,815.74442,1,5,5,4,554,Champions,Budget,Referral
CUST104853,2025-05-10 22:37:00,1,236.028,235,3,2,2,322,Others,Mainstream,Paid Search
CUST104855,2025-02-14 14:42:00,2,53.743249999999996,320,3,3,1,331,At Risk,Premium,Paid Search
CUST104858,2025-01-19 15:59:00,5,742.65,346,3,5,4,354,Loyal Customers,Mainstream,Email
CUST104860,2025-07-27 20:25:00,1,57.69,157,4,2,1,421,Potential Loyalists,Mainstream,Social Media
CUST104861,2023-08-06 11:43:00,1,143.62,878,1,2,1,121,Lost Customers,Mainstream,Organic Search
CUST104862,2025-08-02 03:08:00,2,296.13,151,4,3,2,432,Potential Loyalists,Premium,Paid Search
CUST104865,2025-06-01 13:13:00,7,1594.2727,213,3,5,5,355,Loyal Customers,Mainstream,Affiliate
CUST104867,2025-12-20 05:33:00,6,861.81084,11,5,5,4,554,Champions,Mainstream,Paid Search
CUST104868,2025-09-30 19:18:00,3,428.05755,92,4,4,3,443,Loyal Customers,Budget,Affiliate
CUST104869,2025-08-18 18:19:00,9,1390.14793,135,4,5,5,455,Champions,Mainstream,Paid Search
CUST104870,2025-11-18 00:11:00,7,1561.01122,43,5,5,5,555,Champions,Premium,Direct
CUST104871,2025-12-20 22:59:00,4,691.3007,11,5,4,4,544,Champions,Mainstream,Organic Search
CUST104872,2024-07-18 21:58:00,1,495.76,531,2,2,3,223,Lost Customers,Mainstream,Social Media
CUST104873,2025-06-22 22:11:00,5,655.62,192,3,5,4,354,Loyal Customers,Mainstream,Direct
CUST104875,2023-10-31 13:03:00,1,210.14,792,1,2,2,122,Lost Customers,Mainstream,Email
CUST104876,2024-04-20 05:17:00,1,320.21,620,1,2,3,123,Lost Customers,Budget,Paid Search
CUST104878,2025-06-27 11:19:00,2,95.47726,187,3,3,1,331,At Risk,Budget,Paid Search
CUST104879,2025-02-26 07:08:00,1,122.48119999999999,308,3,2,1,321,Others,Mainstream,Paid Search
CUST104880,2023-11-20 16:42:00,1,93.93006,772,1,2,1,121,Lost Customers,Mainstream,Paid Search
CUST104881,2023-05-24 13:01:00,1,118.79,952,1,2,1,121,Lost Customers,Premium,Email
CUST104882,2025-09-30 04:42:00,2,453.26225,92,4,3,3,433,Potential Loyalists,Budget,Affiliate
CUST104883,2025-08-22 13:22:00,3,315.49,131,4,4,3,443,Loyal Customers,Budget,Affiliate
CUST104885,2025-08-11 13:23:00,5,475.93440000000004,142,4,5,3,453,Loyal Customers,Budget,Direct
CUST104886,2025-09-21 15:30:00,4,648.3762800000001,101,4,4,4,444,Champions,Mainstream,Direct
CUST104888,2024-05-14 20:23:00,2,111.65162000000001,596,2,3,1,231,At Risk,Budget,Organic Search
CUST104889,2025-05-09 17:05:00,5,949.78847,236,3,5,4,354,Loyal Customers,Mainstream,Email
CUST104891,2025-04-05 04:08:00,1,79.75,270,3,2,1,321,Others,Budget,Direct
CUST104892,2025-08-23 14:49:00,6,1110.6875,130,4,5,5,455,Champions,Budget,Organic Search
CUST104893,2025-12-07 01:18:00,4,802.61112,24,5,4,4,544,Champions,Budget,Organic Search
CUST104894,2025-07-05 14:47:00,3,377.24,179,3,4,3,343,Loyal Customers,Budget,Direct
CUST104895,2025-03-09 17:34:00,1,60.2,297,3,2,1,321,Others,Premium,Paid Search
CUST104896,2025-12-10 13:22:00,9,1876.33385,21,5,5,5,555,Champions,Mainstream,Affiliate
CUST104897,2024-05-27 13:34:00,2,387.11,583,2,3,3,233,At Risk,Budget,Affiliate
CUST104898,2025-11-30 03:39:00,6,582.19442,31,5,5,4,554,Champions,Mainstream,Email
CUST104899,2023-06-27 00:28:00,1,81.08918,918,1,2,1,121,Lost Customers,Budget,Email
CUST104900,2025-09-11 07:21:00,2,293.69676,111,4,3,2,432,Potential Loyalists,Budget,Paid Search
CUST104901,2025-10-31 22:19:00,3,612.51,61,4,4,4,444,Champions,Premium,Social Media
CUST104902,2025-11-18 16:35:00,21,3248.72603,43,5,5,5,555,Champions,Budget,Direct
CUST104903,2025-11-16 05:01:00,10,3209.33619,45,5,5,5,555,Champions,Premium,Paid Search
CUST104904,2025-12-14 19:51:00,3,396.07352000000003,17,5,4,3,543,Loyal Customers,Premium,Organic Search
CUST104906,2025-11-27 12:27:00,7,730.41853,34,5,5,4,554,Champions,Mainstream,Email
CUST104908,2024-02-25 11:38:00,3,544.9200000000001,675,1,4,3,143,Loyal Customers,Premium,Paid Search
CUST104909,2025-11-05 16:54:00,4,528.03647,56,4,4,3,443,Loyal Customers,Premium,Paid Search
CUST104910,2025-04-06 02:20:00,13,1920.18742,269,3,5,5,355,Loyal Customers,Mainstream,Direct
CUST104911,2024-01-28 08:19:00,1,258.34,703,1,2,2,122,Lost Customers,Budget,Paid Search
CUST104912,2024-08-14 03:29:00,2,467.74,504,2,3,3,233,At Risk,Budget,Organic Search
CUST104913,2025-11-03 09:38:00,1,226.76436,58,4,2,2,422,Potential Loyalists,Budget,Paid Search
CUST104914,2023-06-15 18:38:00,1,132.2,930,1,2,1,121,Lost Customers,Budget,Referral
CUST104915,2025-05-03 00:03:00,7,1444.9498899999999,242,3,5,5,355,Loyal Customers,Mainstream,Paid Search
CUST104916,2025-12-24 18:00:00,8,1143.90452,7,5,5,5,555,Champions,Premium,Organic Search
CUST104918,2025-12-16 17:49:00,11,1472.5285,15,5,5,5,555,Champions,Mainstream,Paid Search
CUST104919,2025-12-22 01:36:00,13,1455.72,9,5,5,5,555,Champions,Mainstream,Affiliate
CUST104920,2025-12-20 12:12:00,1,49.9743,11,5,2,1,521,Potential Loyalists,Mainstream,Direct
CUST104922,2025-12-19 12:14:00,9,2326.4518,12,5,5,5,555,Champions,Premium,Social Media
CUST104923,2025-11-08 09:14:00,1,223.43,53,4,2,2,422,Potential Loyalists,Budget,Paid Search
CUST104924,2025-11-03 19:09:00,2,679.94692,58,4,3,4,434,Potential Loyalists,Premium,Social Media
CUST104926,2025-11-01 03:59:00,5,440.1539,60,4,5,3,453,Loyal Customers,Mainstream,Email
CUST104927,2025-04-18 13:52:00,2,440.1111,257,3,3,3,333,At Risk,Mainstream,Paid Search
CUST104928,2025-03-04 11:31:00,1,273.45,302,3,2,2,322,Others,Mainstream,Email
CUST104929,2024-06-16 19:38:00,1,118.79,563,2,2,1,221,Lost Customers,Mainstream,Organic Search
CUST104930,2024-05-30 02:25:00,1,394.02,580,2,2,3,223,Lost Customers,Budget,Social Media
CUST104931,2025-12-22 19:54:00,9,735.04393,9,5,5,4,554,Champions,Mainstream,Paid Search
CUST104932,2025-11-22 22:01:00,3,211.10467,39,5,4,2,542,Loyal Customers,Mainstream,Organic Search
CUST104933,2024-02-01 21:44:00,1,357.98,699,1,2,3,123,Lost Customers,Mainstream,Social Media
CUST104934,2025-12-10 08:06:00,4,426.96979,21,5,4,3,543,Loyal Customers,Premium,Social Media
CUST104936,2025-04-17 10:28:00,1,214.85,258,3,2,2,322,Others,Premium,Organic Search
CUST104938,2025-09-26 16:52:00,8,1855.76062,96,4,5,5,455,Champions,Budget,Social Media
CUST104939,2024-07-06 14:39:00,2,789.9115899999999,543,2,3,4,234,At Risk,Budget,Organic Search
CUST104940,2024-11-29 03:51:00,3,409.70070999999996,397,2,4,3,243,Loyal Customers,Premium,Direct
CUST104941,2023-10-13 13:06:00,1,212.9,810,1,2,2,122,Lost Customers,Mainstream,Paid Search
CUST104942,2024-10-20 08:54:00,1,129.23,437,2,2,1,221,Lost Customers,Premium,Direct
CUST104943,2025-05-18 15:20:00,2,125.25,227,3,3,1,331,At Risk,Mainstream,Email
CUST104944,2023-07-31 10:59:00,1,156.23,884,1,2,2,122,Lost Customers,Budget,Paid Search
CUST104945,2024-12-12 12:03:00,1,137.95,384,2,2,1,221,Lost Customers,Mainstream,Organic Search
CUST104947,2025-10-05 00:31:00,2,630.15,87,4,3,4,434,Potential Loyalists,Budget,Social Media
CUST104948,2025-09-01 21:52:00,2,439.52,121,4,3,3,433,Potential Loyalists,Mainstream,Organic Search
CUST104951,2025-03-10 11:42:00,3,609.7715000000001,296,3,4,4,344,Loyal Customers,Mainstream,Social Media
CUST104953,2025-06-14 09:04:00,1,157.61,200,3,2,2,322,Others,Budget,Direct
CUST104954,2025-06-30 19:27:00,3,919.54564,184,3,4,4,344,Loyal Customers,Budget,Social Media
CUST104955,2025-07-20 15:45:00,1,42.59,164,3,2,1,321,Others,Mainstream,Organic Search
CUST104956,2025-07-24 14:55:00,6,1274.63311,160,4,5,5,455,Champions,Mainstream,Organic Search
CUST104957,2025-08-24 04:55:00,3,546.53692,129,4,4,3,443,Loyal Customers,Mainstream,Paid Search
CUST104958,2025-11-02 07:13:00,2,610.56,59,4,3,4,434,Potential Loyalists,Budget,Organic Search
CUST104959,2025-11-22 18:11:00,6,518.96963,39,5,5,3,553,Loyal Customers,Budget,Organic Search
CUST104961,2024-05-07 03:38:00,1,216.48,603,2,2,2,222,Lost Customers,Mainstream,Paid Search
CUST104962,2025-11-20 00:22:00,3,496.01203,41,5,4,3,543,Loyal Customers,Mainstream,Email
CUST104964,2024-06-30 09:32:00,7,2104.09674,549,2,5,5,255,Loyal Customers,Mainstream,Paid Search
CUST104965,2024-12-19 23:13:00,1,52.0299,376,2,2,1,221,Lost Customers,Budget,Organic Search
CUST104966,2025-10-27 12:27:00,13,2627.81114,65,4,5,5,455,Champions,Budget,Social Media
CUST104967,2025-12-08 15:23:00,3,434.83917,23,5,4,3,543,Loyal Customers,Mainstream,Paid Search
CUST104968,2024-07-13 11:38:00,1,362.69,536,2,2,3,223,Lost Customers,Mainstream,Paid Search
CUST104970,2025-05-16 00:58:00,2,155.89017,229,3,3,2,332,At Risk,Premium,Organic Search
CUST104972,2025-12-17 18:04:00,1,251.35,14,5,2,2,522,Potential Loyalists,Mainstream,Organic Search
CUST104973,2024-11-21 02:11:00,3,508.76171999999997,405,2,4,3,243,Loyal Customers,Mainstream,Organic Search
CUST104974,2025-08-08 16:14:00,1,17.08,145,4,2,1,421,Potential Loyalists,Mainstream,Paid Search
CUST104975,2025-12-08 04:47:00,9,1974.12505,23,5,5,5,555,Champions,Budget,Organic Search
CUST104976,2025-12-01 01:19:00,5,916.21295,30,5,5,4,554,Champions,Mainstream,Social Media
CUST104977,2025-08-08 02:50:00,1,172.22,145,4,2,2,422,Potential Loyalists,Premium,Social Media
CUST104978,2024-12-29 14:39:00,2,1195.86,367,2,3,5,235,At Risk,Budget,Direct
CUST104979,2023-04-19 00:02:00,1,129.55,987,1,2,1,121,Lost Customers,Budget,Direct
CUST104980,2025-04-03 08:37:00,2,245.41000000000003,272,3,3,2,332,At Risk,Budget,Paid Search
CUST104981,2025-05-06 11:11:00,4,1118.87248,239,3,4,5,345,Loyal Customers,Mainstream,Organic Search
CUST104982,2025-09-30 05:34:00,2,538.11777,92,4,3,3,433,Potential Loyalists,Mainstream,Direct
CUST104983,2023-11-29 15:05:00,1,86.17,763,1,2,1,121,Lost Customers,Mainstream,Organic Search
CUST104986,2024-07-10 19:35:00,1,257.6,539,2,2,2,222,Lost Customers,Budget,Social Media
CUST104987,2025-01-06 04:03:00,9,1313.30486,359,2,5,5,255,Loyal Customers,Mainstream,Paid Search
CUST104989,2025-04-19 06:36:00,3,213.19,256,3,4,2,342,Loyal Customers,Mainstream,Paid Search
CUST104990,2024-11-05 03:20:00,1,238.15648,421,2,2,2,222,Lost Customers,Budget,Paid Search
CUST104991,2025-12-21 13:44:00,12,2357.3100999999997,10,5,5,5,555,Champions,Premium,Paid Search
CUST104992,2025-08-27 16:55:00,2,480.79,126,4,3,3,433,Potential Loyalists,Mainstream,Email
CUST104994,2025-12-16 17:14:00,3,248.48695,15,5,4,2,542,Loyal Customers,Budget,Paid Search
CUST104996,2025-02-13 14:26:00,2,167.96,321,3,3,2,332,At Risk,Budget,Affiliate
CUST104998,2023-10-24 16:29:00,2,430.97,799,1,3,3,133,Others,Mainstream,Organic Search
CUST104999,2023-09-11 11:21:00,1,276.76,842,1,2,2,122,Lost Customers,Mainstream,Social Media
CUST105000,2025-12-10 19:23:00,3,1007.3638799999999,21,5,4,4,544,Champions,Mainstream,Paid Search
CUST105001,2025-08-14 09:32:00,1,84.99,139,4,2,1,421,Potential Loyalists,Budget,Paid Search
CUST105002,2025-09-09 04:41:00,3,280.13000999999997,113,4,4,2,442,Loyal Customers,Mainstream,Paid Search
CUST105003,2025-11-25 21:38:00,18,3013.05687,36,5,5,5,555,Champions,Budget,Affiliate
CUST105004,2025-04-19 14:13:00,2,436.09999999999997,256,3,3,3,333,At Risk,Budget,Email
CUST105005,2024-07-23 16:40:00,1,128.51,526,2,2,1,221,Lost Customers,Budget,Social Media
CUST105007,2025-09-24 13:15:00,9,2831.41579,98,4,5,5,455,Champions,Budget,Social Media
CUST105008,2025-08-02 06:29:00,1,106.19826,151,4,2,1,421,Potential Loyalists,Mainstream,Organic Search
CUST105009,2024-06-25 11:22:00,1,130.86,554,2,2,1,221,Lost Customers,Budget,Social Media
CUST105011,2025-06-08 19:36:00,1,89.0,206,3,2,1,321,Others,Budget,Organic Search
CUST105012,2023-10-23 06:58:00,2,552.21252,800,1,3,4,134,Others,Mainstream,Referral
CUST105013,2025-11-30 04:50:00,9,1556.927,31,5,5,5,555,Champions,Premium,Paid Search
CUST105015,2024-07-07 23:23:00,1,57.41,541,2,2,1,221,Lost Customers,Mainstream,Organic Search
CUST105016,2025-10-11 22:40:00,6,1456.2828299999999,81,4,5,5,455,Champions,Mainstream,Paid Search
CUST105017,2025-09-06 09:28:00,5,928.076,116,4,5,4,454,Champions,Budget,Affiliate
CUST105019,2024-11-25 02:52:00,3,491.39258,401,2,4,3,243,Loyal Customers,Budget,Paid Search
CUST105020,2024-07-19 08:01:00,1,73.80205,530,2,2,1,221,Lost Customers,Mainstream,Email
CUST105023,2025-09-05 08:54:00,5,690.78,117,4,5,4,454,Champions,Mainstream,Social Media
CUST105024,2025-02-09 13:22:00,4,532.41186,325,3,4,3,343,Loyal Customers,Mainstream,Email
CUST105025,2025-04-18 18:43:00,1,168.41,257,3,2,2,322,Others,Premium,Organic Search
CUST105027,2023-02-05 11:41:00,1,211.71,1060,1,2,2,122,Lost Customers,Mainstream,Email
CUST105028,2024-01-15 11:42:00,2,356.16206,716,1,3,3,133,Others,Budget,Direct
CUST105029,2024-11-03 00:54:00,4,928.6800000000001,423,2,4,4,244,Loyal Customers,Mainstream,Direct
CUST105030,2024-12-07 03:23:00,2,301.24035,389,2,3,2,232,At Risk,Budget,Affiliate
CUST105032,2023-03-21 16:00:00,1,50.02488,1016,1,2,1,121,Lost Customers,Mainstream,Direct
CUST105033,2025-09-20 19:46:00,10,1782.1663999999998,102,4,5,5,455,Champions,Mainstream,Email
CUST105034,2025-11-18 00:38:00,7,826.3006,43,5,5,4,554,Champions,Premium,Organic Search
CUST105035,2025-05-12 13:05:00,1,207.51,233,3,2,2,322,Others,Budget,Affiliate
CUST105037,2025-10-02 19:19:00,6,1309.45605,90,4,5,5,455,Champions,Mainstream,Referral
CUST105038,2025-09-25 00:32:00,7,575.7993200000001,97,4,5,4,454,Champions,Mainstream,Paid Search
CUST105039,2024-04-02 23:06:00,1,237.58,638,1,2,2,122,Lost Customers,Mainstream,Paid Search
CUST105041,2025-01-08 10:30:00,6,959.68362,357,2,5,4,254,Loyal Customers,Premium,Affiliate
CUST105042,2025-12-16 22:59:00,7,1258.75388,15,5,5,5,555,Champions,Mainstream,Organic Search
CUST105043,2025-11-09 01:50:00,3,224.52,52,5,4,2,542,Loyal Customers,Mainstream,Organic Search
CUST105044,2025-04-23 16:14:00,3,326.94268,252,3,4,3,343,Loyal Customers,Premium,Email
CUST105045,2025-04-21 06:51:00,4,1063.57512,254,3,4,5,345,Loyal Customers,Mainstream,Paid Search
CUST105048,2025-07-18 22:07:00,10,1442.71537,166,3,5,5,355,Loyal Customers,Budget,Organic Search
CUST105050,2025-07-13 07:41:00,5,1315.71726,171,3,5,5,355,Loyal Customers,Mainstream,Social Media
CUST105051,2023-10-23 00:35:00,1,73.03,800,1,2,1,121,Lost Customers,Budget,Organic Search
CUST105052,2024-03-21 00:04:00,2,164.08,650,1,3,2,132,Others,Budget,Organic Search
CUST105055,2025-11-29 10:47:00,13,2324.04182,32,5,5,5,555,Champions,Mainstream,Social Media
CUST105056,2025-04-18 05:09:00,1,214.00114000000002,257,3,2,2,322,Others,Premium,Affiliate
CUST105057,2025-06-22 23:13:00,3,458.12291000000005,191,3,4,3,343,Loyal Customers,Budget,Paid Search
CUST105058,2023-08-31 14:38:00,2,375.5942,853,1,3,3,133,Others,Budget,Affiliate
CUST105059,2025-12-18 12:26:00,2,540.5822000000001,13,5,3,3,533,Potential Loyalists,Budget,Social Media
CUST105062,2023-11-27 21:11:00,1,132.86523,765,1,2,1,121,Lost Customers,Premium,Organic Search
CUST105063,2024-08-11 15:07:00,1,341.145,507,2,2,3,223,Lost Customers,Budget,Social Media
CUST105064,2025-02-15 16:35:00,6,552.2879700000001,319,3,5,4,354,Loyal Customers,Mainstream,Affiliate
CUST105065,2025-05-27 13:41:00,9,1231.54746,218,3,5,5,355,Loyal Customers,Mainstream,Referral
CUST105066,2025-11-20 09:57:00,10,2580.46491,41,5,5,5,555,Champions,Premium,Paid Search
CUST105067,2025-09-19 22:30:00,2,208.95999999999998,103,4,3,2,432,Potential Loyalists,Mainstream,Organic Search
CUST105068,2024-10-12 07:05:00,1,61.666700000000006,445,2,2,1,221,Lost Customers,Mainstream,Social Media
CUST105069,2024-04-22 01:27:00,2,145.85,618,1,3,1,131,Others,Mainstream,Direct
CUST105070,2023-03-21 07:12:00,1,114.71000000000001,1016,1,2,1,121,Lost Customers,Budget,Referral
CUST105072,2025-12-29 09:34:00,1,121.39,2,5,2,1,521,Potential Loyalists,Mainstream,Paid Search
CUST105073,2025-12-03 22:01:00,2,369.21999999999997,28,5,3,3,533,Potential Loyalists,Premium,Paid Search
CUST105074,2025-11-08 10:03:00,3,169.40548,53,4,4,2,442,Loyal Customers,Budget,Social Media
CUST105075,2025-10-21 06:54:00,1,31.760199999999998,71,4,2,1,421,Potential Loyalists,Premium,Paid Search
CUST105076,2025-09-24 08:51:00,7,951.27822,98,4,5,4,454,Champions,Budget,Organic Search
CUST105077,2023-05-12 07:53:00,1,25.7796,964,1,2,1,121,Lost Customers,Mainstream,Direct
CUST105078,2025-08-26 06:42:00,4,1128.13074,127,4,4,5,445,Champions,Premium,Organic Search
CUST105079,2024-08-16 20:08:00,2,370.56,502,2,3,3,233,At Risk,Budget,Affiliate
CUST105080,2023-09-30 17:02:00,1,422.36,823,1,2,3,123,Lost Customers,Mainstream,Referral
CUST105081,2025-06-14 03:52:00,4,513.65342,200,3,4,3,343,Loyal Customers,Mainstream,Organic Search
CUST105082,2025-06-20 07:19:00,2,353.34000000000003,194,3,3,3,333,At Risk,Premium,Paid Search
CUST105084,2025-05-30 17:15:00,4,738.78,215,3,4,4,344,Loyal Customers,Premium,Email
CUST105086,2025-06-14 09:44:00,2,415.22284,200,3,3,3,333,At Risk,Mainstream,Direct
CUST105087,2023-01-29 10:19:00,1,246.47,1067,1,2,2,122,Lost Customers,Mainstream,Referral
CUST105088,2025-04-15 23:52:00,3,400.64056,259,3,4,3,343,Loyal Customers,Mainstream,Social Media
CUST105089,2025-12-08 22:58:00,4,696.19628,23,5,4,4,544,Champions,Budget,Paid Search
CUST105090,2025-11-25 13:05:00,3,382.31116,36,5,4,3,543,Loyal Customers,Mainstream,Organic Search
CUST105091,2023-09-11 13:28:00,1,148.67999999999998,842,1,2,1,121,Lost Customers,Budget,Social Media
CUST105092,2025-01-21 13:42:00,1,408.88,344,3,2,3,323,Others,Budget,Organic Search
CUST105094,2025-03-05 07:23:00,1,115.69,301,3,2,1,321,Others,Mainstream,Social Media
CUST105095,2025-10-26 01:48:00,2,548.77548,66,4,3,4,434,Potential Loyalists,Mainstream,Paid Search
CUST105096,2025-09-29 05:36:00,2,238.88983,93,4,3,2,432,Potential Loyalists,Mainstream,Referral
CUST105097,2025-03-09 03:30:00,3,1344.29,297,3,4,5,345,Loyal Customers,Budget,Email
CUST105098,2025-03-13 21:21:00,2,108.59569,293,3,3,1,331,At Risk,Mainstream,Paid Search
CUST105099,2024-02-06 07:09:00,1,164.63,694,1,2,2,122,Lost Customers,Mainstream,Social Media
CUST105100,2025-10-16 21:29:00,7,1230.67825,76,4,5,5,455,Champions,Mainstream,Email
CUST105101,2024-10-03 15:22:00,1,711.5799999999999,454,2,2,4,224,Lost Customers,Budget,Social Media
CUST105102,2025-09-12 17:59:00,13,2279.19421,110,4,5,5,455,Champions,Mainstream,Organic Search
CUST105103,2025-07-05 17:07:00,10,2555.79168,179,3,5,5,355,Loyal Customers,Mainstream,Email
CUST105104,2024-08-11 19:00:00,4,1217.3600000000001,507,2,4,5,245,Loyal Customers,Premium,Email
CUST105106,2025-11-09 06:59:00,7,1022.9300000000001,52,5,5,5,555,Champions,Budget,Organic Search
CUST105108,2023-05-09 12:32:00,2,551.7052,967,1,3,4,134,Others,Budget,Organic Search
CUST105109,2025-06-14 21:48:00,2,164.49,200,3,3,2,332,At Risk,Budget,Affiliate
CUST105110,2025-09-20 22:20:00,3,382.68,102,4,4,3,443,Loyal Customers,Mainstream,Paid Search
CUST105111,2024-08-24 10:51:00,2,168.49,494,2,3,2,232,At Risk,Mainstream,Referral
CUST105112,2025-12-26 11:20:00,3,674.5600000000001,5,5,4,4,544,Champions,Budget,Affiliate
CUST105113,2025-12-29 14:51:00,5,2560.36853,2,5,5,5,555,Champions,Premium,Organic Search
CUST105114,2023-04-21 03:14:00,2,553.61,985,1,3,4,134,Others,Budget,Email
CUST105115,2025-11-28 19:29:00,5,751.6764000000001,33,5,5,4,554,Champions,Mainstream,Paid Search
CUST105116,2025-05-31 20:40:00,8,2282.30107,214,3,5,5,355,Loyal Customers,Budget,Email
CUST105117,2025-12-05 20:59:00,4,1167.20348,26,5,4,5,545,Champions,Mainstream,Affiliate
CUST105118,2024-02-09 21:37:00,2,203.60000000000002,691,1,3,2,132,Others,Mainstream,Affiliate
CUST105119,2025-05-18 22:22:00,1,276.7,227,3,2,2,322,Others,Budget,Organic Search
CUST105121,2024-02-18 22:43:00,1,195.48000000000002,682,1,2,2,122,Lost Customers,Mainstream,Direct
CUST105124,2025-11-29 03:37:00,1,61.53008,32,5,2,1,521,Potential Loyalists,Mainstream,Paid Search
CUST105125,2025-07-18 07:49:00,1,166.35,166,3,2,2,322,Others,Budget,Affiliate
CUST105126,2025-12-01 03:09:00,1,163.87169,30,5,2,2,522,Potential Loyalists,Mainstream,Direct
CUST105127,2024-12-22 05:45:00,2,424.24,374,2,3,3,233,At Risk,Premium,Social Media
CUST105128,2025-11-22 17:38:00,17,3340.96584,39,5,5,5,555,Champions,Budget,Organic Search
CUST105129,2025-11-01 03:30:00,5,594.25246,60,4,5,4,454,Champions,Budget,Affiliate
CUST105130,2023-09-08 18:03:00,2,370.43,845,1,3,3,133,Others,Mainstream,Paid Search
CUST105131,2023-12-20 21:32:00,1,225.67002000000002,742,1,2,2,122,Lost Customers,Mainstream,Social Media
CUST105134,2024-07-02 08:04:00,1,197.93,547,2,2,2,222,Lost Customers,Budget,Paid Search
CUST105135,2025-11-26 14:12:00,1,351.44,35,5,2,3,523,Potential Loyalists,Mainstream,Organic Search
CUST105136,2024-04-20 00:26:00,2,314.09999999999997,620,1,3,3,133,Others,Mainstream,Affiliate
CUST105138,2025-04-29 14:16:00,4,440.90779999999995,246,3,4,3,343,Loyal Customers,Budget,Direct
CUST105139,2024-12-22 19:43:00,7,913.28184,374,2,5,4,254,Loyal Customers,Mainstream,Social Media
CUST105140,2025-01-29 18:31:00,3,515.2095,336,3,4,3,343,Loyal Customers,Budget,Email
CUST105141,2025-12-30 13:03:00,49,12205.5985,1,5,5,5,555,Champions,Premium,Social Media
CUST105142,2025-07-16 03:15:00,1,16.48,168,3,2,1,321,Others,Premium,Email
CUST105143,2025-10-22 01:26:00,2,139.6524,70,4,3,1,431,Potential Loyalists,Mainstream,Direct
CUST105144,2025-08-03 14:32:00,8,1767.03098,150,4,5,5,455,Champions,Mainstream,Organic Search
CUST105145,2025-10-25 09:41:00,4,976.58,67,4,4,4,444,Champions,Premium,Affiliate
CUST105146,2025-11-18 13:21:00,3,686.4196,43,5,4,4,544,Champions,Mainstream,Direct
CUST105147,2024-11-30 01:49:00,1,79.75,396,2,2,1,221,Lost Customers,Mainstream,Organic Search
CUST105148,2023-12-14 01:32:00,2,169.95,748,1,3,2,132,Others,Budget,Affiliate
CUST105149,2025-07-23 22:36:00,2,277.82,161,4,3,2,432,Potential Loyalists,Premium,Direct
CUST105150,2024-09-24 22:13:00,2,75.06176,463,2,3,1,231,At Risk,Budget,Paid Search
CUST105151,2024-10-12 01:58:00,5,960.9142200000001,445,2,5,4,254,Loyal Customers,Budget,Paid Search
CUST105153,2023-11-23 02:07:00,2,471.83205999999996,769,1,3,3,133,Others,Budget,Referral
CUST105155,2025-05-23 08:38:00,5,514.03028,222,3,5,3,353,Loyal Customers,Mainstream,Social Media
CUST105156,2024-01-18 09:45:00,2,345.21000000000004,713,1,3,3,133,Others,Budget,Social Media
CUST105157,2025-12-07 00:21:00,20,3786.05265,24,5,5,5,555,Champions,Premium,Social Media
CUST105158,2024-12-06 14:25:00,3,625.5276,390,2,4,4,244,Loyal Customers,Premium,Paid Search
CUST105159,2025-10-03 12:52:00,4,422.01726,89,4,4,3,443,Loyal Customers,Mainstream,Paid Search
CUST105160,2025-03-14 18:20:00,6,677.78388,292,3,5,4,354,Loyal Customers,Budget,Direct
CUST105161,2023-05-27 11:24:00,1,185.55,949,1,2,2,122,Lost Customers,Mainstream,Paid Search
CUST105162,2025-03-24 09:18:00,3,693.14,282,3,4,4,344,Loyal Customers,Budget,Email
CUST105163,2025-04-20 14:27:00,2,577.3900000000001,255,3,3,4,334,At Risk,Mainstream,Email
CUST105164,2025-08-11 01:12:00,1,185.77,142,4,2,2,422,Potential Loyalists,Budget,Affiliate
CUST105166,2025-10-13 09:25:00,3,179.81,79,4,4,2,442,Loyal Customers,Budget,Affiliate
CUST105167,2025-08-25 14:55:00,3,538.553,128,4,4,3,443,Loyal Customers,Premium,Social Media
CUST105168,2025-06-05 19:55:00,2,389.49,209,3,3,3,333,At Risk,Budget,Paid Search
CUST105169,2025-06-10 09:43:00,8,1259.6466,204,3,5,5,355,Loyal Customers,Mainstream,Organic Search
CUST105170,2023-07-27 16:43:00,2,295.57000000000005,888,1,3,2,132,Others,Budget,Social Media
CUST105171,2024-11-24 11:45:00,2,410.068,402,2,3,3,233,At Risk,Mainstream,Paid Search
CUST105172,2025-11-30 22:10:00,3,622.1700099999999,31,5,4,4,544,Champions,Premium,Paid Search
CUST105173,2024-01-04 17:31:00,2,198.94882,727,1,3,2,132,Others,Budget,Organic Search
CUST105174,2024-07-01 20:33:00,4,571.2394400000001,548,2,4,4,244,Loyal Customers,Budget,Organic Search
CUST105175,2024-12-26 04:19:00,2,304.82000000000005,370,2,3,2,232,At Risk,Budget,Social Media
CUST105177,2025-11-16 18:25:00,2,399.14,45,5,3,3,533,Potential Loyalists,Mainstream,Organic Search
CUST105178,2024-08-01 09:09:00,1,230.48,517,2,2,2,222,Lost Customers,Premium,Paid Search
CUST105179,2025-12-01 04:50:00,8,909.06479,30,5,5,4,554,Champions,Premium,Social Media
CUST105181,2025-09-06 08:59:00,3,1584.8700000000001,116,4,4,5,445,Champions,Premium,Direct
CUST105182,2025-03-17 15:20:00,4,828.51707,289,3,4,4,344,Loyal Customers,Premium,Social Media
CUST105183,2024-09-07 01:49:00,1,91.83,480,2,2,1,221,Lost Customers,Mainstream,Organic Search
CUST105184,2023-04-11 01:04:00,1,128.75,995,1,2,1,121,Lost Customers,Budget,Referral
CUST105185,2025-06-14 11:13:00,2,544.61,200,3,3,3,333,At Risk,Mainstream,Social Media
CUST105186,2025-08-09 09:20:00,3,511.26104,144,4,4,3,443,Loyal Customers,Mainstream,Social Media
CUST105188,2025-06-18 15:27:00,2,385.42,196,3,3,3,333,At Risk,Budget,Organic Search
CUST105189,2025-08-23 04:43:00,2,548.1616799999999,130,4,3,4,434,Potential Loyalists,Mainstream,Paid Search
CUST105190,2025-03-15 19:31:00,2,278.83544,291,3,3,2,332,At Risk,Mainstream,Referral
CUST105192,2024-01-19 17:14:00,1,218.02,712,1,2,2,122,Lost Customers,Premium,Paid Search
CUST105193,2023-09-18 04:29:00,1,132.2,835,1,2,1,121,Lost Customers,Budget,Social Media
CUST105194,2024-03-09 09:52:00,1,84.18,662,1,2,1,121,Lost Customers,Budget,Social Media
CUST105195,2025-12-22 08:32:00,9,1590.79557,9,5,5,5,555,Champions,Mainstream,Organic Search
CUST105196,2025-12-16 01:24:00,2,543.09,15,5,3,3,533,Potential Loyalists,Mainstream,Affiliate
CUST105197,2025-08-03 20:00:00,5,1248.62733,150,4,5,5,455,Champions,Budget,Email
CUST105199,2024-03-13 17:45:00,1,128.19153000000003,658,1,2,1,121,Lost Customers,Mainstream,Organic Search
CUST105200,2024-05-24 10:32:00,1,29.20656,586,2,2,1,221,Lost Customers,Budget,Social Media
CUST105201,2023-02-24 12:48:00,1,57.08,1041,1,2,1,121,Lost Customers,Budget,Organic Search
CUST105204,2025-05-01 00:48:00,1,20.2,244,3,2,1,321,Others,Budget,Paid Search
CUST105205,2025-11-21 08:28:00,3,261.1204,40,5,4,2,542,Loyal Customers,Mainstream,Direct
CUST105207,2024-02-28 13:41:00,1,102.8244,672,1,2,1,121,Lost Customers,Premium,Paid Search
CUST105208,2025-10-10 19:24:00,2,315.65999999999997,82,4,3,3,433,Potential Loyalists,Mainstream,Paid Search
CUST105209,2025-09-17 02:05:00,5,603.2647,105,4,5,4,454,Champions,Budget,Paid Search
CUST105210,2025-09-05 20:22:00,4,376.21781,117,4,4,3,443,Loyal Customers,Mainstream,Email
CUST105211,2025-10-19 21:58:00,4,422.30048999999997,73,4,4,3,443,Loyal Customers,Budget,Organic Search
CUST105214,2025-12-06 03:22:00,1,143.39,25,5,2,1,521,Potential Loyalists,Premium,Email
CUST105215,2025-10-12 04:41:00,1,185.55,80,4,2,2,422,Potential Loyalists,Mainstream,Direct
CUST105216,2025-07-20 23:11:00,8,1079.7067,163,3,5,5,355,Loyal Customers,Premium,Paid Search
CUST105217,2025-12-24 00:12:00,4,350.76473999999996,7,5,4,3,543,Loyal Customers,Mainstream,Direct
CUST105220,2025-04-13 16:23:00,3,390.69000000000005,262,3,4,3,343,Loyal Customers,Budget,Organic Search
CUST105221,2023-08-01 05:17:00,1,370.65,883,1,2,3,123,Lost Customers,Mainstream,Social Media
CUST105223,2025-08-17 22:08:00,3,810.90467,136,4,4,4,444,Champions,Budget,Affiliate
CUST105224,2025-03-09 12:47:00,1,39.5,297,3,2,1,321,Others,Mainstream,Social Media
CUST105227,2025-01-01 06:47:00,2,318.37,364,2,3,3,233,At Risk,Premium,Organic Search
CUST105228,2025-08-12 17:45:00,8,1549.1114300000002,141,4,5,5,455,Champions,Budget,Social Media
CUST105229,2024-02-17 06:40:00,1,181.01553,683,1,2,2,122,Lost Customers,Budget,Direct
CUST105231,2024-08-09 07:47:00,2,257.86635,509,2,3,2,232,At Risk,Budget,Organic Search
CUST105232,2025-09-06 00:42:00,24,4956.94617,116,4,5,5,455,Champions,Budget,Affiliate
CUST105233,2025-11-30 08:53:00,10,2567.8940199999997,31,5,5,5,555,Champions,Mainstream,Organic Search
CUST105234,2024-02-26 15:48:00,2,165.01,674,1,3,2,132,Others,Mainstream,Direct
CUST105235,2025-09-19 13:21:00,3,368.26360999999997,103,4,4,3,443,Loyal Customers,Premium,Paid Search
CUST105236,2025-11-09 07:01:00,17,2923.65996,52,5,5,5,555,Champions,Premium,Referral
CUST105237,2023-07-30 07:56:00,1,170.93,885,1,2,2,122,Lost Customers,Mainstream,Email
CUST105238,2024-02-06 20:13:00,1,168.41,694,1,2,2,122,Lost Customers,Mainstream,Paid Search
CUST105239,2025-10-10 05:25:00,5,1116.98866,82,4,5,5,455,Champions,Mainstream,Paid Search
CUST105240,2025-09-05 15:25:00,2,610.3576,117,4,3,4,434,Potential Loyalists,Mainstream,Organic Search
CUST105242,2025-12-18 03:27:00,100,18514.71656,13,5,5,5,555,Champions,Budget,Organic Search
CUST105243,2023-10-01 14:10:00,2,130.23,822,1,3,1,131,Others,Mainstream,Organic Search
CUST105244,2025-08-24 02:03:00,10,1827.10045,129,4,5,5,455,Champions,Premium,Social Media
CUST105245,2025-06-19 09:12:00,2,352.14633,195,3,3,3,333,At Risk,Mainstream,Affiliate
CUST105246,2024-12-25 19:56:00,4,1123.9833,371,2,4,5,245,Loyal Customers,Premium,Paid Search
CUST105248,2025-07-15 06:29:00,1,117.30119,169,3,2,1,321,Others,Budget,Direct
CUST105249,2024-07-22 18:22:00,2,289.99227999999994,527,2,3,2,232,At Risk,Premium,Social Media
CUST105250,2025-12-11 01:18:00,13,2207.27217,20,5,5,5,555,Champions,Budget,Affiliate
CUST105252,2024-07-22 00:20:00,1,85.618,527,2,2,1,221,Lost Customers,Budget,Email
CUST105253,2025-10-18 06:48:00,1,104.3964,74,4,2,1,421,Potential Loyalists,Premium,Referral
CUST105254,2025-10-27 13:52:00,1,499.75,65,4,2,3,423,Potential Loyalists,Budget,Paid Search
CUST105256,2025-12-04 01:48:00,2,173.02614,27,5,3,2,532,Potential Loyalists,Budget,Email
CUST105257,2024-09-10 16:50:00,2,256.96,477,2,3,2,232,At Risk,Budget,Paid Search
CUST105258,2025-01-12 22:36:00,4,517.49252,353,2,4,3,243,Loyal Customers,Premium,Social Media
CUST105260,2025-01-03 21:22:00,2,303.61,362,2,3,2,232,At Risk,Budget,Paid Search
CUST105261,2024-05-16 07:13:00,4,1861.72457,594,2,4,5,245,Loyal Customers,Mainstream,Organic Search
CUST105262,2025-12-10 21:44:00,7,952.58714,21,5,5,4,554,Champions,Budget,Paid Search
CUST105263,2025-08-15 04:16:00,2,449.03999999999996,138,4,3,3,433,Potential Loyalists,Budget,Paid Search
CUST105264,2024-03-16 09:06:00,2,375.46999999999997,655,1,3,3,133,Others,Budget,Social Media
CUST105266,2025-11-24 03:58:00,9,1316.11825,37,5,5,5,555,Champions,Budget,Social Media
CUST105267,2023-08-07 00:29:00,1,1087.25,877,1,2,5,125,Lost Customers,Premium,Paid Search
CUST105268,2025-11-21 09:34:00,5,680.56393,40,5,5,4,554,Champions,Mainstream,Affiliate
CUST105270,2025-06-20 05:46:00,1,31.62,194,3,2,1,321,Others,Mainstream,Paid Search
CUST105271,2025-11-01 16:12:00,6,856.6153999999999,60,4,5,4,454,Champions,Mainstream,Paid Search
CUST105272,2025-06-29 03:35:00,2,80.83625,185,3,3,1,331,At Risk,Mainstream,Organic Search
CUST105274,2025-11-14 09:16:00,3,882.1,47,5,4,4,544,Champions,Mainstream,Referral
CUST105275,2023-12-24 22:09:00,1,79.75,738,1,2,1,121,Lost Customers,Budget,Social Media
CUST105279,2025-05-30 05:04:00,2,214.8703,215,3,3,2,332,At Risk,Mainstream,Organic Search
CUST105280,2025-02-19 08:03:00,2,467.32288000000005,315,3,3,3,333,At Risk,Mainstream,Email
CUST105281,2024-03-02 02:00:00,2,1047.91,669,1,3,5,135,Others,Mainstream,Social Media
CUST105283,2024-10-17 10:42:00,3,327.44000000000005,440,2,4,3,243,Loyal Customers,Budget,Paid Search
CUST105284,2025-02-26 06:04:00,3,337.52773,308,3,4,3,343,Loyal Customers,Budget,Organic Search
CUST105285,2023-02-27 04:09:00,1,159.92544999999998,1038,1,2,2,122,Lost Customers,Mainstream,Organic Search
CUST105286,2024-09-14 12:19:00,1,50.59,473,2,2,1,221,Lost Customers,Mainstream,Paid Search
CUST105288,2024-11-26 12:49:00,3,664.53675,400,2,4,4,244,Loyal Customers,Mainstream,Referral
CUST105289,2025-07-22 16:25:00,6,683.14582,162,3,5,4,354,Loyal Customers,Mainstream,Organic Search
CUST105290,2025-02-18 21:52:00,6,1631.44471,316,3,5,5,355,Loyal Customers,Mainstream,Affiliate
CUST105291,2025-10-01 08:43:00,2,202.52999999999997,91,4,3,2,432,Potential Loyalists,Budget,Organic Search
CUST105292,2025-12-08 04:34:00,3,406.60094000000004,23,5,4,3,543,Loyal Customers,Premium,Affiliate
CUST105293,2025-11-13 23:20:00,4,650.79,47,5,4,4,544,Champions,Mainstream,Paid Search
CUST105294,2024-05-21 08:32:00,1,141.17565000000002,589,2,2,1,221,Lost Customers,Mainstream,Organic Search
CUST105295,2025-11-24 04:41:00,10,1329.75956,37,5,5,5,555,Champions,Mainstream,Paid Search
CUST105296,2025-11-16 10:00:00,6,853.06124,45,5,5,4,554,Champions,Mainstream,Organic Search
CUST105298,2025-11-07 16:58:00,1,257.02,54,4,2,2,422,Potential Loyalists,Budget,Email
CUST105299,2025-01-16 01:49:00,4,319.26033,349,3,4,3,343,Loyal Customers,Budget,Paid Search
CUST105303,2025-11-27 03:31:00,11,1481.0228,34,5,5,5,555,Champions,Budget,Social Media
CUST105305,2025-10-21 00:41:00,3,374.62,71,4,4,3,443,Loyal Customers,Mainstream,Paid Search
CUST105306,2025-12-05 16:36:00,3,779.9968500000001,26,5,4,4,544,Champions,Mainstream,Referral
CUST105307,2025-12-19 16:10:00,6,1766.57,12,5,5,5,555,Champions,Mainstream,Email
CUST105309,2025-06-08 23:52:00,1,129.23,205,3,2,1,321,Others,Budget,Social Media
CUST105310,2024-06-17 21:04:00,1,81.19,562,2,2,1,221,Lost Customers,Mainstream,Organic Search
CUST105311,2025-09-28 08:33:00,8,1381.3204600000001,94,4,5,5,455,Champions,Mainstream,Social Media
CUST105315,2025-11-08 00:26:00,4,697.3145,53,4,4,4,444,Champions,Budget,Email
CUST105316,2025-11-25 15:56:00,6,940.59166,36,5,5,4,554,Champions,Budget,Social Media
CUST105317,2024-05-09 06:18:00,4,496.67247,601,2,4,3,243,Loyal Customers,Budget,Referral
CUST105318,2024-09-03 01:26:00,2,229.06715,484,2,3,2,232,At Risk,Mainstream,Email
CUST105319,2025-07-24 15:25:00,2,549.08538,160,4,3,4,434,Potential Loyalists,Mainstream,Referral
CUST105321,2023-10-02 05:17:00,1,112.44940000000001,821,1,2,1,121,Lost Customers,Budget,Organic Search
CUST105322,2024-11-12 04:08:00,1,150.9,414,2,2,1,221,Lost Customers,Budget,Organic Search
CUST105323,2025-05-26 07:53:00,5,1539.7301799999998,219,3,5,5,355,Loyal Customers,Mainstream,Social Media
CUST105324,2024-05-13 18:24:00,1,249.89999999999998,597,2,2,2,222,Lost Customers,Mainstream,Social Media
CUST105326,2025-06-14 22:26:00,4,663.54,200,3,4,4,344,Loyal Customers,Mainstream,Social Media
CUST105327,2025-10-15 12:45:00,5,1024.25592,77,4,5,5,455,Champions,Premium,Social Media
CUST105329,2025-06-05 11:16:00,9,1264.28305,209,3,5,5,355,Loyal Customers,Premium,Organic Search
CUST105330,2025-11-26 03:07:00,1,97.48937000000001,35,5,2,1,521,Potential Loyalists,Mainstream,Organic Search
CUST105331,2025-11-18 15:05:00,14,2293.47919,43,5,5,5,555,Champions,Mainstream,Paid Search
CUST105332,2025-09-22 19:03:00,2,441.19,100,4,3,3,433,Potential Loyalists,Mainstream,Referral
CUST105333,2025-11-24 13:30:00,15,3484.20611,37,5,5,5,555,Champions,Premium,Paid Search
CUST105334,2024-11-03 11:35:00,3,677.39,423,2,4,4,244,Loyal Customers,Mainstream,Organic Search
CUST105335,2025-06-23 12:37:00,5,757.74,191,3,5,4,354,Loyal Customers,Mainstream,Organic Search
CUST105336,2023-03-08 22:13:00,1,123.62661999999999,1029,1,2,1,121,Lost Customers,Mainstream,Social Media
CUST105339,2023-04-16 21:24:00,1,17.639599999999998,990,1,2,1,121,Lost Customers,Mainstream,Paid Search
CUST105340,2025-08-11 02:13:00,3,184.32392,142,4,4,2,442,Loyal Customers,Budget,Social Media
CUST105341,2025-03-01 11:00:00,2,389.71744,305,3,3,3,333,At Risk,Premium,Paid Search
CUST105342,2024-02-15 06:19:00,2,315.77000000000004,685,1,3,3,133,Others,Mainstream,Referral
CUST105343,2025-01-19 05:03:00,3,655.0139,346,3,4,4,344,Loyal Customers,Mainstream,Organic Search
CUST105344,2025-11-30 01:46:00,2,650.99229,31,5,3,4,534,Potential Loyalists,Mainstream,Paid Search
CUST105345,2023-06-08 14:00:00,1,11.282879999999999,937,1,2,1,121,Lost Customers,Mainstream,Social Media
CUST105346,2024-05-18 00:13:00,2,187.62,592,2,3,2,232,At Risk,Mainstream,Social Media
CUST105347,2024-07-04 05:49:00,2,209.79000000000002,545,2,3,2,232,At Risk,Budget,Affiliate
CUST105349,2025-12-19 17:08:00,6,855.87096,12,5,5,4,554,Champions,Mainstream,Affiliate
CUST105350,2025-10-26 21:10:00,1,106.65451999999999,66,4,2,1,421,Potential Loyalists,Budget,Organic Search
CUST105351,2024-09-25 03:09:00,1,124.96,462,2,2,1,221,Lost Customers,Mainstream,Paid Search
CUST105352,2025-12-20 22:24:00,3,394.52688,11,5,4,3,543,Loyal Customers,Budget,Referral
CUST105353,2024-02-29 16:24:00,1,34.16,671,1,2,1,121,Lost Customers,Mainstream,Social Media
CUST105354,2025-11-02 06:55:00,9,2439.86426,59,4,5,5,455,Champions,Mainstream,Direct
CUST105355,2024-11-23 18:43:00,1,395.7537,403,2,2,3,223,Lost Customers,Mainstream,Social Media
CUST105356,2024-11-14 20:35:00,1,58.14,412,2,2,1,221,Lost Customers,Budget,Social Media
CUST105357,2024-12-13 12:19:00,1,508.1110800000001,383,2,2,3,223,Lost Customers,Mainstream,Paid Search
CUST105358,2024-03-06 11:49:00,1,71.0721,665,1,2,1,121,Lost Customers,Mainstream,Affiliate
CUST105359,2025-09-02 04:51:00,7,1082.20749,120,4,5,5,455,Champions,Mainstream,Email
CUST105361,2025-11-11 13:58:00,5,340.20932,50,5,5,3,553,Loyal Customers,Mainstream,Referral
CUST105362,2024-02-14 09:33:00,2,731.91618,686,1,3,4,134,Others,Mainstream,Paid Search
CUST105363,2025-07-08 03:17:00,1,150.99,176,3,2,1,321,Others,Budget,Direct
CUST105365,2025-06-08 16:17:00,2,129.54348,206,3,3,1,331,At Risk,Mainstream,Direct
CUST105366,2025-11-22 22:37:00,6,947.03,39,5,5,4,554,Champions,Premium,Email
CUST105368,2025-06-06 18:01:00,1,316.72,208,3,2,3,323,Others,Mainstream,Referral
CUST105370,2025-08-03 03:53:00,3,201.26,150,4,4,2,442,Loyal Customers,Mainstream,Paid Search
CUST105372,2023-11-29 06:21:00,1,195.26691,763,1,2,2,122,Lost Customers,Mainstream,Social Media
CUST105373,2024-06-07 11:22:00,1,322.89652,572,2,2,3,223,Lost Customers,Mainstream,Direct
CUST105374,2024-12-05 02:50:00,3,591.6716,391,2,4,4,244,Loyal Customers,Budget,Direct
CUST105375,2025-10-28 02:54:00,2,628.25442,64,4,3,4,434,Potential Loyalists,Premium,Paid Search
CUST105376,2023-09-05 13:30:00,2,506.01763,848,1,3,3,133,Others,Premium,Paid Search
CUST105377,2025-09-09 03:13:00,2,262.64913,113,4,3,2,432,Potential Loyalists,Budget,Paid Search
CUST105378,2024-08-13 23:09:00,2,309.06,504,2,3,3,233,At Risk,Budget,Referral
CUST105379,2025-11-23 04:35:00,2,290.39,38,5,3,2,532,Potential Loyalists,Mainstream,Direct
CUST105381,2023-06-01 17:12:00,2,465.23,944,1,3,3,133,Others,Premium,Direct
CUST105382,2025-11-21 02:18:00,9,2138.45069,40,5,5,5,555,Champions,Premium,Social Media
CUST105383,2024-09-06 14:14:00,2,571.03,481,2,3,4,234,At Risk,Mainstream,Social Media
CUST105384,2023-05-16 09:11:00,1,342.5,960,1,2,3,123,Lost Customers,Premium,Affiliate
CUST105387,2025-09-08 09:13:00,1,148.88007999999996,114,4,2,1,421,Potential Loyalists,Mainstream,Organic Search
CUST105388,2025-10-15 23:40:00,6,1043.69,76,4,5,5,455,Champions,Mainstream,Paid Search
CUST105389,2025-11-24 08:04:00,9,1365.20827,37,5,5,5,555,Champions,Mainstream,Email
CUST105390,2025-05-15 11:47:00,5,697.18328,230,3,5,4,354,Loyal Customers,Mainstream,Organic Search
CUST105391,2025-10-19 11:21:00,3,348.26,73,4,4,3,443,Loyal Customers,Premium,Social Media
CUST105392,2024-11-10 10:28:00,3,277.75,416,2,4,2,242,Loyal Customers,Budget,Paid Search
CUST105394,2025-08-17 23:11:00,9,1983.80253,135,4,5,5,455,Champions,Mainstream,Paid Search
CUST105395,2023-09-01 19:50:00,2,1331.6100000000001,852,1,3,5,135,Others,Mainstream,Direct
CUST105396,2025-07-08 03:27:00,3,429.58,176,3,4,3,343,Loyal Customers,Budget,Social Media
CUST105397,2025-09-17 19:42:00,3,829.4599999999999,105,4,4,4,444,Champions,Mainstream,Referral
CUST105398,2023-02-14 12:08:00,1,235.67000000000002,1051,1,2,2,122,Lost Customers,Premium,Social Media
CUST105399,2024-11-27 10:27:00,1,64.08,399,2,2,1,221,Lost Customers,Premium,Paid Search
CUST105401,2024-12-22 05:57:00,1,432.02,374,2,2,3,223,Lost Customers,Mainstream,Paid Search
CUST105402,2024-06-23 12:22:00,5,677.17578,556,2,5,4,254,Loyal Customers,Premium,Organic Search
CUST105403,2025-03-30 02:51:00,5,1010.4798499999999,276,3,5,4,354,Loyal Customers,Budget,Social Media
CUST105406,2025-04-13 21:39:00,3,766.80781,262,3,4,4,344,Loyal Customers,Premium,Paid Search
CUST105408,2025-10-10 02:39:00,3,1035.9,82,4,4,5,445,Champions,Premium,Social Media
CUST105409,2025-12-01 10:51:00,5,797.4006400000001,30,5,5,4,554,Champions,Mainstream,Referral
CUST105410,2025-02-05 14:31:00,1,244.27702,329,3,2,2,322,Others,Budget,Affiliate
CUST105413,2025-06-19 09:05:00,1,132.2,195,3,2,1,321,Others,Mainstream,Referral
CUST105414,2025-11-20 11:24:00,1,205.02,41,5,2,2,522,Potential Loyalists,Mainstream,Social Media
CUST105415,2023-11-21 04:35:00,2,193.69705,771,1,3,2,132,Others,Mainstream,Direct
CUST105417,2025-07-28 16:06:00,7,1620.17,156,4,5,5,455,Champions,Mainstream,Affiliate
CUST105420,2024-12-21 08:45:00,3,858.9339200000001,375,2,4,4,244,Loyal Customers,Premium,Organic Search
CUST105422,2025-01-12 23:23:00,6,1392.5225,352,2,5,5,255,Loyal Customers,Budget,Affiliate
CUST105425,2024-09-09 16:49:00,2,97.5993,478,2,3,1,231,At Risk,Premium,Paid Search
CUST105426,2024-04-02 19:12:00,1,114.95777,638,1,2,1,121,Lost Customers,Budget,Paid Search
CUST105428,2025-02-17 17:03:00,2,310.86037,317,3,3,3,333,At Risk,Budget,Social Media
CUST105429,2025-09-02 03:38:00,1,35.66,120,4,2,1,421,Potential Loyalists,Mainstream,Paid Search
CUST105430,2025-09-22 11:47:00,1,524.40588,100,4,2,3,423,Potential Loyalists,Mainstream,Referral
CUST105431,2025-08-08 11:48:00,11,1955.39791,145,4,5,5,455,Champions,Mainstream,Email
CUST105433,2024-12-02 06:39:00,2,200.42072000000002,394,2,3,2,232,At Risk,Mainstream,Paid Search
CUST105434,2023-07-04 13:56:00,2,565.31742,911,1,3,4,134,Others,Budget,Organic Search
CUST105435,2025-06-05 05:35:00,2,249.11389999999997,209,3,3,2,332,At Risk,Mainstream,Email
CUST105436,2025-08-22 00:59:00,10,1774.98724,131,4,5,5,455,Champions,Budget,Direct
CUST105437,2025-03-30 07:21:00,5,883.61475,276,3,5,4,354,Loyal Customers,Mainstream,Social Media
CUST105438,2024-02-07 10:56:00,1,239.94,693,1,2,2,122,Lost Customers,Mainstream,Paid Search
CUST105439,2023-05-05 06:42:00,1,276.23,971,1,2,2,122,Lost Customers,Premium,Direct
CUST105440,2025-08-16 15:05:00,1,223.05255000000002,137,4,2,2,422,Potential Loyalists,Mainstream,Paid Search
CUST105441,2025-03-14 14:49:00,3,367.22912,292,3,4,3,343,Loyal Customers,Mainstream,Email
CUST105442,2024-09-15 22:56:00,1,177.07,472,2,2,2,222,Lost Customers,Premium,Organic Search
CUST105444,2025-07-18 23:04:00,2,142.78,166,3,3,1,331,At Risk,Mainstream,Email
CUST105445,2024-11-13 16:28:00,2,754.0892000000001,413,2,3,4,234,At Risk,Mainstream,Paid Search
CUST105446,2025-10-02 04:40:00,15,3509.07228,90,4,5,5,455,Champions,Budget,Organic Search
CUST105447,2024-03-09 19:28:00,1,60.63,662,1,2,1,121,Lost Customers,Mainstream,Paid Search
CUST105449,2025-12-17 23:58:00,1,71.76,13,5,2,1,521,Potential Loyalists,Premium,Organic Search
CUST105450,2025-09-06 05:31:00,6,653.30785,116,4,5,4,454,Champions,Budget,Social Media
CUST105453,2025-05-28 21:33:00,7,903.1610000000001,217,3,5,4,354,Loyal Customers,Premium,Social Media
CUST105454,2025-11-17 17:07:00,7,1793.96866,44,5,5,5,555,Champions,Mainstream,Direct
CUST105455,2025-02-09 22:03:00,2,465.20000000000005,325,3,3,3,333,At Risk,Budget,Social Media
CUST105458,2025-12-02 17:49:00,1,256.33689,29,5,2,2,522,Potential Loyalists,Mainstream,Email
CUST105459,2023-08-07 10:00:00,1,150.9,877,1,2,1,121,Lost Customers,Budget,Social Media
CUST105461,2023-09-23 03:25:00,2,386.78,830,1,3,3,133,Others,Mainstream,Paid Search
CUST105462,2023-03-20 18:30:00,1,723.25,1017,1,2,4,124,Lost Customers,Budget,Paid Search
CUST105463,2025-08-13 12:49:00,1,46.51,140,4,2,1,421,Potential Loyalists,Mainstream,Social Media
CUST105464,2023-10-23 22:55:00,1,123.74334,800,1,2,1,121,Lost Customers,Budget,Paid Search
CUST105465,2024-12-25 19:06:00,2,400.83432,371,2,3,3,233,At Risk,Mainstream,Paid Search
CUST105466,2025-06-17 05:52:00,4,413.56516000000005,197,3,4,3,343,Loyal Customers,Premium,Paid Search
CUST105468,2025-05-02 05:21:00,10,1839.0634,243,3,5,5,355,Loyal Customers,Budget,Social Media
CUST105469,2025-05-25 17:16:00,4,792.361,220,3,4,4,344,Loyal Customers,Mainstream,Direct
CUST105470,2023-07-27 21:54:00,1,118.79,888,1,2,1,121,Lost Customers,Budget,Organic Search
CUST105471,2025-10-26 13:44:00,7,1145.98638,66,4,5,5,455,Champions,Mainstream,Email
CUST105472,2024-10-16 05:09:00,1,279.33822000000004,441,2,2,2,222,Lost Customers,Budget,Paid Search
CUST105473,2025-11-20 13:26:00,1,273.07,41,5,2,2,522,Potential Loyalists,Premium,Paid Search
CUST105475,2025-12-18 01:38:00,2,452.98990000000003,13,5,3,3,533,Potential Loyalists,Premium,Paid Search
CUST105477,2025-07-08 21:39:00,1,66.91,176,3,2,1,321,Others,Mainstream,Email
CUST105479,2025-02-02 05:50:00,1,148.98,332,3,2,1,321,Others,Mainstream,Social Media
CUST105480,2023-11-23 20:27:00,4,487.948,769,1,4,3,143,Loyal Customers,Mainstream,Direct
CUST105483,2025-04-09 12:58:00,2,370.9905,266,3,3,3,333,At Risk,Budget,Paid Search
CUST105484,2025-06-09 23:17:00,3,523.6800000000001,204,3,4,3,343,Loyal Customers,Premium,Social Media
CUST105485,2025-10-03 14:42:00,1,167.43,89,4,2,2,422,Potential Loyalists,Budget,Affiliate
CUST105487,2024-11-01 20:25:00,1,493.45000000000005,425,2,2,3,223,Lost Customers,Budget,Direct
CUST105488,2025-11-30 15:40:00,1,67.818,31,5,2,1,521,Potential Loyalists,Mainstream,Social Media
CUST105489,2024-06-05 10:09:00,3,422.00584,574,2,4,3,243,Loyal Customers,Mainstream,Direct
CUST105490,2024-05-11 10:12:00,1,199.68,599,2,2,2,222,Lost Customers,Mainstream,Paid Search
CUST105491,2025-09-25 07:13:00,10,1687.8848699999999,97,4,5,5,455,Champions,Premium,Social Media
CUST105495,2025-05-13 05:02:00,2,264.17,232,3,3,2,332,At Risk,Budget,Referral
CUST105497,2024-02-26 14:35:00,1,298.71,674,1,2,2,122,Lost Customers,Mainstream,Referral
CUST105498,2024-12-02 10:52:00,5,648.4619700000001,394,2,5,4,254,Loyal Customers,Mainstream,Referral
CUST105499,2025-05-17 02:32:00,6,1188.51726,228,3,5,5,355,Loyal Customers,Budget,Social Media
CUST105500,2025-11-04 22:00:00,2,638.65,57,4,3,4,434,Potential Loyalists,Premium,Organic Search
CUST105501,2025-12-02 00:34:00,1,60.63,29,5,2,1,521,Potential Loyalists,Mainstream,Referral
CUST105503,2023-01-20 16:31:00,1,126.87,1076,1,2,1,121,Lost Customers,Budget,Paid Search
CUST105504,2025-08-09 10:07:00,4,935.6300100000001,144,4,4,4,444,Champions,Mainstream,Social Media
CUST105505,2024-12-21 21:07:00,5,1050.1116,375,2,5,5,255,Loyal Customers,Budget,Paid Search
CUST105506,2025-12-12 04:49:00,11,2195.36,19,5,5,5,555,Champions,Mainstream,Referral
CUST105507,2024-12-12 06:36:00,3,584.51144,384,2,4,4,244,Loyal Customers,Premium,Organic Search
CUST105508,2024-07-20 14:34:00,1,31.62,529,2,2,1,221,Lost Customers,Mainstream,Email
CUST105509,2024-08-24 14:56:00,2,181.24422999999996,494,2,3,2,232,At Risk,Mainstream,Referral
CUST105510,2025-12-10 15:26:00,18,2516.03595,21,5,5,5,555,Champions,Mainstream,Affiliate
CUST105511,2024-11-22 21:43:00,1,207.38,404,2,2,2,222,Lost Customers,Mainstream,Social Media
CUST105512,2025-11-21 14:32:00,2,272.79151,40,5,3,2,532,Potential Loyalists,Budget,Direct
CUST105514,2024-12-23 04:31:00,2,337.40999999999997,373,2,3,3,233,At Risk,Premium,Paid Search
CUST105517,2025-07-28 20:26:00,7,1769.70061,156,4,5,5,455,Champions,Premium,Paid Search
CUST105518,2024-02-20 11:59:00,1,139.70742,680,1,2,1,121,Lost Customers,Mainstream,Social Media
CUST105519,2025-07-24 07:15:00,1,304.73364,160,4,2,2,422,Potential Loyalists,Mainstream,Paid Search
CUST105520,2025-08-30 08:14:00,4,1003.11852,123,4,4,4,444,Champions,Budget,Direct
CUST105521,2025-11-11 15:59:00,2,247.97192,50,5,3,2,532,Potential Loyalists,Budget,Organic Search
CUST105523,2025-12-27 21:18:00,8,1924.99445,4,5,5,5,555,Champions,Mainstream,Email
CUST105524,2024-11-01 00:01:00,1,710.0634,425,2,2,4,224,Lost Customers,Budget,Direct
CUST105525,2025-03-03 18:29:00,3,625.1660999999999,303,3,4,4,344,Loyal Customers,Mainstream,Affiliate
CUST105527,2024-03-26 20:56:00,2,1261.39,645,1,3,5,135,Others,Budget,Direct
CUST105529,2025-12-03 05:05:00,1,122.14812,28,5,2,1,521,Potential Loyalists,Mainstream,Social Media
CUST105530,2025-08-31 00:00:00,5,800.0445,122,4,5,4,454,Champions,Mainstream,Organic Search
CUST105531,2025-09-26 07:32:00,6,1277.4743,96,4,5,5,455,Champions,Mainstream,Affiliate
CUST105532,2025-12-09 22:39:00,1,56.65,22,5,2,1,521,Potential Loyalists,Mainstream,Paid Search
CUST105534,2025-11-02 09:14:00,5,1040.80362,59,4,5,5,455,Champions,Mainstream,Organic Search
CUST105535,2025-04-03 09:29:00,5,1049.57333,272,3,5,5,355,Loyal Customers,Mainstream,Direct
CUST105538,2025-01-26 05:03:00,1,89.0,339,3,2,1,321,Others,Mainstream,Affiliate
CUST105539,2025-11-29 22:50:00,7,1521.04054,32,5,5,5,555,Champions,Budget,Paid Search
CUST105540,2025-12-12 06:26:00,2,158.92000000000002,19,5,3,2,532,Potential Loyalists,Budget,Referral
CUST105541,2025-09-04 11:44:00,3,409.78259,118,4,4,3,443,Loyal Customers,Budget,Organic Search
CUST105542,2025-03-22 01:42:00,3,259.85617,284,3,4,2,342,Loyal Customers,Premium,Organic Search
CUST105544,2025-12-04 20:59:00,8,1510.82348,27,5,5,5,555,Champions,Premium,Email
CUST105545,2025-11-05 14:19:00,16,2406.87318,56,4,5,5,455,Champions,Mainstream,Organic Search
CUST105546,2025-12-14 11:09:00,18,2688.70231,17,5,5,5,555,Champions,Premium,Referral
CUST105547,2024-11-17 19:35:00,3,884.56,409,2,4,4,244,Loyal Customers,Mainstream,Referral
CUST105548,2025-04-18 22:05:00,1,172.34,257,3,2,2,322,Others,Mainstream,Organic Search
CUST105549,2025-09-23 11:44:00,3,404.84524,99,4,4,3,443,Loyal Customers,Budget,Paid Search
CUST105550,2024-10-19 14:18:00,1,89.0,438,2,2,1,221,Lost Customers,Mainstream,Paid Search
CUST105551,2025-12-01 07:57:00,4,1148.81869,30,5,4,5,545,Champions,Mainstream,Organic Search
CUST105552,2025-11-28 10:31:00,9,1226.73864,33,5,5,5,555,Champions,Budget,Affiliate
CUST105554,2025-11-22 08:24:00,9,1701.56284,39,5,5,5,555,Champions,Budget,Referral
CUST105556,2025-04-01 16:32:00,7,1380.41847,274,3,5,5,355,Loyal Customers,Mainstream,Organic Search
CUST105557,2025-09-13 05:03:00,2,314.15000000000003,109,4,3,3,433,Potential Loyalists,Mainstream,Social Media
CUST105558,2025-04-10 12:01:00,4,1148.80513,265,3,4,5,345,Loyal Customers,Premium,Direct
CUST105559,2025-08-11 14:13:00,7,1187.66198,142,4,5,5,455,Champions,Mainstream,Email
CUST105561,2025-12-21 22:03:00,8,985.3441200000001,10,5,5,4,554,Champions,Mainstream,Referral
CUST105562,2025-11-26 10:26:00,2,402.45032000000003,35,5,3,3,533,Potential Loyalists,Mainstream,Direct
CUST105563,2024-04-02 21:56:00,1,277.66999999999996,638,1,2,2,122,Lost Customers,Budget,Referral
CUST105564,2025-12-04 11:02:00,12,1998.33114,27,5,5,5,555,Champions,Mainstream,Referral
CUST105565,2024-12-14 07:44:00,6,1700.18005,382,2,5,5,255,Loyal Customers,Budget,Referral
CUST105566,2024-05-11 12:50:00,4,217.45,599,2,4,2,242,Loyal Customers,Mainstream,Email
CUST105567,2025-07-31 02:33:00,11,1430.59299,153,4,5,5,455,Champions,Budget,Organic Search
CUST105568,2025-12-03 07:43:00,2,293.32108,28,5,3,2,532,Potential Loyalists,Mainstream,Direct
CUST105569,2025-11-24 07:42:00,17,1643.93769,37,5,5,5,555,Champions,Premium,Paid Search
CUST105571,2025-04-25 09:49:00,6,1060.51286,250,3,5,5,355,Loyal Customers,Budget,Organic Search
CUST105573,2025-12-03 10:26:00,9,1825.08977,28,5,5,5,555,Champions,Mainstream,Direct
CUST105574,2025-08-23 02:59:00,16,1694.80294,130,4,5,5,455,Champions,Premium,Referral
CUST105575,2025-11-11 15:53:00,7,1601.16299,50,5,5,5,555,Champions,Mainstream,Paid Search
CUST105577,2025-11-06 21:24:00,1,300.61,55,4,2,2,422,Potential Loyalists,Premium,Paid Search
CUST105578,2025-11-25 20:45:00,1,65.771,36,5,2,1,521,Potential Loyalists,Budget,Paid Search
CUST105579,2025-12-20 11:46:00,7,1645.4124599999998,11,5,5,5,555,Champions,Budget,Social Media
CUST105580,2024-10-30 09:12:00,7,1475.1978,427,2,5,5,255,Loyal Customers,Budget,Affiliate
CUST105583,2025-12-09 22:25:00,2,498.0,22,5,3,3,533,Potential Loyalists,Budget,Referral
CUST105584,2023-07-09 01:22:00,1,138.56,906,1,2,1,121,Lost Customers,Budget,Organic Search
CUST105585,2025-08-21 16:43:00,4,766.6800000000001,132,4,4,4,444,Champions,Budget,Organic Search
CUST105586,2025-12-03 03:08:00,4,594.6342500000001,28,5,4,4,544,Champions,Premium,Email
CUST105588,2025-09-28 06:20:00,2,411.92,94,4,3,3,433,Potential Loyalists,Mainstream,Referral
CUST105589,2025-08-18 16:53:00,7,1451.55293,135,4,5,5,455,Champions,Mainstream,Paid Search
CUST105590,2025-12-22 16:49:00,10,2860.24039,9,5,5,5,555,Champions,Mainstream,Organic Search
CUST105591,2025-11-23 05:55:00,3,666.68,38,5,4,4,544,Champions,Budget,Paid Search
CUST105592,2023-09-29 02:42:00,2,330.55,824,1,3,3,133,Others,Premium,Referral
CUST105595,2023-04-02 16:00:00,2,200.32,1004,1,3,2,132,Others,Premium,Social Media
CUST105596,2024-09-21 04:40:00,1,89.0,466,2,2,1,221,Lost Customers,Budget,Paid Search
CUST105597,2025-04-30 04:17:00,2,303.21,245,3,3,2,332,At Risk,Budget,Organic Search
CUST105598,2025-05-06 04:34:00,1,190.13,239,3,2,2,322,Others,Premium,Referral
CUST105599,2024-09-06 20:46:00,1,229.12,481,2,2,2,222,Lost Customers,Mainstream,Organic Search
CUST105600,2023-05-27 10:43:00,1,16.493399999999998,949,1,2,1,121,Lost Customers,Mainstream,Social Media
CUST105601,2025-10-18 03:49:00,1,127.12,74,4,2,1,421,Potential Loyalists,Premium,Affiliate
CUST105602,2025-01-30 11:25:00,4,1274.24513,335,3,4,5,345,Loyal Customers,Premium,Paid Search
CUST105604,2025-09-21 13:34:00,2,427.34,101,4,3,3,433,Potential Loyalists,Budget,Email
CUST105605,2025-11-21 01:43:00,4,1286.1552,40,5,4,5,545,Champions,Premium,Social Media
CUST105608,2024-12-04 04:26:00,1,38.03287,392,2,2,1,221,Lost Customers,Budget,Direct
CUST105610,2024-12-13 23:50:00,1,83.393,382,2,2,1,221,Lost Customers,Budget,Organic Search
CUST105611,2025-08-17 08:51:00,3,362.27,136,4,4,3,443,Loyal Customers,Premium,Social Media
CUST105615,2025-11-28 15:33:00,20,2767.25099,33,5,5,5,555,Champions,Mainstream,Organic Search
CUST105616,2025-11-26 03:09:00,5,1094.4195,35,5,5,5,555,Champions,Mainstream,Social Media
CUST105617,2024-12-25 08:45:00,1,271.47,371,2,2,2,222,Lost Customers,Premium,Paid Search
CUST105619,2024-03-15 09:31:00,2,425.55044,656,1,3,3,133,Others,Budget,Organic Search
CUST105621,2023-05-17 03:59:00,1,83.11,959,1,2,1,121,Lost Customers,Budget,Affiliate
CUST105623,2024-09-13 16:44:00,5,544.82118,474,2,5,3,253,Loyal Customers,Mainstream,Affiliate
CUST105627,2025-10-15 14:28:00,1,364.76664000000005,77,4,2,3,423,Potential Loyalists,Mainstream,Social Media
CUST105629,2023-08-22 02:14:00,2,491.9815,862,1,3,3,133,Others,Mainstream,Social Media
CUST105630,2023-11-20 09:45:00,2,1118.19365,772,1,3,5,135,Others,Mainstream,Direct
CUST105631,2024-05-22 16:27:00,1,111.37,588,2,2,1,221,Lost Customers,Budget,Direct
CUST105632,2025-12-19 00:52:00,7,1290.0029200000001,12,5,5,5,555,Champions,Budget,Social Media
CUST105634,2025-09-07 00:14:00,1,50.59,115,4,2,1,421,Potential Loyalists,Mainstream,Social Media
CUST105635,2023-11-30 09:08:00,3,490.36235999999997,762,1,4,3,143,Loyal Customers,Budget,Email
CUST105637,2025-01-29 20:34:00,2,243.85868,336,3,3,2,332,At Risk,Mainstream,Email
CUST105638,2025-12-25 14:37:00,5,1024.16892,6,5,5,5,555,Champions,Mainstream,Paid Search
CUST105639,2025-11-26 04:11:00,6,1136.62822,35,5,5,5,555,Champions,Premium,Affiliate
CUST105641,2024-11-27 10:46:00,4,763.8577700000001,399,2,4,4,244,Loyal Customers,Mainstream,Organic Search
CUST105644,2023-07-22 05:21:00,1,149.74,893,1,2,1,121,Lost Customers,Mainstream,Social Media
CUST105645,2023-08-31 01:44:00,1,66.51,853,1,2,1,121,Lost Customers,Budget,Paid Search
CUST105646,2025-11-25 18:56:00,3,339.68936,36,5,4,3,543,Loyal Customers,Premium,Paid Search
CUST105647,2025-12-23 03:13:00,4,1588.6269,8,5,4,5,545,Champions,Mainstream,Paid Search
CUST105648,2025-07-20 13:22:00,6,447.03072,164,3,5,3,353,Loyal Customers,Mainstream,Paid Search
CUST105649,2025-07-12 02:45:00,4,707.6800000000001,172,3,4,4,344,Loyal Customers,Mainstream,Affiliate
CUST105650,2024-10-24 03:59:00,1,1109.78,433,2,2,5,225,Lost Customers,Premium,Social Media
CUST105651,2025-12-21 15:15:00,3,505.41,10,5,4,3,543,Loyal Customers,Budget,Paid Search
CUST105652,2025-12-05 01:36:00,4,431.86245,26,5,4,3,543,Loyal Customers,Mainstream,Social Media
CUST105653,2025-02-27 03:08:00,2,363.18,307,3,3,3,333,At Risk,Budget,Email
CUST105654,2025-05-27 06:05:00,2,358.5864,218,3,3,3,333,At Risk,Budget,Social Media
CUST105655,2024-03-07 10:11:00,2,370.5375,664,1,3,3,133,Others,Budget,Organic Search
CUST105657,2025-06-30 21:24:00,2,1039.04488,184,3,3,5,335,At Risk,Budget,Paid Search
CUST105658,2025-09-22 06:41:00,2,206.9,100,4,3,2,432,Potential Loyalists,Mainstream,Paid Search
CUST105659,2025-02-08 15:20:00,5,769.46512,326,3,5,4,354,Loyal Customers,Mainstream,Affiliate
CUST105660,2024-11-17 21:45:00,1,220.05,409,2,2,2,222,Lost Customers,Premium,Organic Search
CUST105661,2023-12-10 04:43:00,1,340.50333,752,1,2,3,123,Lost Customers,Mainstream,Paid Search
CUST105662,2025-08-09 13:26:00,4,1680.4913800000002,144,4,4,5,445,Champions,Premium,Paid Search
CUST105664,2025-01-04 11:59:00,1,104.42292,361,2,2,1,221,Lost Customers,Premium,Paid Search
CUST105666,2025-09-13 20:48:00,2,251.51,109,4,3,2,432,Potential Loyalists,Budget,Organic Search
CUST105667,2025-12-26 10:20:00,3,2219.72,5,5,4,5,545,Champions,Mainstream,Organic Search
CUST105669,2025-01-04 21:03:00,4,620.3376000000001,361,2,4,4,244,Loyal Customers,Premium,Paid Search
CUST105670,2023-05-23 21:04:00,1,78.58,953,1,2,1,121,Lost Customers,Mainstream,Social Media
CUST105671,2025-11-19 02:58:00,1,129.96,42,5,2,1,521,Potential Loyalists,Premium,Paid Search
CUST105672,2025-12-05 20:22:00,1,171.35967,26,5,2,2,522,Potential Loyalists,Mainstream,Affiliate
CUST105673,2025-11-03 11:23:00,7,1053.64064,58,4,5,5,455,Champions,Premium,Email
CUST105674,2023-01-15 10:18:00,1,264.17,1081,1,2,2,122,Lost Customers,Budget,Paid Search
CUST105675,2023-01-04 15:23:00,1,162.48000000000002,1092,1,2,2,122,Lost Customers,Mainstream,Paid Search
CUST105676,2023-06-20 23:46:00,1,185.55,924,1,2,2,122,Lost Customers,Premium,Referral
CUST105677,2025-10-12 03:48:00,8,796.96,80,4,5,4,454,Champions,Mainstream,Referral
CUST105679,2025-12-09 02:02:00,8,2290.54408,22,5,5,5,555,Champions,Mainstream,Paid Search
CUST105680,2025-12-02 23:03:00,1,72.2535,29,5,2,1,521,Potential Loyalists,Premium,Social Media
CUST105681,2024-07-28 19:09:00,1,253.1,521,2,2,2,222,Lost Customers,Mainstream,Organic Search
CUST105682,2025-01-10 03:43:00,2,65.06652,355,2,3,1,231,At Risk,Premium,Paid Search
CUST105683,2024-11-20 18:16:00,3,336.11929,406,2,4,3,243,Loyal Customers,Mainstream,Organic Search
CUST105684,2025-07-24 13:03:00,4,635.27844,160,4,4,4,444,Champions,Mainstream,Referral
CUST105685,2024-05-19 22:28:00,2,351.99,591,2,3,3,233,At Risk,Mainstream,Organic Search
CUST105686,2024-09-17 03:00:00,3,356.95439999999996,470,2,4,3,243,Loyal Customers,Mainstream,Paid Search
CUST105687,2025-07-25 10:53:00,4,691.64532,159,4,4,4,444,Champions,Mainstream,Paid Search
CUST105688,2024-11-22 03:45:00,1,64.71,404,2,2,1,221,Lost Customers,Budget,Social Media
CUST105689,2025-12-05 01:54:00,4,528.45245,26,5,4,3,543,Loyal Customers,Mainstream,Social Media
CUST105690,2025-12-08 09:43:00,3,263.69265,23,5,4,2,542,Loyal Customers,Mainstream,Email
CUST105691,2024-07-03 12:26:00,2,563.86,546,2,3,4,234,At Risk,Budget,Social Media
CUST105693,2023-10-26 18:39:00,1,77.58,797,1,2,1,121,Lost Customers,Mainstream,Social Media
CUST105695,2023-10-15 08:54:00,2,398.84000000000003,808,1,3,3,133,Others,Premium,Direct
CUST105696,2023-09-16 07:42:00,1,190.18,837,1,2,2,122,Lost Customers,Mainstream,Organic Search
CUST105697,2024-10-05 04:07:00,5,638.18686,452,2,5,4,254,Loyal Customers,Premium,Email
CUST105698,2025-09-15 13:04:00,6,719.73806,107,4,5,4,454,Champions,Mainstream,Paid Search
CUST105699,2025-12-09 10:56:00,20,3269.25611,22,5,5,5,555,Champions,Mainstream,Paid Search
CUST105700,2025-02-12 17:15:00,7,1104.77041,322,3,5,5,355,Loyal Customers,Mainstream,Organic Search
CUST105701,2025-09-01 05:10:00,2,274.62,121,4,3,2,432,Potential Loyalists,Budget,Referral
CUST105702,2025-12-03 22:08:00,6,924.09136,28,5,5,4,554,Champions,Premium,Affiliate
CUST105703,2025-09-27 06:59:00,19,2898.5416,95,4,5,5,455,Champions,Mainstream,Email
CUST105704,2024-10-07 14:20:00,2,327.83842,450,2,3,3,233,At Risk,Budget,Email
CUST105705,2025-12-29 22:17:00,17,3342.39484,2,5,5,5,555,Champions,Mainstream,Paid Search
CUST105712,2025-12-12 16:55:00,9,1626.48976,19,5,5,5,555,Champions,Mainstream,Paid Search
CUST105713,2025-12-13 00:48:00,6,982.0298600000001,18,5,5,4,554,Champions,Premium,Paid Search
CUST105714,2025-07-30 18:44:00,2,803.89,154,4,3,4,434,Potential Loyalists,Premium,Email
CUST105715,2024-05-26 04:02:00,1,291.09704,584,2,2,2,222,Lost Customers,Premium,Referral
CUST105717,2025-11-26 22:23:00,1,89.0,35,5,2,1,521,Potential Loyalists,Mainstream,Social Media
CUST105718,2025-12-25 23:01:00,12,2981.96232,6,5,5,5,555,Champions,Premium,Social Media
CUST105719,2025-11-16 18:32:00,2,245.59002,45,5,3,2,532,Potential Loyalists,Budget,Paid Search
CUST105721,2025-11-03 20:52:00,3,687.33114,58,4,4,4,444,Champions,Premium,Email
CUST105722,2025-04-01 11:46:00,2,555.44,274,3,3,4,334,At Risk,Budget,Direct
CUST105723,2025-07-18 07:49:00,3,434.19,166,3,4,3,343,Loyal Customers,Mainstream,Organic Search
CUST105724,2025-04-18 09:33:00,1,172.34,257,3,2,2,322,Others,Budget,Email
CUST105726,2025-03-30 03:45:00,2,665.1271,276,3,3,4,334,At Risk,Premium,Email
CUST105727,2024-07-28 19:08:00,3,565.88,521,2,4,4,244,Loyal Customers,Budget,Referral
CUST105728,2024-09-02 21:53:00,3,714.87,485,2,4,4,244,Loyal Customers,Mainstream,Social Media
CUST105730,2025-07-29 00:42:00,3,198.17065,155,4,4,2,442,Loyal Customers,Mainstream,Direct
CUST105731,2025-12-19 13:04:00,10,2014.5497,12,5,5,5,555,Champions,Mainstream,Email
CUST105732,2025-08-05 19:09:00,3,536.6560000000001,148,4,4,3,443,Loyal Customers,Mainstream,Email
CUST105733,2025-10-13 19:23:00,4,451.55917,79,4,4,3,443,Loyal Customers,Mainstream,Social Media
CUST105734,2024-12-18 02:44:00,2,94.25515,378,2,3,1,231,At Risk,Mainstream,Paid Search
CUST105736,2024-07-31 15:46:00,1,71.76,518,2,2,1,221,Lost Customers,Mainstream,Social Media
CUST105737,2024-08-07 15:02:00,4,476.67894,511,2,4,3,243,Loyal Customers,Premium,Organic Search
CUST105740,2025-04-03 14:08:00,5,1016.85474,272,3,5,4,354,Loyal Customers,Premium,Social Media
CUST105741,2024-08-17 09:21:00,5,1140.9219199999998,501,2,5,5,255,Loyal Customers,Premium,Email
CUST105742,2023-06-07 11:22:00,1,219.36987,938,1,2,2,122,Lost Customers,Premium,Paid Search
CUST105743,2025-09-24 08:44:00,2,151.87158,98,4,3,2,432,Potential Loyalists,Premium,Social Media
CUST105744,2024-03-06 18:54:00,3,769.1708,665,1,4,4,144,Loyal Customers,Premium,Paid Search
CUST105745,2024-08-22 09:20:00,1,100.61588,496,2,2,1,221,Lost Customers,Budget,Referral
CUST105746,2025-12-14 17:05:00,3,1046.28,17,5,4,5,545,Champions,Mainstream,Social Media
CUST105747,2025-11-05 13:21:00,1,120.57,56,4,2,1,421,Potential Loyalists,Premium,Social Media
CUST105748,2023-08-27 20:18:00,1,46.51,857,1,2,1,121,Lost Customers,Mainstream,Affiliate
CUST105749,2023-11-28 21:06:00,1,166.22,764,1,2,2,122,Lost Customers,Mainstream,Organic Search
CUST105750,2024-08-23 08:49:00,2,104.05152000000001,495,2,3,1,231,At Risk,Mainstream,Social Media
CUST105751,2025-11-30 09:26:00,1,35.15,31,5,2,1,521,Potential Loyalists,Budget,Referral
CUST105752,2025-01-23 22:22:00,2,161.12424,342,3,3,2,332,At Risk,Premium,Social Media
CUST105753,2025-10-09 18:18:00,1,88.95,83,4,2,1,421,Potential Loyalists,Mainstream,Email
CUST105755,2024-05-27 00:40:00,1,178.04,583,2,2,2,222,Lost Customers,Budget,Email
CUST105756,2025-10-15 04:42:00,1,17.08,77,4,2,1,421,Potential Loyalists,Premium,Paid Search
CUST105757,2025-12-21 20:24:00,21,3739.44566,10,5,5,5,555,Champions,Budget,Paid Search
CUST105758,2024-10-31 13:59:00,4,739.94,426,2,4,4,244,Loyal Customers,Premium,Direct
CUST105759,2023-02-19 07:46:00,1,280.45000000000005,1046,1,2,2,122,Lost Customers,Budget,Paid Search
CUST105760,2023-12-03 10:31:00,1,150.82,759,1,2,1,121,Lost Customers,Premium,Social Media
CUST105763,2024-09-14 11:25:00,2,546.78375,473,2,3,3,233,At Risk,Mainstream,Paid Search
CUST105764,2025-08-14 22:52:00,2,564.33948,139,4,3,4,434,Potential Loyalists,Budget,Referral
CUST105766,2025-10-19 08:41:00,2,230.03,73,4,3,2,432,Potential Loyalists,Mainstream,Direct
CUST105767,2023-11-29 15:10:00,1,270.34394,763,1,2,2,122,Lost Customers,Mainstream,Social Media
CUST105769,2024-09-10 14:03:00,2,199.87,477,2,3,2,232,At Risk,Budget,Paid Search
CUST105771,2024-03-31 22:34:00,1,90.24658000000001,640,1,2,1,121,Lost Customers,Mainstream,Organic Search
CUST105772,2025-12-16 21:53:00,6,510.3516000000001,15,5,5,3,553,Loyal Customers,Mainstream,Referral
CUST105773,2025-05-08 04:44:00,3,396.42724000000004,237,3,4,3,343,Loyal Customers,Mainstream,Social Media
CUST105774,2024-07-26 15:48:00,1,105.84,523,2,2,1,221,Lost Customers,Mainstream,Direct
CUST105775,2025-11-16 09:43:00,8,1719.12293,45,5,5,5,555,Champions,Mainstream,Paid Search
CUST105776,2025-12-25 20:25:00,1,558.03,6,5,2,4,524,Potential Loyalists,Budget,Organic Search
CUST105779,2024-10-27 18:14:00,3,873.16,430,2,4,4,244,Loyal Customers,Mainstream,Social Media
CUST105780,2025-12-11 17:57:00,3,543.49303,20,5,4,3,543,Loyal Customers,Mainstream,Organic Search
CUST105781,2025-11-29 01:26:00,1,281.08,32,5,2,2,522,Potential Loyalists,Mainstream,Paid Search
CUST105782,2025-09-28 01:22:00,6,634.04272,94,4,5,4,454,Champions,Mainstream,Email
CUST105783,2025-05-11 02:41:00,5,513.08829,234,3,5,3,353,Loyal Customers,Mainstream,Direct
CUST105785,2025-07-07 21:43:00,2,473.34,177,3,3,3,333,At Risk,Budget,Email
CUST105786,2024-08-30 03:56:00,6,1475.5,488,2,5,5,255,Loyal Customers,Premium,Email
CUST105788,2024-02-15 01:22:00,1,223.07,685,1,2,2,122,Lost Customers,Premium,Referral
CUST105789,2025-12-06 11:15:00,5,791.2169700000001,25,5,5,4,554,Champions,Budget,Paid Search
CUST105791,2025-12-12 11:10:00,14,2648.23897,19,5,5,5,555,Champions,Premium,Direct
CUST105792,2025-09-08 08:46:00,2,450.43,114,4,3,3,433,Potential Loyalists,Mainstream,Direct
CUST105794,2025-02-25 10:15:00,1,35.04,309,3,2,1,321,Others,Premium,Organic Search
CUST105795,2025-12-19 16:36:00,14,1993.6790799999999,12,5,5,5,555,Champions,Premium,Referral
CUST105796,2023-12-02 05:47:00,1,136.08042,760,1,2,1,121,Lost Customers,Mainstream,Organic Search
CUST105798,2025-11-08 19:30:00,11,2436.02589,53,4,5,5,455,Champions,Mainstream,Social Media
CUST105799,2025-12-08 10:24:00,5,832.48179,23,5,5,4,554,Champions,Mainstream,Social Media
CUST105802,2025-09-04 19:53:00,4,646.83582,118,4,4,4,444,Champions,Budget,Email
CUST105804,2025-05-28 03:37:00,2,419.78,217,3,3,3,333,At Risk,Premium,Organic Search
CUST105806,2023-07-03 07:47:00,1,320.31222,912,1,2,3,123,Lost Customers,Budget,Affiliate
CUST105807,2023-03-30 11:39:00,1,168.41,1007,1,2,2,122,Lost Customers,Premium,Direct
CUST105808,2025-03-17 06:23:00,3,514.71,289,3,4,3,343,Loyal Customers,Mainstream,Paid Search
CUST105809,2025-10-30 20:02:00,4,578.98,62,4,4,4,444,Champions,Premium,Social Media
CUST105810,2025-10-26 16:45:00,3,539.3208000000001,66,4,4,3,443,Loyal Customers,Budget,Direct
CUST105813,2023-03-06 11:39:00,1,334.55,1031,1,2,3,123,Lost Customers,Budget,Social Media
CUST105814,2024-11-29 01:32:00,1,270.67906,397,2,2,2,222,Lost Customers,Budget,Email
CUST105815,2023-11-26 00:15:00,2,593.531,766,1,3,4,134,Others,Mainstream,Paid Search
CUST105816,2024-08-23 05:20:00,2,129.7925,495,2,3,1,231,At Risk,Mainstream,Organic Search
CUST105817,2023-12-30 18:16:00,1,156.64,732,1,2,2,122,Lost Customers,Budget,Organic Search
CUST105818,2024-03-28 05:27:00,3,766.9949399999999,643,1,4,4,144,Loyal Customers,Premium,Organic Search
CUST105819,2025-09-25 00:12:00,2,225.93465,97,4,3,2,432,Potential Loyalists,Premium,Paid Search
CUST105821,2023-04-17 17:05:00,1,237.58,989,1,2,2,122,Lost Customers,Premium,Social Media
CUST105822,2024-11-25 16:07:00,2,318.48702,401,2,3,3,233,At Risk,Mainstream,Paid Search
CUST105823,2025-05-31 01:59:00,1,198.37955999999997,214,3,2,2,322,Others,Mainstream,Organic Search
CUST105824,2025-11-20 12:41:00,5,903.49,41,5,5,4,554,Champions,Mainstream,Paid Search
CUST105825,2025-02-28 06:30:00,3,431.34,306,3,4,3,343,Loyal Customers,Mainstream,Affiliate
CUST105826,2024-06-29 03:07:00,2,170.54000000000002,550,2,3,2,232,At Risk,Budget,Paid Search
CUST105827,2024-10-07 15:03:00,1,74.2,450,2,2,1,221,Lost Customers,Mainstream,Email
CUST105829,2023-06-22 01:59:00,2,143.90144,923,1,3,1,131,Others,Budget,Organic Search
CUST105830,2024-07-27 18:30:00,1,73.03,522,2,2,1,221,Lost Customers,Mainstream,Direct
CUST105831,2023-02-03 17:49:00,1,159.48,1062,1,2,2,122,Lost Customers,Budget,Email
CUST105832,2025-01-15 00:42:00,3,405.5255,350,2,4,3,243,Loyal Customers,Mainstream,Email
CUST105834,2025-02-20 12:30:00,3,329.91875,314,3,4,3,343,Loyal Customers,Budget,Organic Search
CUST105836,2024-05-09 11:23:00,1,75.45296,601,2,2,1,221,Lost Customers,Budget,Social Media
CUST105837,2025-09-10 14:43:00,3,169.451,112,4,4,2,442,Loyal Customers,Mainstream,Affiliate
CUST105838,2024-02-17 11:49:00,1,229.56,683,1,2,2,122,Lost Customers,Budget,Organic Search
CUST105839,2024-03-03 03:22:00,4,969.27,668,1,4,4,144,Loyal Customers,Budget,Organic Search
CUST105840,2023-03-07 06:58:00,1,84.18,1030,1,2,1,121,Lost Customers,Premium,Paid Search
CUST105841,2023-12-30 04:24:00,1,371.1,732,1,2,3,123,Lost Customers,Premium,Organic Search
CUST105842,2025-12-19 09:39:00,6,1180.71719,12,5,5,5,555,Champions,Mainstream,Paid Search
CUST105843,2024-02-20 07:13:00,2,324.91999999999996,680,1,3,3,133,Others,Budget,Organic Search
CUST105844,2025-12-14 22:18:00,16,3036.71438,17,5,5,5,555,Champions,Mainstream,Affiliate
CUST105845,2024-04-30 06:18:00,1,211.23505,610,2,2,2,222,Lost Customers,Budget,Social Media
CUST105846,2025-10-08 23:25:00,2,429.71,83,4,3,3,433,Potential Loyalists,Premium,Paid Search
CUST105847,2025-03-09 04:52:00,2,737.1500000000001,297,3,3,4,334,At Risk,Budget,Organic Search
CUST105849,2025-05-04 16:03:00,1,89.0,241,3,2,1,321,Others,Budget,Paid Search
CUST105850,2023-06-06 08:20:00,1,27.72,939,1,2,1,121,Lost Customers,Budget,Direct
CUST105851,2025-06-24 20:27:00,2,294.09972,190,3,3,2,332,At Risk,Premium,Social Media
CUST105852,2024-11-30 01:37:00,1,52.95,396,2,2,1,221,Lost Customers,Mainstream,Social Media
CUST105853,2025-11-12 02:03:00,2,797.86,49,5,3,4,534,Potential Loyalists,Budget,Email
CUST105854,2025-11-18 07:15:00,1,418.77,43,5,2,3,523,Potential Loyalists,Budget,Paid Search
CUST105857,2025-09-04 20:47:00,11,3316.5811400000002,118,4,5,5,455,Champions,Mainstream,Paid Search
CUST105858,2024-02-21 22:26:00,1,79.75,679,1,2,1,121,Lost Customers,Budget,Paid Search
CUST105859,2024-03-25 15:15:00,2,609.95923,646,1,3,4,134,Others,Mainstream,Affiliate
CUST105861,2025-01-18 09:17:00,2,203.94964,347,3,3,2,332,At Risk,Premium,Paid Search
CUST105862,2025-11-27 11:15:00,18,3641.15791,34,5,5,5,555,Champions,Mainstream,Direct
CUST105863,2024-03-13 18:16:00,1,343.90999999999997,658,1,2,3,123,Lost Customers,Budget,Paid Search
CUST105864,2025-06-30 11:35:00,4,663.23385,184,3,4,4,344,Loyal Customers,Budget,Direct
CUST105865,2025-08-05 01:24:00,9,1347.20916,148,4,5,5,455,Champions,Premium,Organic Search
CUST105866,2023-11-18 03:44:00,3,647.4657,774,1,4,4,144,Loyal Customers,Budget,Social Media
CUST105867,2025-11-16 19:20:00,3,364.26239999999996,45,5,4,3,543,Loyal Customers,Budget,Email
CUST105868,2025-11-06 05:43:00,7,1343.68075,55,4,5,5,455,Champions,Mainstream,Paid Search
CUST105870,2024-12-17 12:44:00,1,198.5265,379,2,2,2,222,Lost Customers,Mainstream,Paid Search
CUST105871,2025-11-26 00:03:00,18,1970.22246,35,5,5,5,555,Champions,Mainstream,Affiliate
CUST105872,2025-06-20 01:54:00,6,728.59116,194,3,5,4,354,Loyal Customers,Budget,Paid Search
CUST105873,2025-12-29 00:35:00,7,1863.8523599999999,2,5,5,5,555,Champions,Mainstream,Paid Search
CUST105874,2023-10-16 09:49:00,2,233.26,807,1,3,2,132,Others,Premium,Paid Search
CUST105875,2023-03-19 05:23:00,1,214.45,1018,1,2,2,122,Lost Customers,Budget,Organic Search
CUST105876,2025-08-24 10:17:00,2,269.48,129,4,3,2,432,Potential Loyalists,Budget,Social Media
CUST105877,2025-12-06 19:24:00,34,6657.20293,25,5,5,5,555,Champions,Premium,Email
CUST105878,2023-10-29 23:52:00,1,70.40223999999999,793,1,2,1,121,Lost Customers,Budget,Direct
CUST105879,2025-11-30 17:55:00,3,497.43622,31,5,4,3,543,Loyal Customers,Mainstream,Social Media
CUST105881,2024-09-17 12:15:00,2,271.81277,470,2,3,2,232,At Risk,Mainstream,Organic Search
CUST105882,2025-04-25 02:35:00,3,820.89,250,3,4,4,344,Loyal Customers,Mainstream,Email
CUST105883,2025-03-23 09:07:00,3,313.71484,283,3,4,3,343,Loyal Customers,Mainstream,Direct
CUST105886,2025-01-20 16:40:00,2,427.47,345,3,3,3,333,At Risk,Mainstream,Organic Search
CUST105888,2025-02-23 05:06:00,2,599.0975,311,3,3,4,334,At Risk,Mainstream,Social Media
CUST105889,2025-05-21 00:42:00,3,173.87,224,3,4,2,342,Loyal Customers,Mainstream,Paid Search
CUST105890,2025-04-24 16:51:00,2,581.31,251,3,3,4,334,At Risk,Premium,Direct
CUST105891,2024-02-22 14:25:00,1,41.23,678,1,2,1,121,Lost Customers,Budget,Paid Search
CUST105892,2024-01-31 09:17:00,1,66.91,700,1,2,1,121,Lost Customers,Budget,Paid Search
CUST105893,2025-10-19 03:14:00,2,192.70000000000002,73,4,3,2,432,Potential Loyalists,Mainstream,Paid Search
CUST105894,2024-04-08 09:05:00,3,285.42284,632,1,4,2,142,Loyal Customers,Mainstream,Organic Search
CUST105896,2025-08-16 13:35:00,2,280.03261,137,4,3,2,432,Potential Loyalists,Premium,Direct
CUST105897,2023-11-02 14:37:00,1,256.54,790,1,2,2,122,Lost Customers,Mainstream,Social Media
CUST105898,2024-05-12 16:03:00,2,174.0,598,2,3,2,232,At Risk,Mainstream,Organic Search
CUST105899,2025-12-20 18:26:00,7,2513.83415,11,5,5,5,555,Champions,Mainstream,Referral
CUST105900,2024-03-19 01:59:00,1,109.71000000000001,652,1,2,1,121,Lost Customers,Mainstream,Email
CUST105901,2025-11-27 12:44:00,3,337.08119,34,5,4,3,543,Loyal Customers,Mainstream,Email
CUST105903,2025-12-14 13:03:00,3,882.41,17,5,4,4,544,Champions,Mainstream,Social Media
CUST105905,2025-11-08 09:07:00,6,966.8964199999999,53,4,5,4,454,Champions,Mainstream,Organic Search
CUST105907,2024-12-10 13:56:00,2,674.13,386,2,3,4,234,At Risk,Budget,Paid Search
CUST105908,2023-10-04 00:35:00,1,256.8318,819,1,2,2,122,Lost Customers,Mainstream,Organic Search
CUST105910,2024-11-10 09:30:00,1,18.602999999999998,416,2,2,1,221,Lost Customers,Premium,Paid Search
CUST105911,2023-12-19 13:23:00,1,126.82945000000001,743,1,2,1,121,Lost Customers,Mainstream,Affiliate
CUST105912,2023-12-23 13:45:00,2,787.84,739,1,3,4,134,Others,Mainstream,Paid Search
CUST105913,2024-08-19 20:04:00,1,100.79,499,2,2,1,221,Lost Customers,Mainstream,Social Media
CUST105914,2025-07-13 11:48:00,1,281.47,171,3,2,2,322,Others,Budget,Direct
CUST105915,2025-09-06 06:47:00,2,106.96350000000001,116,4,3,1,431,Potential Loyalists,Mainstream,Paid Search
CUST105916,2025-10-27 03:13:00,2,493.38413,65,4,3,3,433,Potential Loyalists,Budget,Paid Search
CUST105917,2025-09-28 01:04:00,5,1238.87571,94,4,5,5,455,Champions,Mainstream,Organic Search
CUST105919,2025-06-10 17:15:00,1,405.14,204,3,2,3,323,Others,Mainstream,Paid Search
CUST105920,2025-11-20 15:14:00,6,923.29105,41,5,5,4,554,Champions,Budget,Social Media
CUST105921,2025-11-30 21:04:00,15,2831.04838,31,5,5,5,555,Champions,Budget,Paid Search
CUST105922,2025-05-20 13:55:00,3,201.74012000000002,225,3,4,2,342,Loyal Customers,Mainstream,Email
CUST105923,2023-11-23 23:23:00,2,303.00583,768,1,3,2,132,Others,Mainstream,Direct
CUST105924,2024-12-17 21:01:00,1,138.70057,379,2,2,1,221,Lost Customers,Budget,Organic Search
CUST105925,2024-09-22 14:11:00,1,89.0,465,2,2,1,221,Lost Customers,Mainstream,Paid Search
CUST105926,2025-09-30 13:53:00,8,1189.03832,92,4,5,5,455,Champions,Mainstream,Paid Search
CUST105930,2025-09-13 16:52:00,5,1092.4962,109,4,5,5,455,Champions,Budget,Paid Search
CUST105931,2025-12-13 15:13:00,2,117.36426,18,5,3,1,531,Potential Loyalists,Budget,Organic Search
CUST105932,2025-07-11 06:21:00,9,1643.13431,173,3,5,5,355,Loyal Customers,Premium,Paid Search
CUST105933,2025-09-18 08:54:00,1,85.79599999999999,104,4,2,1,421,Potential Loyalists,Budget,Email
CUST105936,2024-08-31 19:55:00,1,386.061,487,2,2,3,223,Lost Customers,Mainstream,Social Media
CUST105937,2025-11-03 20:16:00,7,1161.99446,58,4,5,5,455,Champions,Mainstream,Organic Search
CUST105938,2023-05-11 06:56:00,1,128.51,965,1,2,1,121,Lost Customers,Mainstream,Email
CUST105939,2024-05-30 06:36:00,1,113.46394,580,2,2,1,221,Lost Customers,Mainstream,Paid Search
CUST105943,2024-03-19 15:20:00,2,239.12,652,1,3,2,132,Others,Premium,Social Media
CUST105944,2025-12-05 20:21:00,4,416.44494999999995,26,5,4,3,543,Loyal Customers,Premium,Social Media
CUST105945,2025-05-17 07:11:00,1,64.91826,228,3,2,1,321,Others,Budget,Email
CUST105948,2025-06-05 07:26:00,1,77.67,209,3,2,1,321,Others,Premium,Paid Search
CUST105949,2025-12-13 15:18:00,1,26.996920000000003,18,5,2,1,521,Potential Loyalists,Mainstream,Organic Search
CUST105950,2025-10-31 01:17:00,3,641.0264,61,4,4,4,444,Champions,Mainstream,Paid Search
CUST105951,2025-08-18 15:29:00,1,298.46,135,4,2,2,422,Potential Loyalists,Budget,Social Media
CUST105952,2025-12-02 19:13:00,1,246.57,29,5,2,2,522,Potential Loyalists,Premium,Email
CUST105953,2025-11-09 11:35:00,2,256.9209,52,5,3,2,532,Potential Loyalists,Budget,Direct
CUST105954,2025-11-14 22:14:00,6,2135.4389,47,5,5,5,555,Champions,Mainstream,Social Media
CUST105955,2025-07-05 22:12:00,7,1365.92576,179,3,5,5,355,Loyal Customers,Budget,Referral
CUST105956,2025-09-05 03:14:00,8,1817.8994200000002,117,4,5,5,455,Champions,Mainstream,Direct
CUST105959,2024-04-23 02:39:00,1,147.51299,617,1,2,1,121,Lost Customers,Mainstream,Organic Search
CUST105961,2024-05-17 09:25:00,2,209.3,593,2,3,2,232,At Risk,Budget,Affiliate
CUST105962,2025-11-17 08:30:00,2,731.52,44,5,3,4,534,Potential Loyalists,Mainstream,Paid Search
CUST105963,2025-07-24 02:39:00,3,801.4612,160,4,4,4,444,Champions,Budget,Direct
CUST105964,2025-12-18 00:39:00,7,724.44976,13,5,5,4,554,Champions,Budget,Direct
CUST105965,2024-10-12 09:40:00,4,653.13946,445,2,4,4,244,Loyal Customers,Premium,Direct
CUST105966,2025-09-16 14:22:00,2,462.65,106,4,3,3,433,Potential Loyalists,Budget,Social Media
CUST105967,2023-04-28 18:34:00,1,62.66651,978,1,2,1,121,Lost Customers,Mainstream,Social Media
CUST105969,2025-08-03 07:25:00,8,766.76855,150,4,5,4,454,Champions,Budget,Organic Search
CUST105971,2024-05-06 10:32:00,2,338.7146,604,2,3,3,233,At Risk,Mainstream,Organic Search
CUST105972,2023-02-03 02:40:00,1,310.51,1062,1,2,3,123,Lost Customers,Premium,Social Media
CUST105973,2025-02-20 17:52:00,6,1096.27,314,3,5,5,355,Loyal Customers,Budget,Affiliate
CUST105977,2023-09-17 09:00:00,1,189.18,836,1,2,2,122,Lost Customers,Mainstream,Paid Search
CUST105979,2024-11-15 13:10:00,2,645.3393100000001,411,2,3,4,234,At Risk,Mainstream,Social Media
CUST105980,2025-12-13 23:34:00,2,167.5836,17,5,3,2,532,Potential Loyalists,Mainstream,Referral
CUST105981,2024-09-08 07:11:00,2,133.49,479,2,3,1,231,At Risk,Mainstream,Paid Search
CUST105982,2025-02-08 12:18:00,1,30.43,326,3,2,1,321,Others,Budget,Paid Search
CUST105983,2024-05-20 17:59:00,1,143.40333,590,2,2,1,221,Lost Customers,Budget,Direct
CUST105984,2025-02-21 14:13:00,1,88.95,313,3,2,1,321,Others,Mainstream,Social Media
CUST105985,2025-12-21 05:41:00,2,465.37,10,5,3,3,533,Potential Loyalists,Mainstream,Social Media
CUST105986,2024-05-12 01:24:00,2,834.44,598,2,3,4,234,At Risk,Budget,Organic Search
CUST105987,2025-10-11 22:12:00,1,179.42000000000002,81,4,2,2,422,Potential Loyalists,Budget,Affiliate
CUST105988,2025-12-19 19:05:00,9,1577.51849,12,5,5,5,555,Champions,Budget,Direct
CUST105989,2025-05-14 12:00:00,1,187.91,231,3,2,2,322,Others,Budget,Social Media
CUST105990,2024-11-20 11:17:00,2,626.91202,406,2,3,4,234,At Risk,Budget,Paid Search
CUST105991,2025-12-20 12:06:00,6,1688.36485,11,5,5,5,555,Champions,Premium,Affiliate
CUST105993,2025-05-06 11:41:00,3,635.9499999999999,239,3,4,4,344,Loyal Customers,Mainstream,Social Media
CUST105994,2025-05-25 19:45:00,10,2618.12461,220,3,5,5,355,Loyal Customers,Budget,Email
CUST105995,2025-12-06 22:26:00,3,703.10226,25,5,4,4,544,Champions,Budget,Social Media
CUST105996,2025-11-12 16:17:00,4,293.46775,49,5,4,2,542,Loyal Customers,Premium,Paid Search
CUST105997,2025-07-19 15:08:00,2,515.6363,165,3,3,3,333,At Risk,Premium,Email
CUST105998,2025-06-08 13:52:00,1,287.71,206,3,2,2,322,Others,Budget,Email
CUST106000,2024-11-21 09:39:00,2,409.65667,405,2,3,3,233,At Risk,Budget,Direct
CUST106001,2024-04-17 06:12:00,2,357.96000000000004,623,1,3,3,133,Others,Mainstream,Social Media
CUST106002,2025-12-04 14:31:00,11,1182.9016100000001,27,5,5,5,555,Champions,Budget,Direct
CUST106003,2024-05-28 21:36:00,2,560.38,582,2,3,4,234,At Risk,Mainstream,Paid Search
CUST106004,2023-02-02 09:34:00,1,31.62,1063,1,2,1,121,Lost Customers,Budget,Affiliate
CUST106005,2024-01-20 04:37:00,3,457.17826,711,1,4,3,143,Loyal Customers,Budget,Paid Search
CUST106006,2025-12-03 11:15:00,9,1495.31646,28,5,5,5,555,Champions,Mainstream,Paid Search
CUST106007,2024-01-09 04:42:00,3,566.0438800000001,722,1,4,4,144,Loyal Customers,Mainstream,Email
CUST106008,2025-11-09 03:41:00,4,1184.52521,52,5,4,5,545,Champions,Budget,Paid Search
CUST106009,2025-11-09 04:39:00,1,694.30962,52,5,2,4,524,Potential Loyalists,Mainstream,Paid Search
CUST106010,2024-08-21 15:53:00,2,225.42000000000002,497,2,3,2,232,At Risk,Budget,Referral
CUST106012,2023-12-02 06:21:00,1,61.68,760,1,2,1,121,Lost Customers,Budget,Direct
CUST106013,2024-05-31 11:11:00,1,66.91,579,2,2,1,221,Lost Customers,Budget,Paid Search
CUST106014,2024-07-07 20:11:00,2,292.39512,542,2,3,2,232,At Risk,Budget,Organic Search
CUST106015,2025-06-27 13:28:00,3,458.15,187,3,4,3,343,Loyal Customers,Mainstream,Organic Search
CUST106016,2023-02-20 10:01:00,1,259.1,1045,1,2,2,122,Lost Customers,Premium,Social Media
CUST106017,2023-10-16 13:40:00,2,263.57482,807,1,3,2,132,Others,Budget,Organic Search
CUST106018,2025-06-08 03:47:00,4,1710.48666,206,3,4,5,345,Loyal Customers,Budget,Organic Search
CUST106019,2025-09-30 10:21:00,6,508.45426,92,4,5,3,453,Loyal Customers,Budget,Organic Search
CUST106020,2024-12-09 06:24:00,4,111.12804,387,2,4,1,241,Loyal Customers,Mainstream,Paid Search
CUST106021,2025-04-22 06:18:00,3,297.51,253,3,4,2,342,Loyal Customers,Premium,Email
CUST106023,2025-12-02 20:07:00,15,3590.48781,29,5,5,5,555,Champions,Mainstream,Organic Search
CUST106024,2025-10-12 02:23:00,2,254.3528,80,4,3,2,432,Potential Loyalists,Mainstream,Paid Search
CUST106025,2024-05-07 22:17:00,1,96.63,603,2,2,1,221,Lost Customers,Premium,Direct
CUST106026,2025-09-04 23:33:00,4,723.28577,117,4,4,4,444,Champions,Budget,Organic Search
CUST106029,2025-11-17 03:32:00,2,490.75,44,5,3,3,533,Potential Loyalists,Mainstream,Affiliate
CUST106030,2025-05-29 19:21:00,3,273.4863,216,3,4,2,342,Loyal Customers,Mainstream,Organic Search
CUST106031,2025-11-22 00:51:00,1,204.96,39,5,2,2,522,Potential Loyalists,Mainstream,Social Media
CUST106032,2025-02-05 00:46:00,1,281.94,329,3,2,2,322,Others,Budget,Organic Search
CUST106033,2023-06-16 15:32:00,3,250.5604,929,1,4,2,142,Loyal Customers,Budget,Affiliate
CUST106034,2024-04-04 04:53:00,1,250.8,636,1,2,2,122,Lost Customers,Mainstream,Organic Search
CUST106035,2025-10-02 03:18:00,1,295.09771,90,4,2,2,422,Potential Loyalists,Budget,Referral
CUST106036,2025-12-24 23:47:00,12,1920.90242,6,5,5,5,555,Champions,Premium,Paid Search
CUST106037,2025-08-23 12:52:00,3,556.3518799999999,130,4,4,4,444,Champions,Premium,Social Media
CUST106038,2025-05-17 10:58:00,8,1310.7452,228,3,5,5,355,Loyal Customers,Budget,Referral
CUST106039,2024-12-04 16:13:00,4,625.56095,392,2,4,4,244,Loyal Customers,Mainstream,Social Media
CUST106040,2023-10-13 22:29:00,1,307.59000000000003,810,1,2,3,123,Lost Customers,Budget,Email
CUST106042,2024-10-05 18:34:00,2,684.2,452,2,3,4,234,At Risk,Mainstream,Social Media
CUST106044,2024-10-19 01:17:00,1,169.37,438,2,2,2,222,Lost Customers,Mainstream,Organic Search
CUST106045,2024-11-14 06:26:00,1,132.2,412,2,2,1,221,Lost Customers,Budget,Referral
CUST106046,2024-08-08 04:35:00,1,16.48,510,2,2,1,221,Lost Customers,Budget,Organic Search
CUST106048,2024-06-14 08:17:00,1,138.94,565,2,2,1,221,Lost Customers,Budget,Paid Search
CUST106049,2025-12-08 12:19:00,2,385.32207,23,5,3,3,533,Potential Loyalists,Budget,Affiliate
CUST106050,2025-04-06 19:15:00,1,128.51,269,3,2,1,321,Others,Premium,Email
CUST106051,2024-12-18 00:43:00,5,1105.1264999999999,378,2,5,5,255,Loyal Customers,Mainstream,Social Media
CUST106052,2025-12-07 13:05:00,3,518.8853899999999,24,5,4,3,543,Loyal Customers,Premium,Direct
CUST106053,2024-06-03 12:08:00,1,89.0,576,2,2,1,221,Lost Customers,Budget,Referral
CUST106054,2023-11-29 04:39:00,2,506.81745,763,1,3,3,133,Others,Premium,Paid Search
CUST106055,2024-09-19 03:04:00,2,58.379999999999995,468,2,3,1,231,At Risk,Mainstream,Organic Search
CUST106057,2024-03-04 12:32:00,1,449.22,667,1,2,3,123,Lost Customers,Premium,Organic Search
CUST106058,2025-06-16 21:52:00,1,500.24,198,3,2,3,323,Others,Mainstream,Organic Search
CUST106059,2024-05-26 13:03:00,5,859.55504,584,2,5,4,254,Loyal Customers,Mainstream,Organic Search
CUST106060,2025-04-07 18:09:00,1,111.94829999999999,268,3,2,1,321,Others,Premium,Paid Search
CUST106062,2025-09-03 22:32:00,4,747.6820299999999,119,4,4,4,444,Champions,Budget,Organic Search
CUST106067,2023-10-29 01:42:00,1,74.53622999999999,794,1,2,1,121,Lost Customers,Premium,Direct
CUST106068,2024-11-21 18:02:00,5,825.3718,405,2,5,4,254,Loyal Customers,Mainstream,Social Media
CUST106069,2025-11-06 14:10:00,7,1642.6098,55,4,5,5,455,Champions,Budget,Direct
CUST106071,2025-02-27 23:08:00,1,31.62,306,3,2,1,321,Others,Mainstream,Social Media
CUST106072,2023-09-03 15:37:00,2,547.643,850,1,3,4,134,Others,Budget,Referral
CUST106073,2024-09-10 07:36:00,1,499.16,477,2,2,3,223,Lost Customers,Premium,Paid Search
CUST106074,2024-03-07 08:16:00,3,347.1875,664,1,4,3,143,Loyal Customers,Mainstream,Email
CUST106075,2024-04-14 09:12:00,2,183.07999999999998,626,1,3,2,132,Others,Mainstream,Social Media
CUST106076,2024-12-11 11:29:00,2,289.83785,385,2,3,2,232,At Risk,Mainstream,Email
CUST106077,2025-06-03 01:25:00,1,234.18,211,3,2,2,322,Others,Budget,Paid Search
CUST106078,2023-05-20 01:14:00,3,312.5267,956,1,4,3,143,Loyal Customers,Mainstream,Affiliate
CUST106079,2025-07-06 20:27:00,4,808.46,178,3,4,4,344,Loyal Customers,Mainstream,Organic Search
CUST106080,2025-12-12 22:38:00,14,2484.38798,19,5,5,5,555,Champions,Mainstream,Referral
CUST106081,2025-12-07 02:42:00,8,1193.3833000000002,24,5,5,5,555,Champions,Budget,Affiliate
CUST106082,2024-10-12 08:44:00,1,100.8,445,2,2,1,221,Lost Customers,Premium,Direct
CUST106083,2025-12-23 15:40:00,3,637.3564600000001,8,5,4,4,544,Champions,Budget,Organic Search
CUST106084,2025-03-30 12:21:00,2,140.53,276,3,3,1,331,At Risk,Mainstream,Organic Search
CUST106085,2025-04-06 19:58:00,1,97.4,269,3,2,1,321,Others,Mainstream,Email
CUST106086,2024-09-20 03:01:00,1,129.55,467,2,2,1,221,Lost Customers,Premium,Social Media
CUST106087,2024-06-14 06:23:00,3,197.79,565,2,4,2,242,Loyal Customers,Budget,Organic Search
CUST106088,2025-09-13 02:42:00,2,192.47392,109,4,3,2,432,Potential Loyalists,Budget,Email
CUST106089,2024-11-30 05:36:00,1,166.35,396,2,2,2,222,Lost Customers,Premium,Direct
CUST106090,2024-04-28 01:02:00,1,385.49,612,2,2,3,223,Lost Customers,Premium,Organic Search
CUST106091,2025-12-26 23:50:00,69,13815.64369,4,5,5,5,555,Champions,Budget,Paid Search
CUST106092,2024-05-21 08:24:00,1,285.61,589,2,2,2,222,Lost Customers,Premium,Email
CUST106093,2025-08-20 03:47:00,5,399.78999999999996,133,4,5,3,453,Loyal Customers,Premium,Social Media
CUST106094,2025-12-20 15:13:00,4,1455.46474,11,5,4,5,545,Champions,Budget,Direct
CUST106095,2025-06-09 06:27:00,3,1302.71206,205,3,4,5,345,Loyal Customers,Mainstream,Referral
CUST106096,2025-11-29 13:30:00,8,1040.73189,32,5,5,5,555,Champions,Budget,Organic Search
CUST106097,2025-12-24 21:01:00,8,2038.75972,7,5,5,5,555,Champions,Premium,Email
CUST106098,2025-03-12 23:14:00,2,51.5,293,3,3,1,331,At Risk,Budget,Direct
CUST106101,2025-11-29 08:26:00,1,143.45566000000002,32,5,2,1,521,Potential Loyalists,Budget,Email
CUST106102,2025-07-26 08:38:00,3,420.2,158,4,4,3,443,Loyal Customers,Mainstream,Paid Search
CUST106103,2023-10-28 18:23:00,1,68.708,795,1,2,1,121,Lost Customers,Budget,Affiliate
CUST106104,2024-02-01 23:05:00,1,16.39,699,1,2,1,121,Lost Customers,Budget,Paid Search
CUST106105,2025-12-23 14:36:00,4,771.4677399999999,8,5,4,4,544,Champions,Premium,Organic Search
CUST106106,2024-08-11 09:32:00,3,674.91564,507,2,4,4,244,Loyal Customers,Premium,Affiliate
CUST106108,2023-12-02 19:31:00,2,419.34537,760,1,3,3,133,Others,Premium,Paid Search
CUST106109,2024-11-23 02:05:00,2,638.4067,403,2,3,4,234,At Risk,Budget,Paid Search
CUST106113,2025-06-17 10:08:00,2,145.63,197,3,3,1,331,At Risk,Mainstream,Referral
CUST106114,2024-11-27 10:16:00,3,820.94896,399,2,4,4,244,Loyal Customers,Budget,Referral
CUST106115,2025-06-30 17:37:00,2,415.33,184,3,3,3,333,At Risk,Mainstream,Paid Search
CUST106116,2023-02-28 09:15:00,1,38.65,1037,1,2,1,121,Lost Customers,Budget,Organic Search
CUST106117,2025-02-28 22:14:00,4,1523.09884,306,3,4,5,345,Loyal Customers,Mainstream,Direct
CUST106119,2025-05-07 11:03:00,1,166.9,238,3,2,2,322,Others,Mainstream,Social Media
CUST106120,2025-09-08 22:15:00,5,863.71141,114,4,5,4,454,Champions,Budget,Organic Search
CUST106121,2024-02-27 19:42:00,1,434.18064,673,1,2,3,123,Lost Customers,Mainstream,Social Media
CUST106122,2025-08-24 00:32:00,7,1877.95009,129,4,5,5,455,Champions,Premium,Paid Search
CUST106124,2025-08-30 14:57:00,1,276.40999999999997,123,4,2,2,422,Potential Loyalists,Premium,Paid Search
CUST106125,2024-12-15 04:05:00,2,608.48028,381,2,3,4,234,At Risk,Mainstream,Affiliate
CUST106126,2025-12-16 01:43:00,2,484.62,15,5,3,3,533,Potential Loyalists,Budget,Paid Search
CUST106127,2024-09-15 17:57:00,1,130.28,472,2,2,1,221,Lost Customers,Premium,Organic Search
CUST106128,2025-08-12 16:52:00,2,365.36,141,4,3,3,433,Potential Loyalists,Budget,Organic Search
CUST106129,2025-06-07 01:40:00,6,1283.61528,207,3,5,5,355,Loyal Customers,Budget,Organic Search
CUST106130,2024-12-04 08:00:00,8,1048.1273700000002,392,2,5,5,255,Loyal Customers,Mainstream,Referral
CUST106133,2024-12-17 16:56:00,1,25.04,379,2,2,1,221,Lost Customers,Mainstream,Social Media
CUST106134,2025-11-11 16:29:00,7,711.88593,50,5,5,4,554,Champions,Budget,Direct
CUST106135,2025-08-02 12:20:00,4,1005.87665,151,4,4,4,444,Champions,Mainstream,Direct
CUST106136,2023-10-28 05:57:00,2,334.91961000000003,795,1,3,3,133,Others,Budget,Paid Search
CUST106138,2025-12-20 02:04:00,9,1609.5710900000001,11,5,5,5,555,Champions,Budget,Referral
CUST106139,2025-02-03 09:02:00,2,687.05,331,3,3,4,334,At Risk,Premium,Direct
CUST106140,2023-07-09 15:22:00,3,168.35,906,1,4,2,142,Loyal Customers,Budget,Affiliate
CUST106141,2025-11-21 03:53:00,5,854.82494,40,5,5,4,554,Champions,Budget,Referral
CUST106142,2024-11-20 13:39:00,1,39.5,406,2,2,1,221,Lost Customers,Mainstream,Social Media
CUST106143,2024-12-04 07:16:00,1,49.51,392,2,2,1,221,Lost Customers,Mainstream,Organic Search
CUST106146,2025-04-26 23:04:00,1,196.18479999999997,249,3,2,2,322,Others,Budget,Paid Search
CUST106147,2025-02-14 07:44:00,4,914.51005,320,3,4,4,344,Loyal Customers,Mainstream,Social Media
CUST106149,2023-11-22 19:51:00,2,359.8179,770,1,3,3,133,Others,Budget,Organic Search
CUST106150,2023-02-18 20:18:00,1,35.66,1047,1,2,1,121,Lost Customers,Mainstream,Organic Search
CUST106151,2023-09-24 15:51:00,1,54.57214,829,1,2,1,121,Lost Customers,Budget,Organic Search
CUST106152,2023-11-24 06:07:00,2,135.07554,768,1,3,1,131,Others,Premium,Email
CUST106154,2025-10-07 20:21:00,17,1667.66375,85,4,5,5,455,Champions,Budget,Email
CUST106156,2025-05-13 07:48:00,1,13.783559999999998,232,3,2,1,321,Others,Mainstream,Referral
CUST106158,2025-12-04 07:38:00,10,2525.373,27,5,5,5,555,Champions,Premium,Organic Search
CUST106159,2024-08-19 06:22:00,1,188.38,499,2,2,2,222,Lost Customers,Budget,Email
CUST106160,2024-11-21 05:55:00,1,243.27022,405,2,2,2,222,Lost Customers,Premium,Email
CUST106162,2025-12-25 10:58:00,1,98.18,6,5,2,1,521,Potential Loyalists,Mainstream,Social Media
CUST106163,2025-11-02 22:13:00,1,222.12959999999998,59,4,2,2,422,Potential Loyalists,Mainstream,Affiliate
CUST106164,2025-12-15 13:57:00,4,690.6959899999999,16,5,4,4,544,Champions,Mainstream,Organic Search
CUST106165,2025-10-27 10:51:00,1,260.61,65,4,2,2,422,Potential Loyalists,Mainstream,Paid Search
CUST106167,2024-10-12 00:37:00,4,455.65776,445,2,4,3,243,Loyal Customers,Premium,Direct
CUST106168,2025-12-03 06:53:00,11,1845.33709,28,5,5,5,555,Champions,Mainstream,Organic Search
CUST106169,2025-11-14 17:16:00,8,1346.2942600000001,47,5,5,5,555,Champions,Mainstream,Direct
CUST106170,2025-12-14 10:39:00,29,5246.20269,17,5,5,5,555,Champions,Mainstream,Organic Search
CUST106173,2025-10-19 20:04:00,7,936.59546,73,4,5,4,454,Champions,Mainstream,Social Media
CUST106174,2025-08-28 13:43:00,1,217.97,125,4,2,2,422,Potential Loyalists,Mainstream,Affiliate
CUST106175,2025-12-06 11:01:00,3,1679.2251199999998,25,5,4,5,545,Champions,Mainstream,Direct
CUST106176,2024-11-06 08:27:00,3,443.91,420,2,4,3,243,Loyal Customers,Budget,Paid Search
CUST106177,2025-06-12 08:46:00,1,32.78,202,3,2,1,321,Others,Premium,Email
CUST106178,2024-11-04 10:34:00,2,122.6,422,2,3,1,231,At Risk,Premium,Referral
CUST106179,2024-11-29 12:26:00,5,660.63248,397,2,5,4,254,Loyal Customers,Premium,Social Media
CUST106181,2025-09-30 20:27:00,2,256.32,92,4,3,2,432,Potential Loyalists,Mainstream,Organic Search
CUST106182,2024-01-26 09:22:00,4,1556.4041,705,1,4,5,145,Loyal Customers,Premium,Affiliate
CUST106183,2025-05-11 14:14:00,2,164.09431999999998,234,3,3,2,332,At Risk,Mainstream,Social Media
CUST106184,2023-03-05 14:26:00,2,300.98130000000003,1032,1,3,2,132,Others,Budget,Social Media
CUST106185,2025-10-04 06:57:00,3,632.69,88,4,4,4,444,Champions,Budget,Social Media
CUST106186,2025-12-09 11:47:00,1,253.94212,22,5,2,2,522,Potential Loyalists,Budget,Paid Search
CUST106187,2025-08-10 04:28:00,6,1163.46842,143,4,5,5,455,Champions,Budget,Paid Search
CUST106189,2025-10-06 14:29:00,7,1213.36072,86,4,5,5,455,Champions,Premium,Paid Search
CUST106191,2025-05-22 14:10:00,2,746.16138,223,3,3,4,334,At Risk,Premium,Paid Search
CUST106192,2025-06-04 22:15:00,3,543.6700000000001,210,3,4,3,343,Loyal Customers,Premium,Organic Search
CUST106193,2024-07-03 01:13:00,4,1322.553,546,2,4,5,245,Loyal Customers,Premium,Social Media
CUST106194,2025-11-10 00:37:00,2,504.53999999999996,51,5,3,3,533,Potential Loyalists,Mainstream,Direct
CUST106195,2023-12-18 01:53:00,1,69.09687,744,1,2,1,121,Lost Customers,Premium,Paid Search
CUST106196,2025-10-15 14:23:00,2,636.7736199999999,77,4,3,4,434,Potential Loyalists,Budget,Paid Search
CUST106198,2025-04-24 04:40:00,1,367.76,251,3,2,3,323,Others,Budget,Social Media
CUST106202,2025-07-27 18:04:00,3,1155.9052000000001,157,4,4,5,445,Champions,Premium,Social Media
CUST106203,2023-11-21 22:36:00,2,254.93,771,1,3,2,132,Others,Budget,Direct
CUST106204,2025-11-27 17:17:00,4,539.33993,34,5,4,3,543,Loyal Customers,Premium,Affiliate
CUST106205,2024-01-13 08:05:00,2,75.40072,718,1,3,1,131,Others,Budget,Referral
CUST106209,2024-11-01 19:53:00,2,162.06192,425,2,3,2,232,At Risk,Mainstream,Paid Search
CUST106210,2023-11-22 10:40:00,1,182.63419,770,1,2,2,122,Lost Customers,Budget,Organic Search
CUST106211,2025-03-17 18:44:00,6,1526.74552,289,3,5,5,355,Loyal Customers,Premium,Paid Search
CUST106213,2025-04-27 13:06:00,1,146.13,248,3,2,1,321,Others,Premium,Referral
CUST106214,2025-05-17 09:41:00,2,84.6072,228,3,3,1,331,At Risk,Budget,Email
CUST106215,2023-05-07 23:50:00,1,53.08,968,1,2,1,121,Lost Customers,Budget,Referral
CUST106216,2025-12-29 22:59:00,10,1720.89996,2,5,5,5,555,Champions,Budget,Email
CUST106217,2024-03-22 16:07:00,1,382.68,649,1,2,3,123,Lost Customers,Mainstream,Direct
CUST106219,2025-09-09 14:54:00,1,198.90176999999997,113,4,2,2,422,Potential Loyalists,Mainstream,Organic Search
CUST106220,2025-01-19 13:03:00,2,486.70438,346,3,3,3,333,At Risk,Budget,Social Media
CUST106221,2025-11-13 13:32:00,1,174.1,48,5,2,2,522,Potential Loyalists,Mainstream,Direct
CUST106223,2024-05-12 02:47:00,3,734.6516999999999,598,2,4,4,244,Loyal Customers,Mainstream,Affiliate
CUST106225,2025-03-03 05:00:00,2,357.77338,303,3,3,3,333,At Risk,Mainstream,Organic Search
CUST106228,2025-12-23 01:25:00,13,1720.62334,8,5,5,5,555,Champions,Budget,Email
CUST106229,2024-08-31 08:10:00,1,316.54,487,2,2,3,223,Lost Customers,Premium,Social Media
CUST106230,2024-11-19 10:38:00,2,430.03329,407,2,3,3,233,At Risk,Premium,Paid Search
CUST106231,2024-11-21 15:13:00,1,240.83640000000003,405,2,2,2,222,Lost Customers,Mainstream,Social Media
CUST106232,2023-03-21 03:56:00,1,199.3808,1016,1,2,2,122,Lost Customers,Premium,Direct
CUST106233,2025-08-31 22:55:00,1,66.51,122,4,2,1,421,Potential Loyalists,Mainstream,Organic Search
CUST106234,2025-02-28 21:20:00,3,515.6,306,3,4,3,343,Loyal Customers,Premium,Email
CUST106235,2025-07-13 11:44:00,6,1200.2435500000001,171,3,5,5,355,Loyal Customers,Mainstream,Organic Search
CUST106237,2025-09-24 21:39:00,2,236.00014000000002,98,4,3,2,432,Potential Loyalists,Premium,Email
CUST106238,2023-06-23 15:40:00,2,255.73831,922,1,3,2,132,Others,Premium,Paid Search
CUST106239,2023-12-15 05:17:00,1,58.9,747,1,2,1,121,Lost Customers,Mainstream,Referral
CUST106240,2025-12-10 01:52:00,8,1051.23299,21,5,5,5,555,Champions,Premium,Email
CUST106241,2025-09-12 12:05:00,7,2102.17057,110,4,5,5,455,Champions,Mainstream,Organic Search
CUST106242,2025-10-15 11:20:00,4,625.4094,77,4,4,4,444,Champions,Mainstream,Direct
CUST106243,2023-05-07 17:09:00,1,66.18,969,1,2,1,121,Lost Customers,Premium,Referral
CUST106244,2025-05-11 09:26:00,2,339.71,234,3,3,3,333,At Risk,Mainstream,Social Media
CUST106245,2025-06-24 12:23:00,1,150.9,190,3,2,1,321,Others,Premium,Paid Search
CUST106246,2024-08-05 06:17:00,1,345.75622999999996,513,2,2,3,223,Lost Customers,Premium,Social Media
CUST106247,2025-12-18 13:32:00,40,7750.36037,13,5,5,5,555,Champions,Budget,Organic Search
CUST106248,2025-11-26 23:51:00,16,3319.88356,34,5,5,5,555,Champions,Premium,Organic Search
CUST106249,2025-06-05 09:48:00,2,334.48,209,3,3,3,333,At Risk,Budget,Email
CUST106253,2023-12-26 11:04:00,2,306.73,736,1,3,3,133,Others,Premium,Email
CUST106254,2025-11-20 09:05:00,1,325.75,41,5,2,3,523,Potential Loyalists,Mainstream,Email
CUST106255,2024-01-20 07:23:00,3,364.02605,711,1,4,3,143,Loyal Customers,Budget,Direct
CUST106257,2023-04-13 09:41:00,1,70.27,993,1,2,1,121,Lost Customers,Mainstream,Social Media
CUST106258,2024-08-14 05:57:00,2,192.48062000000002,504,2,3,2,232,At Risk,Mainstream,Organic Search
CUST106259,2024-03-10 21:01:00,2,804.89,661,1,3,4,134,Others,Budget,Organic Search
CUST106260,2023-06-19 05:33:00,1,279.51428000000004,926,1,2,2,122,Lost Customers,Mainstream,Social Media
CUST106263,2023-07-07 08:28:00,1,260.61,908,1,2,2,122,Lost Customers,Premium,Paid Search
CUST106265,2024-01-18 02:57:00,2,209.44,713,1,3,2,132,Others,Premium,Organic Search
CUST106266,2024-11-11 22:40:00,2,168.63212,415,2,3,2,232,At Risk,Mainstream,Paid Search
CUST106267,2025-09-14 16:02:00,2,410.94,108,4,3,3,433,Potential Loyalists,Mainstream,Paid Search
CUST106268,2025-12-13 02:45:00,7,970.6087,18,5,5,4,554,Champions,Mainstream,Email
CUST106270,2023-02-03 21:07:00,1,142.87023000000002,1062,1,2,1,121,Lost Customers,Premium,Affiliate
CUST106272,2025-12-10 07:12:00,3,565.42454,21,5,4,4,544,Champions,Premium,Direct
CUST106275,2025-09-19 01:29:00,6,1685.78955,103,4,5,5,455,Champions,Mainstream,Paid Search
CUST106276,2025-07-24 11:09:00,5,314.31403,160,4,5,3,453,Loyal Customers,Mainstream,Affiliate
CUST106277,2025-11-05 21:14:00,9,2196.23911,56,4,5,5,455,Champions,Budget,Affiliate
CUST106279,2025-12-13 16:32:00,7,1552.87273,18,5,5,5,555,Champions,Budget,Social Media
CUST106280,2025-12-19 19:22:00,26,6557.56758,12,5,5,5,555,Champions,Mainstream,Paid Search
CUST106283,2025-10-27 12:53:00,14,4129.96802,65,4,5,5,455,Champions,Budget,Paid Search
CUST106284,2023-03-04 11:39:00,1,64.71,1033,1,2,1,121,Lost Customers,Mainstream,Social Media
CUST106285,2025-01-07 22:07:00,1,100.53835999999998,358,2,2,1,221,Lost Customers,Budget,Referral
CUST106286,2025-07-07 21:08:00,10,1779.85,177,3,5,5,355,Loyal Customers,Budget,Direct
CUST106288,2024-05-14 09:15:00,2,269.1,596,2,3,2,232,At Risk,Budget,Organic Search
CUST106290,2025-11-29 05:17:00,4,1065.41546,32,5,4,5,545,Champions,Budget,Email
CUST106291,2023-02-09 18:28:00,2,247.63935,1056,1,3,2,132,Others,Mainstream,Social Media
CUST106294,2023-10-30 21:10:00,1,130.86,793,1,2,1,121,Lost Customers,Mainstream,Paid Search
CUST106295,2025-11-14 00:07:00,7,1101.30971,47,5,5,5,555,Champions,Budget,Organic Search
CUST106297,2025-02-06 07:40:00,2,625.86,328,3,3,4,334,At Risk,Mainstream,Organic Search
CUST106298,2025-12-11 23:45:00,2,42.10746,19,5,3,1,531,Potential Loyalists,Premium,Organic Search
CUST106299,2025-10-30 10:26:00,3,686.53,62,4,4,4,444,Champions,Budget,Organic Search
CUST106301,2025-10-18 19:34:00,12,1685.38635,74,4,5,5,455,Champions,Premium,Email
CUST106302,2025-01-17 10:37:00,1,71.81,348,3,2,1,321,Others,Budget,Paid Search
CUST106303,2025-11-27 16:14:00,2,526.99,34,5,3,3,533,Potential Loyalists,Budget,Direct
CUST106304,2025-03-01 16:38:00,6,799.6,305,3,5,4,354,Loyal Customers,Mainstream,Email
CUST106305,2025-11-28 01:34:00,4,339.69913,33,5,4,3,543,Loyal Customers,Premium,Paid Search
CUST106306,2023-06-05 07:49:00,2,628.905,940,1,3,4,134,Others,Budget,Paid Search
CUST106308,2025-12-14 00:44:00,6,1415.38904,17,5,5,5,555,Champions,Mainstream,Paid Search
CUST106309,2024-07-11 16:31:00,1,140.38008000000002,538,2,2,1,221,Lost Customers,Mainstream,Email
CUST106310,2024-08-06 15:52:00,1,157.61,512,2,2,2,222,Lost Customers,Mainstream,Affiliate
CUST106313,2025-03-28 19:03:00,6,1079.56351,278,3,5,5,355,Loyal Customers,Mainstream,Direct
CUST106314,2023-04-12 16:31:00,1,407.90999999999997,994,1,2,3,123,Lost Customers,Mainstream,Social Media
CUST106315,2024-05-03 12:54:00,2,410.88,607,2,3,3,233,At Risk,Mainstream,Social Media
CUST106316,2024-08-13 10:48:00,2,574.8000000000001,505,2,3,4,234,At Risk,Budget,Social Media
CUST106317,2024-07-07 17:57:00,1,43.76,542,2,2,1,221,Lost Customers,Mainstream,Paid Search
CUST106319,2023-12-08 08:14:00,1,182.40765,754,1,2,2,122,Lost Customers,Mainstream,Affiliate
CUST106320,2024-05-03 01:02:00,2,344.16999999999996,607,2,3,3,233,At Risk,Mainstream,Email
CUST106321,2024-02-25 21:15:00,4,599.46176,675,1,4,4,144,Loyal Customers,Premium,Organic Search
CUST106322,2025-07-17 01:06:00,2,426.48,167,3,3,3,333,At Risk,Mainstream,Affiliate
CUST106323,2023-12-19 22:55:00,1,190.88,743,1,2,2,122,Lost Customers,Mainstream,Organic Search
CUST106325,2025-06-14 03:47:00,1,132.2,200,3,2,1,321,Others,Budget,Affiliate
CUST106327,2025-09-24 23:18:00,2,184.10549999999998,97,4,3,2,432,Potential Loyalists,Budget,Referral
CUST106328,2025-10-22 19:16:00,2,698.2,70,4,3,4,434,Potential Loyalists,Budget,Paid Search
CUST106329,2024-08-03 23:34:00,3,462.00748,514,2,4,3,243,Loyal Customers,Premium,Organic Search
CUST106331,2025-11-13 18:05:00,12,3005.1936299999998,48,5,5,5,555,Champions,Mainstream,Paid Search
CUST106332,2023-08-20 16:36:00,3,1134.48,864,1,4,5,145,Loyal Customers,Budget,Direct
CUST106333,2025-09-24 13:18:00,3,422.11728,98,4,4,3,443,Loyal Customers,Budget,Referral
CUST106335,2025-02-03 10:45:00,3,679.16371,331,3,4,4,344,Loyal Customers,Premium,Direct
CUST106336,2025-12-11 02:29:00,37,5136.48869,20,5,5,5,555,Champions,Mainstream,Affiliate
CUST106337,2025-08-18 01:03:00,2,447.82,135,4,3,3,433,Potential Loyalists,Premium,Direct
CUST106338,2025-09-11 08:33:00,3,445.12,111,4,4,3,443,Loyal Customers,Mainstream,Organic Search
CUST106340,2025-11-30 15:33:00,3,534.3199999999999,31,5,4,3,543,Loyal Customers,Mainstream,Organic Search
CUST106341,2024-02-21 01:37:00,5,1566.8899999999999,679,1,5,5,155,Loyal Customers,Budget,Paid Search
CUST106342,2025-09-11 23:25:00,1,793.8699999999999,110,4,2,4,424,Potential Loyalists,Mainstream,Direct
CUST106344,2024-06-30 03:49:00,2,218.03,549,2,3,2,232,At Risk,Budget,Paid Search
CUST106346,2025-10-21 09:03:00,4,464.6008,71,4,4,3,443,Loyal Customers,Mainstream,Affiliate
CUST106347,2025-07-21 05:54:00,2,199.83749999999998,163,3,3,2,332,At Risk,Premium,Email
CUST106348,2025-06-22 22:31:00,3,803.76,192,3,4,4,344,Loyal Customers,Premium,Paid Search
CUST106349,2025-09-25 19:12:00,9,2612.10961,97,4,5,5,455,Champions,Budget,Paid Search
CUST106350,2024-08-09 19:06:00,1,585.61,509,2,2,4,224,Lost Customers,Mainstream,Social Media
CUST106352,2025-10-11 19:28:00,2,206.56,81,4,3,2,432,Potential Loyalists,Premium,Organic Search
CUST106353,2024-11-30 15:31:00,2,104.09,396,2,3,1,231,At Risk,Budget,Organic Search
CUST106354,2025-01-13 11:40:00,3,415.98843,352,2,4,3,243,Loyal Customers,Premium,Referral
CUST106355,2025-10-09 11:19:00,2,388.74,83,4,3,3,433,Potential Loyalists,Premium,Direct
CUST106356,2024-08-10 02:29:00,1,86.17,508,2,2,1,221,Lost Customers,Mainstream,Affiliate
CUST106359,2025-11-30 04:18:00,2,142.85451999999998,31,5,3,1,531,Potential Loyalists,Budget,Affiliate
CUST106360,2024-10-21 23:40:00,1,71.81,435,2,2,1,221,Lost Customers,Premium,Email
CUST106361,2025-09-10 20:37:00,6,1092.72,112,4,5,5,455,Champions,Mainstream,Email
CUST106362,2025-02-09 07:58:00,2,477.98,325,3,3,3,333,At Risk,Premium,Paid Search
CUST106363,2025-12-11 00:11:00,10,2925.1548500000004,20,5,5,5,555,Champions,Mainstream,Social Media
CUST106364,2023-04-08 02:16:00,1,300.03,998,1,2,2,122,Lost Customers,Premium,Paid Search
CUST106365,2025-10-08 07:47:00,4,1065.80776,84,4,4,5,445,Champions,Premium,Direct
CUST106367,2025-12-05 01:18:00,43,6594.87303,26,5,5,5,555,Champions,Budget,Organic Search
CUST106368,2024-07-08 09:40:00,2,115.39716999999999,541,2,3,1,231,At Risk,Mainstream,Affiliate
CUST106370,2023-11-26 05:58:00,2,189.94696,766,1,3,2,132,Others,Budget,Referral
CUST106371,2025-05-05 04:17:00,2,221.91486,240,3,3,2,332,At Risk,Mainstream,Email
CUST106373,2025-09-13 04:54:00,6,816.65052,109,4,5,4,454,Champions,Mainstream,Organic Search
CUST106377,2025-11-30 19:59:00,27,4982.61109,31,5,5,5,555,Champions,Mainstream,Organic Search
CUST106378,2025-10-02 17:10:00,9,1594.54331,90,4,5,5,455,Champions,Mainstream,Organic Search
CUST106379,2024-07-10 21:33:00,2,112.1218,539,2,3,1,231,At Risk,Budget,Social Media
CUST106380,2025-09-24 14:15:00,7,1903.85914,98,4,5,5,455,Champions,Mainstream,Organic Search
CUST106381,2023-08-21 20:13:00,1,94.86,863,1,2,1,121,Lost Customers,Mainstream,Paid Search
CUST106382,2024-08-30 13:49:00,1,46.51,488,2,2,1,221,Lost Customers,Premium,Organic Search
CUST106383,2025-10-01 07:32:00,20,2657.39586,91,4,5,5,455,Champions,Mainstream,Social Media
CUST106384,2025-08-03 10:55:00,1,44.5269,150,4,2,1,421,Potential Loyalists,Budget,Email
CUST106385,2023-12-18 13:41:00,3,878.24579,744,1,4,4,144,Loyal Customers,Budget,Organic Search
CUST106388,2024-01-11 20:31:00,3,1267.11,720,1,4,5,145,Loyal Customers,Budget,Email
CUST106389,2024-12-08 00:50:00,3,257.03634,388,2,4,2,242,Loyal Customers,Premium,Organic Search
CUST106390,2024-02-12 07:22:00,1,16.39,688,1,2,1,121,Lost Customers,Premium,Direct
CUST106391,2025-12-17 01:22:00,9,2024.19806,14,5,5,5,555,Champions,Budget,Organic Search
CUST106394,2024-05-09 18:21:00,1,191.65,601,2,2,2,222,Lost Customers,Mainstream,Email
CUST106395,2023-08-05 09:14:00,1,21.87016,879,1,2,1,121,Lost Customers,Premium,Email
CUST106396,2025-12-21 09:24:00,2,625.91,10,5,3,4,534,Potential Loyalists,Budget,Paid Search
CUST106397,2025-02-24 02:13:00,1,133.02,310,3,2,1,321,Others,Mainstream,Organic Search
CUST106399,2025-08-15 08:51:00,1,105.40376,138,4,2,1,421,Potential Loyalists,Premium,Social Media
CUST106400,2024-01-23 17:27:00,1,12.52,708,1,2,1,121,Lost Customers,Budget,Direct
CUST106402,2023-02-18 12:50:00,1,171.70416,1047,1,2,2,122,Lost Customers,Budget,Email
CUST106403,2024-05-13 00:41:00,1,28.54,597,2,2,1,221,Lost Customers,Mainstream,Organic Search
CUST106404,2025-09-28 20:08:00,6,1534.4777,94,4,5,5,455,Champions,Mainstream,Social Media
CUST106405,2025-12-10 13:28:00,3,151.28,21,5,4,1,541,Loyal Customers,Mainstream,Referral
CUST106406,2025-09-18 07:29:00,4,413.58000000000004,104,4,4,3,443,Loyal Customers,Budget,Paid Search
CUST106407,2024-10-12 06:55:00,3,507.44,445,2,4,3,243,Loyal Customers,Budget,Paid Search
CUST106408,2024-12-12 13:30:00,3,597.17626,384,2,4,4,244,Loyal Customers,Budget,Organic Search
CUST106409,2025-01-15 06:50:00,1,54.021330000000006,350,2,2,1,221,Lost Customers,Budget,Organic Search
CUST106410,2023-01-22 04:27:00,1,88.29,1074,1,2,1,121,Lost Customers,Budget,Affiliate
CUST106411,2025-08-14 14:29:00,2,611.36535,139,4,3,4,434,Potential Loyalists,Mainstream,Paid Search
CUST106412,2025-12-12 15:28:00,13,2708.00336,19,5,5,5,555,Champions,Mainstream,Paid Search
CUST106414,2025-09-01 11:48:00,6,811.29916,121,4,5,4,454,Champions,Mainstream,Paid Search
CUST106415,2024-12-11 16:34:00,2,91.06,385,2,3,1,231,At Risk,Budget,Organic Search
CUST106416,2024-12-27 21:19:00,1,71.12686000000001,369,2,2,1,221,Lost Customers,Premium,Paid Search
CUST106418,2025-12-24 19:46:00,11,1806.53693,7,5,5,5,555,Champions,Premium,Paid Search
CUST106419,2025-03-11 06:37:00,1,355.93269999999995,295,3,2,3,323,Others,Mainstream,Referral
CUST106421,2025-11-29 16:34:00,12,2082.3668900000002,32,5,5,5,555,Champions,Premium,Referral
CUST106423,2023-01-23 11:50:00,2,192.97897999999998,1073,1,3,2,132,Others,Premium,Organic Search
CUST106424,2025-07-20 08:43:00,3,323.41260000000005,164,3,4,3,343,Loyal Customers,Mainstream,Affiliate
CUST106425,2025-11-21 21:23:00,5,826.88734,40,5,5,4,554,Champions,Mainstream,Paid Search
CUST106426,2025-03-12 19:53:00,2,176.93,294,3,3,2,332,At Risk,Mainstream,Social Media
CUST106427,2025-09-18 11:58:00,1,31.34624,104,4,2,1,421,Potential Loyalists,Mainstream,Organic Search
CUST106428,2025-03-17 20:14:00,3,206.51532,289,3,4,2,342,Loyal Customers,Mainstream,Paid Search
CUST106430,2025-11-25 16:11:00,11,2193.4157299999997,36,5,5,5,555,Champions,Mainstream,Social Media
CUST106431,2023-02-25 11:45:00,1,142.64327,1040,1,2,1,121,Lost Customers,Budget,Organic Search
CUST106432,2023-08-21 16:39:00,1,392.74,863,1,2,3,123,Lost Customers,Mainstream,Social Media
CUST106433,2025-03-09 01:48:00,2,211.6195,297,3,3,2,332,At Risk,Budget,Organic Search
CUST106435,2025-12-02 07:05:00,4,523.5482,29,5,4,3,543,Loyal Customers,Mainstream,Direct
CUST106436,2023-10-26 21:56:00,2,252.43,797,1,3,2,132,Others,Mainstream,Email
CUST106437,2024-02-14 02:39:00,1,317.17,686,1,2,3,123,Lost Customers,Premium,Organic Search
CUST106438,2025-09-08 04:13:00,5,647.9036600000001,114,4,5,4,454,Champions,Budget,Organic Search
CUST106439,2024-07-15 06:04:00,3,375.6198,534,2,4,3,243,Loyal Customers,Mainstream,Referral
CUST106441,2025-10-24 09:12:00,7,1041.49351,68,4,5,5,455,Champions,Mainstream,Direct
CUST106443,2025-11-28 15:08:00,14,2760.16394,33,5,5,5,555,Champions,Budget,Organic Search
CUST106444,2023-10-11 03:16:00,3,456.80566999999996,812,1,4,3,143,Loyal Customers,Mainstream,Direct
CUST106445,2023-03-17 18:09:00,2,370.2,1020,1,3,3,133,Others,Budget,Paid Search
CUST106447,2025-04-19 16:14:00,1,409.92,256,3,2,3,323,Others,Premium,Affiliate
CUST106448,2024-09-15 14:15:00,2,293.39,472,2,3,2,232,At Risk,Premium,Referral
CUST106449,2025-11-11 15:32:00,4,1039.7497600000002,50,5,4,5,545,Champions,Mainstream,Social Media
CUST106451,2024-06-10 02:55:00,1,185.55,569,2,2,2,222,Lost Customers,Budget,Paid Search
CUST106452,2025-11-29 20:20:00,2,199.65786,32,5,3,2,532,Potential Loyalists,Budget,Referral
CUST106453,2025-06-18 02:23:00,3,181.37577,196,3,4,2,342,Loyal Customers,Mainstream,Affiliate
CUST106454,2024-11-23 05:45:00,2,394.50396,403,2,3,3,233,At Risk,Premium,Direct
CUST106455,2025-04-25 00:04:00,1,1055.25,250,3,2,5,325,Others,Mainstream,Social Media
CUST106456,2025-05-31 22:12:00,7,1800.72107,214,3,5,5,355,Loyal Customers,Mainstream,Organic Search
CUST106457,2025-12-15 23:10:00,4,563.15,15,5,4,4,544,Champions,Budget,Direct
CUST106458,2024-01-14 16:42:00,1,191.2165,717,1,2,2,122,Lost Customers,Mainstream,Organic Search
CUST106460,2023-06-15 09:06:00,1,348.85,930,1,2,3,123,Lost Customers,Mainstream,Organic Search
CUST106462,2024-06-11 22:50:00,1,324.5,568,2,2,3,223,Lost Customers,Budget,Organic Search
CUST106463,2025-12-07 16:47:00,20,4053.32337,24,5,5,5,555,Champions,Premium,Social Media
CUST106464,2024-06-24 20:31:00,1,192.57,555,2,2,2,222,Lost Customers,Premium,Paid Search
CUST106466,2023-12-17 08:13:00,1,90.42,745,1,2,1,121,Lost Customers,Budget,Direct
CUST106467,2025-11-30 10:47:00,14,2276.15108,31,5,5,5,555,Champions,Budget,Paid Search
CUST106468,2025-03-11 17:11:00,2,308.99,295,3,3,3,333,At Risk,Budget,Email
CUST106470,2025-11-28 15:20:00,6,1828.84546,33,5,5,5,555,Champions,Budget,Email
CUST106471,2024-02-13 06:26:00,4,1204.1399999999999,687,1,4,5,145,Loyal Customers,Premium,Social Media
CUST106472,2024-01-13 02:45:00,2,190.71,718,1,3,2,132,Others,Mainstream,Direct
CUST106473,2023-05-17 00:30:00,1,281.4,959,1,2,2,122,Lost Customers,Mainstream,Organic Search
CUST106478,2025-01-03 09:09:00,1,257.02,362,2,2,2,222,Lost Customers,Mainstream,Social Media
CUST106479,2025-09-03 23:44:00,3,98.64,118,4,4,1,441,Loyal Customers,Mainstream,Social Media
CUST106480,2024-08-11 11:21:00,1,28.09,507,2,2,1,221,Lost Customers,Mainstream,Referral
CUST106481,2024-08-02 07:38:00,1,34.266090000000005,516,2,2,1,221,Lost Customers,Mainstream,Organic Search
CUST106482,2025-11-14 17:14:00,12,2525.31365,47,5,5,5,555,Champions,Mainstream,Email
CUST106484,2025-11-15 01:59:00,9,1960.41323,46,5,5,5,555,Champions,Budget,Email
CUST106485,2025-04-08 06:36:00,6,1602.16714,267,3,5,5,355,Loyal Customers,Premium,Affiliate
CUST106486,2025-11-12 06:23:00,32,6062.17155,49,5,5,5,555,Champions,Mainstream,Social Media
CUST106487,2025-01-26 14:53:00,3,636.5148399999999,339,3,4,4,344,Loyal Customers,Premium,Paid Search
CUST106489,2025-12-24 03:28:00,8,1403.58865,7,5,5,5,555,Champions,Mainstream,Paid Search
CUST106490,2024-11-27 22:32:00,4,563.11414,399,2,4,4,244,Loyal Customers,Premium,Social Media
CUST106491,2023-05-07 09:49:00,1,41.3123,969,1,2,1,121,Lost Customers,Mainstream,Paid Search
CUST106492,2025-11-20 13:05:00,4,678.62058,41,5,4,4,544,Champions,Budget,Social Media
CUST106493,2024-07-12 15:42:00,2,491.05196,537,2,3,3,233,At Risk,Mainstream,Direct
CUST106494,2024-01-20 06:42:00,1,144.94,711,1,2,1,121,Lost Customers,Budget,Paid Search
CUST106496,2024-12-01 15:05:00,1,129.88274,395,2,2,1,221,Lost Customers,Budget,Organic Search
CUST106497,2025-07-29 14:04:00,5,1574.17943,155,4,5,5,455,Champions,Budget,Organic Search
CUST106499,2025-06-30 02:49:00,3,200.52999999999997,184,3,4,2,342,Loyal Customers,Mainstream,Referral
CUST106500,2025-12-06 09:09:00,3,235.47555,25,5,4,2,542,Loyal Customers,Mainstream,Direct
CUST106501,2025-08-24 00:27:00,4,1308.11648,129,4,4,5,445,Champions,Budget,Organic Search
CUST106502,2025-02-08 00:24:00,3,477.96000000000004,326,3,4,3,343,Loyal Customers,Mainstream,Paid Search
CUST106503,2024-12-15 14:51:00,2,454.14559999999994,381,2,3,3,233,At Risk,Mainstream,Social Media
CUST106504,2024-07-02 17:13:00,1,79.75,547,2,2,1,221,Lost Customers,Premium,Social Media
CUST106505,2023-09-19 10:56:00,1,60.21,834,1,2,1,121,Lost Customers,Premium,Referral
CUST106506,2024-06-22 04:11:00,1,56.94,557,2,2,1,221,Lost Customers,Premium,Referral
CUST106508,2025-06-05 21:08:00,2,323.44,209,3,3,3,333,At Risk,Mainstream,Paid Search
CUST106509,2025-05-14 14:03:00,2,582.0477,231,3,3,4,334,At Risk,Budget,Affiliate
CUST106510,2025-08-26 05:32:00,2,468.87,127,4,3,3,433,Potential Loyalists,Premium,Affiliate
CUST106511,2025-05-28 15:24:00,1,200.68,217,3,2,2,322,Others,Mainstream,Paid Search
CUST106512,2024-12-06 00:46:00,1,168.59055999999998,390,2,2,2,222,Lost Customers,Budget,Organic Search
CUST106513,2024-06-29 21:55:00,2,407.9685999999999,550,2,3,3,233,At Risk,Budget,Referral
CUST106514,2023-03-31 00:02:00,1,181.77876,1006,1,2,2,122,Lost Customers,Mainstream,Social Media
CUST106516,2024-10-22 10:00:00,1,61.68,435,2,2,1,221,Lost Customers,Premium,Organic Search
CUST106517,2025-02-23 02:55:00,1,204.58792,311,3,2,2,322,Others,Budget,Social Media
CUST106522,2023-09-09 15:57:00,2,395.07903999999996,844,1,3,3,133,Others,Mainstream,Referral
CUST106523,2023-01-11 22:06:00,1,605.56,1085,1,2,4,124,Lost Customers,Budget,Paid Search
CUST106526,2025-10-11 15:28:00,4,699.7835,81,4,4,4,444,Champions,Budget,Direct
CUST106528,2024-12-14 09:05:00,2,352.16191,382,2,3,3,233,At Risk,Mainstream,Paid Search
CUST106529,2024-01-05 13:58:00,1,89.0,726,1,2,1,121,Lost Customers,Mainstream,Paid Search
CUST106530,2025-06-29 16:44:00,2,880.93,185,3,3,4,334,At Risk,Mainstream,Email
CUST106531,2024-01-16 12:04:00,1,187.77,715,1,2,2,122,Lost Customers,Budget,Organic Search
CUST106532,2024-11-26 11:47:00,2,46.31236,400,2,3,1,231,At Risk,Premium,Organic Search
CUST106533,2024-11-04 09:56:00,2,385.47999999999996,422,2,3,3,233,At Risk,Budget,Direct
CUST106534,2023-03-18 09:54:00,1,23.03232,1019,1,2,1,121,Lost Customers,Budget,Paid Search
CUST106537,2024-01-20 05:41:00,1,288.31,711,1,2,2,122,Lost Customers,Premium,Paid Search
CUST106539,2025-03-23 20:03:00,3,437.88740000000007,283,3,4,3,343,Loyal Customers,Budget,Paid Search
CUST106541,2025-09-11 00:43:00,21,3379.68329,111,4,5,5,455,Champions,Mainstream,Social Media
CUST106542,2023-12-07 01:18:00,1,157.53296,755,1,2,2,122,Lost Customers,Mainstream,Social Media
CUST106544,2025-11-15 11:36:00,7,1839.6244000000002,46,5,5,5,555,Champions,Budget,Social Media
CUST106545,2025-08-25 08:15:00,8,3338.54154,128,4,5,5,455,Champions,Premium,Email
CUST106546,2024-03-17 21:35:00,2,545.005,654,1,3,3,133,Others,Premium,Email
CUST106549,2025-10-22 04:57:00,3,257.43,70,4,4,2,442,Loyal Customers,Mainstream,Direct
CUST106550,2024-12-22 22:51:00,2,149.21,374,2,3,1,231,At Risk,Mainstream,Social Media
CUST106551,2023-01-13 13:54:00,1,64.66,1083,1,2,1,121,Lost Customers,Budget,Social Media
CUST106552,2024-03-07 10:24:00,2,335.24754,664,1,3,3,133,Others,Mainstream,Social Media
CUST106556,2024-09-10 10:33:00,1,222.20458000000002,477,2,2,2,222,Lost Customers,Budget,Social Media
CUST106557,2025-04-05 19:17:00,1,31.62,270,3,2,1,321,Others,Premium,Referral
CUST106558,2024-10-26 05:01:00,4,1068.89916,431,2,4,5,245,Loyal Customers,Premium,Organic Search
CUST106559,2025-12-07 19:15:00,3,1116.07378,24,5,4,5,545,Champions,Mainstream,Affiliate
CUST106561,2025-11-24 10:22:00,14,2125.10866,37,5,5,5,555,Champions,Premium,Paid Search
CUST106562,2025-06-18 09:04:00,4,329.20304,196,3,4,3,343,Loyal Customers,Mainstream,Organic Search
CUST106564,2025-07-26 13:30:00,5,844.20082,158,4,5,4,454,Champions,Premium,Organic Search
CUST106567,2025-08-17 06:21:00,4,259.8,136,4,4,2,442,Loyal Customers,Mainstream,Paid Search
CUST106568,2025-11-29 18:03:00,6,872.25,32,5,5,4,554,Champions,Mainstream,Social Media
CUST106569,2025-05-18 10:39:00,2,781.84446,227,3,3,4,334,At Risk,Budget,Referral
CUST106570,2025-09-25 20:54:00,23,5273.46647,97,4,5,5,455,Champions,Budget,Email
CUST106571,2023-02-14 23:35:00,1,779.6099999999999,1050,1,2,4,124,Lost Customers,Mainstream,Paid Search
CUST106572,2025-10-29 21:41:00,10,1019.33305,63,4,5,4,454,Champions,Budget,Social Media
CUST106573,2023-05-04 16:43:00,1,129.55,972,1,2,1,121,Lost Customers,Premium,Organic Search
CUST106574,2025-05-14 23:59:00,10,1435.9016,230,3,5,5,355,Loyal Customers,Mainstream,Email
CUST106575,2025-11-14 17:23:00,5,997.1600000000001,47,5,5,4,554,Champions,Mainstream,Organic Search
CUST106577,2025-12-11 14:30:00,2,326.78999999999996,20,5,3,3,533,Potential Loyalists,Mainstream,Direct
CUST106578,2025-11-13 01:48:00,13,2365.38621,48,5,5,5,555,Champions,Mainstream,Email
CUST106579,2024-03-14 15:15:00,2,657.5044,657,1,3,4,134,Others,Mainstream,Social Media
CUST106580,2025-01-13 11:50:00,4,734.31396,352,2,4,4,244,Loyal Customers,Budget,Social Media
CUST106581,2025-11-22 10:07:00,11,2071.19532,39,5,5,5,555,Champions,Mainstream,Social Media
CUST106582,2025-02-24 04:39:00,3,510.65713999999997,310,3,4,3,343,Loyal Customers,Premium,Referral
CUST106586,2025-08-13 00:37:00,5,1175.48199,140,4,5,5,455,Champions,Mainstream,Email
CUST106587,2023-07-23 02:23:00,1,389.42,892,1,2,3,123,Lost Customers,Mainstream,Organic Search
CUST106588,2024-11-10 14:57:00,1,424.03000000000003,416,2,2,3,223,Lost Customers,Mainstream,Paid Search
CUST106589,2025-10-07 18:32:00,1,301.24,85,4,2,2,422,Potential Loyalists,Budget,Email
CUST106590,2025-10-11 05:22:00,11,1592.69375,81,4,5,5,455,Champions,Budget,Affiliate
CUST106591,2025-09-25 06:15:00,4,989.02266,97,4,4,4,444,Champions,Mainstream,Direct
CUST106592,2023-02-16 21:31:00,1,378.22325,1049,1,2,3,123,Lost Customers,Premium,Direct
CUST106593,2025-12-08 03:11:00,26,5723.5731,23,5,5,5,555,Champions,Mainstream,Organic Search
CUST106594,2025-12-21 12:07:00,6,1046.8645099999999,10,5,5,5,555,Champions,Mainstream,Email
CUST106597,2025-10-24 06:30:00,3,194.23656,68,4,4,2,442,Loyal Customers,Budget,Paid Search
CUST106598,2023-06-16 19:52:00,2,237.28,929,1,3,2,132,Others,Budget,Social Media
CUST106599,2024-03-20 04:10:00,1,166.35,651,1,2,2,122,Lost Customers,Premium,Organic Search
CUST106601,2025-12-22 00:45:00,2,564.4,9,5,3,4,534,Potential Loyalists,Mainstream,Affiliate
CUST106603,2025-02-13 20:11:00,1,126.96744,321,3,2,1,321,Others,Mainstream,Organic Search
CUST106605,2025-08-11 13:53:00,2,1838.54,142,4,3,5,435,Potential Loyalists,Mainstream,Social Media
CUST106606,2024-03-09 01:58:00,1,270.34999999999997,662,1,2,2,122,Lost Customers,Budget,Referral
CUST106607,2024-10-15 06:02:00,2,569.1375,442,2,3,4,234,At Risk,Budget,Paid Search
CUST106608,2025-11-29 14:58:00,5,675.81849,32,5,5,4,554,Champions,Mainstream,Social Media
CUST106609,2025-12-20 11:21:00,44,9900.22883,11,5,5,5,555,Champions,Budget,Direct
CUST106610,2024-12-03 18:27:00,1,159.19724,393,2,2,2,222,Lost Customers,Premium,Paid Search
CUST106611,2024-08-19 22:16:00,1,67.628,499,2,2,1,221,Lost Customers,Budget,Referral
CUST106612,2025-12-15 18:32:00,23,2763.14887,16,5,5,5,555,Champions,Mainstream,Direct
CUST106613,2025-02-04 00:00:00,1,271.58403,330,3,2,2,322,Others,Mainstream,Referral
CUST106614,2023-09-20 05:34:00,1,331.65999999999997,833,1,2,3,123,Lost Customers,Mainstream,Affiliate
CUST106616,2025-04-25 20:19:00,4,627.9337800000001,250,3,4,4,344,Loyal Customers,Premium,Social Media
CUST106617,2024-08-09 19:23:00,2,176.08,509,2,3,2,232,At Risk,Mainstream,Social Media
CUST106619,2025-10-03 08:42:00,8,1233.55719,89,4,5,5,455,Champions,Budget,Paid Search
CUST106620,2025-01-12 11:12:00,2,308.96416,353,2,3,3,233,At Risk,Premium,Email
CUST106622,2025-06-20 15:43:00,6,511.74830000000003,194,3,5,3,353,Loyal Customers,Mainstream,Organic Search
CUST106623,2025-09-16 23:44:00,2,708.32764,105,4,3,4,434,Potential Loyalists,Budget,Direct
CUST106624,2024-11-23 22:32:00,2,683.77684,403,2,3,4,234,At Risk,Mainstream,Paid Search
CUST106625,2024-03-07 14:54:00,1,246.49,664,1,2,2,122,Lost Customers,Budget,Organic Search
CUST106626,2024-09-06 18:56:00,1,38.82177,481,2,2,1,221,Lost Customers,Budget,Email
CUST106628,2025-12-21 04:07:00,5,1827.3353599999998,10,5,5,5,555,Champions,Premium,Social Media
CUST106629,2025-06-14 19:21:00,4,891.19,200,3,4,4,344,Loyal Customers,Mainstream,Paid Search
CUST106630,2025-10-12 20:48:00,2,139.11,80,4,3,1,431,Potential Loyalists,Budget,Referral
CUST106631,2024-02-22 14:44:00,1,242.20000000000002,678,1,2,2,122,Lost Customers,Mainstream,Email
CUST106632,2025-08-15 17:27:00,4,405.56178,138,4,4,3,443,Loyal Customers,Premium,Email
CUST106634,2023-12-08 10:08:00,2,351.82283,754,1,3,3,133,Others,Budget,Referral
CUST106635,2025-08-29 16:04:00,4,683.07232,124,4,4,4,444,Champions,Mainstream,Organic Search
CUST106638,2025-05-19 17:00:00,3,1043.17555,226,3,4,5,345,Loyal Customers,Premium,Paid Search
CUST106639,2025-09-14 02:23:00,2,330.52,108,4,3,3,433,Potential Loyalists,Budget,Paid Search
CUST106640,2024-03-22 05:27:00,2,338.52344000000005,649,1,3,3,133,Others,Mainstream,Paid Search
CUST106641,2023-04-09 17:30:00,1,89.0,997,1,2,1,121,Lost Customers,Mainstream,Paid Search
CUST106642,2023-05-30 22:13:00,1,257.44,946,1,2,2,122,Lost Customers,Mainstream,Paid Search
CUST106645,2024-10-15 05:09:00,1,138.35,442,2,2,1,221,Lost Customers,Mainstream,Email
CUST106646,2025-12-28 04:11:00,2,257.32000000000005,3,5,3,2,532,Potential Loyalists,Premium,Organic Search
CUST106647,2025-07-28 00:04:00,4,409.72234,156,4,4,3,443,Loyal Customers,Budget,Paid Search
CUST106650,2023-01-16 02:33:00,1,204.96,1080,1,2,2,122,Lost Customers,Mainstream,Direct
CUST106651,2024-11-28 05:03:00,5,891.9890399999999,398,2,5,4,254,Loyal Customers,Mainstream,Email
CUST106652,2025-10-07 10:44:00,5,1065.32,85,4,5,5,455,Champions,Mainstream,Organic Search
CUST106653,2023-01-30 16:09:00,1,138.35,1066,1,2,1,121,Lost Customers,Budget,Referral
CUST106655,2025-10-22 13:40:00,4,1007.9,70,4,4,4,444,Champions,Mainstream,Direct
CUST106656,2024-02-06 04:17:00,2,339.51551,694,1,3,3,133,Others,Premium,Social Media
CUST106657,2025-11-05 13:37:00,13,2202.9315,56,4,5,5,455,Champions,Mainstream,Paid Search
CUST106659,2023-05-16 14:24:00,2,297.2,960,1,3,2,132,Others,Budget,Paid Search
CUST106661,2025-01-08 12:12:00,13,1622.91974,357,2,5,5,255,Loyal Customers,Mainstream,Email
CUST106662,2024-11-25 11:30:00,6,666.8000000000001,401,2,5,4,254,Loyal Customers,Premium,Organic Search
CUST106663,2023-11-01 00:47:00,1,193.49,791,1,2,2,122,Lost Customers,Mainstream,Direct
CUST106665,2025-06-21 20:26:00,4,881.58,193,3,4,4,344,Loyal Customers,Budget,Paid Search
CUST106666,2025-11-02 15:08:00,11,2643.93855,59,4,5,5,455,Champions,Mainstream,Paid Search
CUST106667,2025-12-05 14:44:00,6,751.68368,26,5,5,4,554,Champions,Mainstream,Social Media
CUST106668,2025-01-22 00:20:00,4,664.43563,343,3,4,4,344,Loyal Customers,Mainstream,Paid Search
CUST106669,2024-05-26 02:22:00,1,69.67,584,2,2,1,221,Lost Customers,Mainstream,Paid Search
CUST106670,2025-07-02 14:52:00,3,511.99,182,3,4,3,343,Loyal Customers,Budget,Direct
CUST106671,2023-10-03 03:11:00,1,89.97,820,1,2,1,121,Lost Customers,Mainstream,Paid Search
CUST106673,2025-07-30 14:34:00,5,600.01302,154,4,5,4,454,Champions,Budget,Social Media
CUST106674,2024-05-19 13:23:00,2,1059.81,591,2,3,5,235,At Risk,Budget,Paid Search
CUST106675,2024-10-30 23:45:00,1,89.0,426,2,2,1,221,Lost Customers,Premium,Direct
CUST106677,2025-11-21 18:17:00,6,1654.38,40,5,5,5,555,Champions,Budget,Organic Search
CUST106679,2025-11-29 18:54:00,1,204.32234999999997,32,5,2,2,522,Potential Loyalists,Mainstream,Direct
CUST106680,2023-12-17 09:07:00,1,271.23609,745,1,2,2,122,Lost Customers,Premium,Email
CUST106681,2024-12-15 01:11:00,2,437.07287,381,2,3,3,233,At Risk,Mainstream,Social Media
CUST106682,2025-11-29 07:13:00,8,1052.10035,32,5,5,5,555,Champions,Mainstream,Organic Search
CUST106683,2024-03-25 03:20:00,2,179.67792,646,1,3,2,132,Others,Budget,Social Media
CUST106684,2025-12-25 20:01:00,12,2227.68309,6,5,5,5,555,Champions,Budget,Organic Search
CUST106685,2024-06-15 08:50:00,2,741.4399999999999,564,2,3,4,234,At Risk,Budget,Social Media
CUST106686,2025-09-11 03:52:00,2,396.0678,111,4,3,3,433,Potential Loyalists,Mainstream,Email
CUST106687,2025-11-03 06:07:00,4,918.8222499999999,58,4,4,4,444,Champions,Budget,Organic Search
CUST106690,2025-05-31 14:01:00,2,37.967169999999996,214,3,3,1,331,At Risk,Mainstream,Referral
CUST106691,2023-02-14 14:02:00,1,429.7,1051,1,2,3,123,Lost Customers,Mainstream,Social Media
CUST106692,2025-11-27 17:36:00,9,2005.2133199999998,34,5,5,5,555,Champions,Mainstream,Paid Search
CUST106693,2024-11-23 00:29:00,3,506.19,403,2,4,3,243,Loyal Customers,Budget,Email
CUST106695,2025-08-10 09:16:00,14,3354.74068,143,4,5,5,455,Champions,Mainstream,Paid Search
CUST106696,2023-08-03 00:49:00,2,238.49,881,1,3,2,132,Others,Mainstream,Direct
CUST106697,2025-07-14 23:35:00,3,502.58907999999997,169,3,4,3,343,Loyal Customers,Budget,Affiliate
CUST106700,2025-11-29 23:33:00,3,750.81233,31,5,4,4,544,Champions,Budget,Email
CUST106701,2025-07-26 00:05:00,4,1674.62434,158,4,4,5,445,Champions,Mainstream,Organic Search
CUST106702,2024-12-17 04:33:00,3,304.05277,379,2,4,2,242,Loyal Customers,Budget,Organic Search
CUST106703,2023-12-15 01:29:00,1,616.64,747,1,2,4,124,Lost Customers,Budget,Paid Search
CUST106704,2024-02-26 07:02:00,1,71.79,674,1,2,1,121,Lost Customers,Premium,Referral
CUST106705,2025-07-05 23:03:00,3,951.1868600000001,179,3,4,4,344,Loyal Customers,Budget,Social Media
CUST106706,2024-07-07 22:08:00,3,709.62442,542,2,4,4,244,Loyal Customers,Mainstream,Social Media
CUST106707,2025-06-08 00:25:00,4,832.1892,206,3,4,4,344,Loyal Customers,Budget,Organic Search
CUST106709,2023-02-07 08:09:00,1,16.48,1058,1,2,1,121,Lost Customers,Premium,Social Media
CUST106710,2025-12-17 15:12:00,16,3122.26593,14,5,5,5,555,Champions,Mainstream,Social Media
CUST106712,2024-10-06 07:39:00,2,271.65432,451,2,3,2,232,At Risk,Mainstream,Organic Search
CUST106715,2025-02-21 16:05:00,3,513.6894,313,3,4,3,343,Loyal Customers,Premium,Social Media
CUST106716,2025-08-01 07:13:00,1,571.22,152,4,2,4,424,Potential Loyalists,Premium,Referral
CUST106718,2025-11-13 20:53:00,5,1359.90456,48,5,5,5,555,Champions,Budget,Paid Search
CUST106719,2025-03-22 08:05:00,5,1288.9366599999998,284,3,5,5,355,Loyal Customers,Mainstream,Organic Search
CUST106720,2025-07-18 18:40:00,2,309.62,166,3,3,3,333,At Risk,Budget,Organic Search
CUST106724,2024-10-07 17:56:00,1,249.58,450,2,2,2,222,Lost Customers,Mainstream,Organic Search
CUST106725,2023-03-14 23:12:00,1,132.2,1022,1,2,1,121,Lost Customers,Budget,Paid Search
CUST106726,2025-11-27 13:33:00,5,756.31664,34,5,5,4,554,Champions,Mainstream,Organic Search
CUST106727,2024-01-31 11:19:00,1,113.28,700,1,2,1,121,Lost Customers,Premium,Social Media
CUST106729,2025-10-06 19:22:00,13,3067.60634,86,4,5,5,455,Champions,Premium,Paid Search
CUST106731,2023-05-20 13:22:00,1,348.1,956,1,2,3,123,Lost Customers,Mainstream,Organic Search
CUST106733,2024-04-23 01:16:00,4,619.5799999999999,617,1,4,4,144,Loyal Customers,Premium,Email
CUST106734,2025-02-18 10:21:00,5,1038.22593,316,3,5,5,355,Loyal Customers,Mainstream,Paid Search
CUST106735,2025-10-21 13:06:00,2,1045.86431,71,4,3,5,435,Potential Loyalists,Mainstream,Direct
CUST106736,2024-03-01 23:37:00,1,133.82,669,1,2,1,121,Lost Customers,Mainstream,Referral
CUST106737,2023-07-30 18:41:00,2,586.21,885,1,3,4,134,Others,Budget,Organic Search
CUST106738,2023-08-31 05:54:00,1,362.13,853,1,2,3,123,Lost Customers,Budget,Social Media
CUST106739,2025-03-06 15:04:00,2,573.5699999999999,300,3,3,4,334,At Risk,Premium,Organic Search
CUST106741,2025-12-14 16:21:00,8,2568.60999,17,5,5,5,555,Champions,Budget,Paid Search
CUST106742,2025-11-28 23:57:00,1,141.61654,32,5,2,1,521,Potential Loyalists,Mainstream,Email
CUST106743,2025-11-06 11:50:00,3,540.41,55,4,4,3,443,Loyal Customers,Budget,Organic Search
CUST106744,2025-06-16 17:59:00,2,458.98,198,3,3,3,333,At Risk,Mainstream,Referral
CUST106745,2025-12-24 04:00:00,15,2741.33254,7,5,5,5,555,Champions,Mainstream,Affiliate
CUST106746,2023-12-01 21:13:00,1,79.65,761,1,2,1,121,Lost Customers,Mainstream,Organic Search
CUST106747,2024-12-19 20:01:00,1,356.39476,377,2,2,3,223,Lost Customers,Premium,Social Media
CUST106748,2025-05-31 09:26:00,4,977.6500000000001,214,3,4,4,344,Loyal Customers,Budget,Social Media
CUST106749,2025-11-06 06:04:00,5,774.9846,55,4,5,4,454,Champions,Premium,Social Media
CUST106750,2024-07-20 16:41:00,1,305.6,529,2,2,2,222,Lost Customers,Mainstream,Paid Search
CUST106751,2025-03-24 01:27:00,2,563.43781,282,3,3,4,334,At Risk,Premium,Social Media
CUST106754,2025-07-06 17:45:00,3,512.15994,178,3,4,3,343,Loyal Customers,Mainstream,Referral
CUST106755,2025-10-21 03:12:00,4,664.36059,71,4,4,4,444,Champions,Budget,Email
CUST106756,2025-08-04 12:30:00,1,168.66495,149,4,2,2,422,Potential Loyalists,Mainstream,Organic Search
CUST106757,2023-03-29 14:22:00,1,168.36,1008,1,2,2,122,Lost Customers,Budget,Paid Search
CUST106758,2025-11-27 00:12:00,3,496.0,34,5,4,3,543,Loyal Customers,Budget,Email
CUST106759,2025-11-28 10:58:00,11,3411.26674,33,5,5,5,555,Champions,Premium,Email
CUST106760,2025-01-26 16:07:00,1,80.60877,339,3,2,1,321,Others,Premium,Direct
CUST106762,2023-08-13 21:52:00,2,346.19226000000003,871,1,3,3,133,Others,Mainstream,Paid Search
CUST106763,2025-04-04 05:58:00,2,184.204,271,3,3,2,332,At Risk,Premium,Organic Search
CUST106765,2025-10-11 11:31:00,1,128.51,81,4,2,1,421,Potential Loyalists,Budget,Organic Search
CUST106766,2024-02-03 14:10:00,1,387.68999999999994,697,1,2,3,123,Lost Customers,Budget,Paid Search
CUST106767,2025-02-28 22:57:00,3,592.7272,306,3,4,4,344,Loyal Customers,Premium,Paid Search
CUST106768,2024-01-24 22:06:00,1,155.58,707,1,2,2,122,Lost Customers,Budget,Organic Search
CUST106770,2025-12-16 19:52:00,3,578.0394200000001,15,5,4,4,544,Champions,Mainstream,Affiliate
CUST106771,2025-12-06 22:33:00,21,3163.30262,25,5,5,5,555,Champions,Mainstream,Direct
CUST106772,2024-06-06 23:45:00,1,36.936569999999996,572,2,2,1,221,Lost Customers,Budget,Paid Search
CUST106773,2023-12-14 06:46:00,2,764.06,748,1,3,4,134,Others,Mainstream,Referral
CUST106774,2025-04-30 08:16:00,2,517.25754,245,3,3,3,333,At Risk,Mainstream,Social Media
CUST106775,2023-11-27 15:09:00,1,153.13513999999998,765,1,2,2,122,Lost Customers,Premium,Affiliate
CUST106777,2024-07-06 00:35:00,1,225.45553999999998,543,2,2,2,222,Lost Customers,Premium,Paid Search
CUST106778,2025-12-05 17:22:00,3,526.8,26,5,4,3,543,Loyal Customers,Budget,Paid Search
CUST106779,2025-05-17 00:32:00,2,368.33851000000004,228,3,3,3,333,At Risk,Budget,Affiliate
CUST106780,2025-01-25 23:20:00,2,328.01433,339,3,3,3,333,At Risk,Premium,Direct
CUST106781,2025-03-06 22:17:00,7,1107.964,300,3,5,5,355,Loyal Customers,Budget,Social Media
CUST106782,2025-01-27 02:46:00,1,64.71,338,3,2,1,321,Others,Budget,Social Media
CUST106784,2025-12-10 01:07:00,4,493.53,21,5,4,3,543,Loyal Customers,Mainstream,Referral
CUST106785,2025-08-09 04:16:00,7,1581.63862,144,4,5,5,455,Champions,Mainstream,Social Media
CUST106786,2025-04-21 16:32:00,3,417.4221,254,3,4,3,343,Loyal Customers,Premium,Paid Search
CUST106787,2023-08-01 20:18:00,2,234.77264,883,1,3,2,132,Others,Budget,Organic Search
CUST106788,2025-10-17 06:35:00,4,552.4413000000001,75,4,4,4,444,Champions,Budget,Social Media
CUST106789,2023-10-28 05:12:00,2,197.45999999999998,795,1,3,2,132,Others,Budget,Organic Search
CUST106790,2025-11-30 13:57:00,6,1243.7505,31,5,5,5,555,Champions,Premium,Direct
CUST106791,2024-07-23 16:22:00,1,364.82949999999994,526,2,2,3,223,Lost Customers,Mainstream,Affiliate
CUST106792,2025-08-31 01:25:00,2,501.93,122,4,3,3,433,Potential Loyalists,Budget,Organic Search
CUST106794,2025-12-09 08:48:00,3,578.07581,22,5,4,4,544,Champions,Budget,Email
CUST106795,2023-02-26 16:44:00,1,34.28,1039,1,2,1,121,Lost Customers,Mainstream,Social Media
CUST106796,2025-07-16 03:20:00,1,129.7692,168,3,2,1,321,Others,Mainstream,Paid Search
CUST106797,2025-07-09 20:25:00,7,1214.13555,175,3,5,5,355,Loyal Customers,Mainstream,Organic Search
CUST106798,2024-10-05 16:16:00,3,808.08751,452,2,4,4,244,Loyal Customers,Mainstream,Affiliate
CUST106800,2025-12-19 06:50:00,2,152.4495,12,5,3,2,532,Potential Loyalists,Mainstream,Social Media
CUST106802,2025-10-10 01:11:00,1,118.79,82,4,2,1,421,Potential Loyalists,Budget,Organic Search
CUST106803,2025-12-04 16:49:00,4,666.0879299999999,27,5,4,4,544,Champions,Mainstream,Social Media
CUST106804,2025-09-06 12:53:00,2,158.11520000000002,116,4,3,2,432,Potential Loyalists,Premium,Email
CUST106806,2025-10-25 21:35:00,2,644.90634,67,4,3,4,434,Potential Loyalists,Mainstream,Social Media
CUST106807,2024-07-12 14:20:00,1,155.58,537,2,2,2,222,Lost Customers,Mainstream,Organic Search
CUST106808,2024-08-23 23:39:00,2,180.7,494,2,3,2,232,At Risk,Budget,Organic Search
CUST106809,2025-11-15 06:32:00,2,345.94,46,5,3,3,533,Potential Loyalists,Budget,Paid Search
CUST106810,2025-09-08 17:44:00,8,1845.20228,114,4,5,5,455,Champions,Mainstream,Paid Search
CUST106811,2024-09-21 17:56:00,4,738.52,466,2,4,4,244,Loyal Customers,Budget,Organic Search
CUST106812,2024-12-28 10:59:00,4,419.2661,368,2,4,3,243,Loyal Customers,Mainstream,Referral
CUST106814,2024-10-08 19:56:00,1,118.79,449,2,2,1,221,Lost Customers,Budget,Direct
CUST106815,2025-11-23 16:10:00,2,193.73,38,5,3,2,532,Potential Loyalists,Premium,Affiliate
CUST106817,2023-02-12 09:59:00,1,159.48,1053,1,2,2,122,Lost Customers,Budget,Email
CUST106819,2025-09-09 04:21:00,4,1092.6200000000001,113,4,4,5,445,Champions,Budget,Paid Search
CUST106820,2025-10-06 11:12:00,5,1007.39,86,4,5,4,454,Champions,Premium,Organic Search
CUST106821,2025-11-20 03:37:00,11,1985.57981,41,5,5,5,555,Champions,Mainstream,Paid Search
CUST106822,2025-01-08 05:41:00,2,616.72,357,2,3,4,234,At Risk,Mainstream,Email
CUST106823,2025-12-06 01:38:00,4,473.03,25,5,4,3,543,Loyal Customers,Premium,Email
CUST106824,2024-04-28 23:38:00,3,345.8045,611,2,4,3,243,Loyal Customers,Mainstream,Email
CUST106825,2024-03-18 01:46:00,1,212.95,653,1,2,2,122,Lost Customers,Premium,Social Media
CUST106826,2024-10-29 15:32:00,1,400.26000000000005,428,2,2,3,223,Lost Customers,Budget,Referral
CUST106827,2025-11-27 00:33:00,21,4226.49645,34,5,5,5,555,Champions,Budget,Referral
CUST106829,2025-10-02 14:19:00,6,1856.8,90,4,5,5,455,Champions,Premium,Email
CUST106832,2025-04-19 00:40:00,3,774.8199999999999,256,3,4,4,344,Loyal Customers,Premium,Social Media
CUST106834,2025-09-21 06:39:00,2,161.12552000000002,101,4,3,2,432,Potential Loyalists,Mainstream,Direct
CUST106837,2025-04-15 04:51:00,1,170.14704999999998,260,3,2,2,322,Others,Budget,Organic Search
CUST106838,2025-11-27 02:00:00,6,1022.10256,34,5,5,5,555,Champions,Premium,Paid Search
CUST106839,2023-05-14 06:50:00,2,213.44,962,1,3,2,132,Others,Budget,Paid Search
CUST106840,2025-01-23 17:46:00,2,210.63,342,3,3,2,332,At Risk,Mainstream,Direct
CUST106841,2025-07-16 22:58:00,1,130.91,168,3,2,1,321,Others,Mainstream,Email
CUST106842,2025-08-23 05:44:00,1,113.3,130,4,2,1,421,Potential Loyalists,Mainstream,Referral
CUST106843,2024-07-16 17:53:00,3,529.41,533,2,4,3,243,Loyal Customers,Mainstream,Direct
CUST106844,2025-02-14 14:02:00,13,2123.24238,320,3,5,5,355,Loyal Customers,Mainstream,Organic Search
CUST106845,2024-11-06 14:25:00,1,204.48154,420,2,2,2,222,Lost Customers,Premium,Organic Search
CUST106846,2024-09-27 00:53:00,5,1476.26396,460,2,5,5,255,Loyal Customers,Premium,Referral
CUST106847,2025-12-21 15:52:00,18,3118.0735,10,5,5,5,555,Champions,Budget,Organic Search
CUST106848,2023-11-22 21:20:00,3,1109.30226,770,1,4,5,145,Loyal Customers,Mainstream,Social Media
CUST106849,2024-11-27 07:16:00,2,328.11561,399,2,3,3,233,At Risk,Mainstream,Social Media
CUST106850,2025-12-14 07:17:00,3,687.74626,17,5,4,4,544,Champions,Mainstream,Social Media
CUST106851,2025-11-09 13:47:00,17,2431.72012,52,5,5,5,555,Champions,Mainstream,Affiliate
CUST106852,2023-03-31 20:47:00,1,234.35562000000002,1006,1,2,2,122,Lost Customers,Premium,Paid Search
CUST106853,2025-10-19 22:24:00,1,62.25101999999999,73,4,2,1,421,Potential Loyalists,Mainstream,Social Media
CUST106856,2025-08-18 03:34:00,1,166.35,135,4,2,2,422,Potential Loyalists,Mainstream,Referral
CUST106857,2025-08-14 22:47:00,1,12.52,139,4,2,1,421,Potential Loyalists,Mainstream,Affiliate
CUST106858,2025-10-02 02:57:00,3,496.32,90,4,4,3,443,Loyal Customers,Mainstream,Organic Search
CUST106859,2024-05-04 15:31:00,2,353.16931,606,2,3,3,233,At Risk,Premium,Paid Search
CUST106861,2025-01-10 06:33:00,8,2124.35276,355,2,5,5,255,Loyal Customers,Premium,Paid Search
CUST106863,2024-09-18 08:50:00,3,356.22,469,2,4,3,243,Loyal Customers,Mainstream,Paid Search
CUST106864,2025-09-25 04:21:00,2,556.41008,97,4,3,4,434,Potential Loyalists,Budget,Organic Search
CUST106865,2025-08-06 04:21:00,3,479.1458,147,4,4,3,443,Loyal Customers,Premium,Referral
CUST106866,2025-12-20 13:22:00,9,1430.8799999999999,11,5,5,5,555,Champions,Mainstream,Organic Search
CUST106867,2025-09-08 17:36:00,1,79.75,114,4,2,1,421,Potential Loyalists,Budget,Social Media
CUST106868,2025-07-01 00:35:00,2,302.33,183,3,3,2,332,At Risk,Budget,Paid Search
CUST106869,2023-01-19 10:22:00,1,550.21,1077,1,2,4,124,Lost Customers,Premium,Email
CUST106871,2025-02-08 09:58:00,3,772.01,326,3,4,4,344,Loyal Customers,Mainstream,Paid Search
CUST106872,2025-08-21 03:40:00,6,1408.5608499999998,132,4,5,5,455,Champions,Mainstream,Affiliate
CUST106873,2024-08-08 13:05:00,2,245.36,510,2,3,2,232,At Risk,Budget,Referral
CUST106874,2023-10-06 06:33:00,1,286.26885999999996,817,1,2,2,122,Lost Customers,Premium,Email
CUST106875,2025-11-09 06:50:00,2,192.11,52,5,3,2,532,Potential Loyalists,Premium,Referral
CUST106876,2024-12-27 02:03:00,1,407.93999999999994,369,2,2,3,223,Lost Customers,Budget,Social Media
CUST106877,2025-12-03 22:40:00,7,1732.35035,28,5,5,5,555,Champions,Budget,Organic Search
CUST106879,2025-12-09 22:17:00,4,323.26299,22,5,4,3,543,Loyal Customers,Budget,Direct
CUST106880,2025-12-08 08:47:00,7,1404.84528,23,5,5,5,555,Champions,Budget,Affiliate
CUST106881,2025-02-14 07:26:00,1,61.68,320,3,2,1,321,Others,Premium,Email
CUST106882,2025-10-04 12:43:00,1,251.05119000000002,88,4,2,2,422,Potential Loyalists,Budget,Organic Search
CUST106884,2023-03-13 06:52:00,1,28.54,1024,1,2,1,121,Lost Customers,Budget,Email
CUST106886,2025-06-10 07:41:00,2,514.9200000000001,204,3,3,3,333,At Risk,Mainstream,Social Media
CUST106887,2024-03-08 02:50:00,2,189.63465,663,1,3,2,132,Others,Budget,Paid Search
CUST106888,2025-03-14 22:51:00,2,278.18494,292,3,3,2,332,At Risk,Mainstream,Organic Search
CUST106889,2023-02-26 03:31:00,1,57.08,1039,1,2,1,121,Lost Customers,Premium,Referral
CUST106890,2024-12-10 05:10:00,1,143.39,386,2,2,1,221,Lost Customers,Mainstream,Organic Search
CUST106891,2023-04-16 20:00:00,1,33.66,990,1,2,1,121,Lost Customers,Premium,Email
CUST106892,2024-10-07 11:53:00,1,90.34028,450,2,2,1,221,Lost Customers,Budget,Organic Search
CUST106894,2025-12-11 11:10:00,10,2502.45842,20,5,5,5,555,Champions,Premium,Referral
CUST106895,2025-11-22 06:26:00,6,1327.0728100000001,39,5,5,5,555,Champions,Mainstream,Social Media
CUST106896,2025-12-17 20:28:00,2,315.53,14,5,3,3,533,Potential Loyalists,Premium,Direct
CUST106897,2023-03-01 10:50:00,1,11.10524,1036,1,2,1,121,Lost Customers,Mainstream,Email
CUST106898,2025-04-25 06:08:00,2,301.15000000000003,250,3,3,2,332,At Risk,Premium,Direct
CUST106900,2024-03-15 03:03:00,2,193.99810000000002,656,1,3,2,132,Others,Budget,Email
CUST106901,2025-12-21 08:25:00,6,528.66416,10,5,5,3,553,Loyal Customers,Mainstream,Organic Search
CUST106902,2024-01-20 05:08:00,1,214.85,711,1,2,2,122,Lost Customers,Premium,Referral
CUST106903,2025-12-21 02:43:00,5,1756.70739,10,5,5,5,555,Champions,Budget,Social Media
CUST106905,2025-01-01 04:18:00,4,841.9,364,2,4,4,244,Loyal Customers,Premium,Social Media
CUST106906,2025-04-20 08:37:00,8,1121.18254,255,3,5,5,355,Loyal Customers,Mainstream,Referral
CUST106907,2025-03-09 06:52:00,2,248.45,297,3,3,2,332,At Risk,Mainstream,Organic Search
CUST106908,2024-12-17 07:00:00,3,1069.01,379,2,4,5,245,Loyal Customers,Budget,Email
CUST106910,2025-04-07 10:27:00,4,678.8201799999999,268,3,4,4,344,Loyal Customers,Premium,Paid Search
CUST106912,2025-12-15 04:50:00,3,164.09934,16,5,4,2,542,Loyal Customers,Budget,Direct
CUST106914,2024-02-28 11:58:00,2,119.93813000000002,672,1,3,1,131,Others,Mainstream,Organic Search
CUST106915,2025-01-25 17:59:00,1,46.51,340,3,2,1,321,Others,Premium,Email
CUST106916,2025-05-30 13:42:00,2,767.6765700000001,215,3,3,4,334,At Risk,Mainstream,Social Media
CUST106917,2025-07-30 04:35:00,1,116.28,154,4,2,1,421,Potential Loyalists,Premium,Referral
CUST106918,2025-11-27 15:43:00,2,205.5634,34,5,3,2,532,Potential Loyalists,Mainstream,Email
CUST106919,2023-06-03 17:30:00,2,249.51999999999998,942,1,3,2,132,Others,Budget,Social Media
CUST106920,2025-04-18 03:44:00,2,555.25,257,3,3,4,334,At Risk,Mainstream,Social Media
CUST106921,2025-12-11 05:51:00,15,2316.37334,20,5,5,5,555,Champions,Mainstream,Paid Search
CUST106923,2025-12-05 16:13:00,10,2044.28785,26,5,5,5,555,Champions,Mainstream,Paid Search
CUST106924,2025-12-12 02:56:00,6,1419.64955,19,5,5,5,555,Champions,Budget,Affiliate
CUST106925,2024-09-08 15:52:00,2,66.7569,479,2,3,1,231,At Risk,Mainstream,Paid Search
CUST106926,2024-11-14 19:00:00,1,201.25721000000001,412,2,2,2,222,Lost Customers,Mainstream,Paid Search
CUST106927,2025-07-05 19:14:00,2,417.61217,179,3,3,3,333,At Risk,Budget,Referral
CUST106928,2025-11-05 17:23:00,2,223.14,56,4,3,2,432,Potential Loyalists,Mainstream,Paid Search
CUST106929,2025-11-29 19:56:00,1,103.28999999999999,32,5,2,1,521,Potential Loyalists,Mainstream,Organic Search
CUST106932,2024-06-20 20:48:00,2,860.29,559,2,3,4,234,At Risk,Premium,Organic Search
CUST106935,2024-03-25 02:34:00,1,180.8886,646,1,2,2,122,Lost Customers,Mainstream,Social Media
CUST106936,2025-06-15 19:32:00,4,644.5899999999999,199,3,4,4,344,Loyal Customers,Premium,Paid Search
CUST106938,2025-06-11 04:14:00,4,1313.43646,203,3,4,5,345,Loyal Customers,Mainstream,Direct
CUST106940,2023-10-22 15:16:00,1,131.32198,801,1,2,1,121,Lost Customers,Premium,Referral
CUST106941,2025-11-10 23:37:00,12,1449.00552,50,5,5,5,555,Champions,Premium,Paid Search
CUST106942,2024-10-24 07:16:00,3,935.25754,433,2,4,4,244,Loyal Customers,Budget,Social Media
CUST106944,2025-09-15 00:55:00,3,388.922,107,4,4,3,443,Loyal Customers,Mainstream,Organic Search
CUST106945,2025-03-11 19:20:00,1,46.79479,295,3,2,1,321,Others,Budget,Email
CUST106946,2023-03-11 17:53:00,1,41.23,1026,1,2,1,121,Lost Customers,Budget,Paid Search
CUST106947,2025-08-05 03:43:00,4,942.0587599999999,148,4,4,4,444,Champions,Premium,Direct
CUST106948,2025-10-29 16:22:00,5,1021.68733,63,4,5,5,455,Champions,Budget,Referral
CUST106949,2025-05-21 03:29:00,3,449.47,224,3,4,3,343,Loyal Customers,Mainstream,Organic Search
CUST106950,2025-12-17 00:21:00,5,508.02061999999995,14,5,5,3,553,Loyal Customers,Premium,Social Media
CUST106951,2025-08-05 15:33:00,4,530.34358,148,4,4,3,443,Loyal Customers,Budget,Direct
CUST106952,2025-10-12 07:16:00,11,982.50962,80,4,5,4,454,Champions,Mainstream,Social Media
CUST106953,2024-11-11 21:00:00,1,77.67,415,2,2,1,221,Lost Customers,Premium,Organic Search
CUST106954,2024-11-09 18:14:00,1,218.02,417,2,2,2,222,Lost Customers,Premium,Referral
CUST106955,2023-08-13 12:13:00,1,332.03,871,1,2,3,123,Lost Customers,Budget,Paid Search
CUST106956,2025-12-17 16:16:00,5,319.55895999999996,14,5,5,3,553,Loyal Customers,Budget,Email
CUST106957,2024-02-10 02:14:00,2,397.17,690,1,3,3,133,Others,Mainstream,Paid Search
CUST106960,2024-04-06 08:22:00,1,66.91,634,1,2,1,121,Lost Customers,Budget,Paid Search
CUST106961,2024-03-23 04:02:00,2,402.49,648,1,3,3,133,Others,Premium,Direct
CUST106962,2025-12-10 02:34:00,5,1115.12995,21,5,5,5,555,Champions,Mainstream,Social Media
CUST106963,2025-08-06 02:42:00,2,696.71,147,4,3,4,434,Potential Loyalists,Mainstream,Organic Search
CUST106964,2024-06-24 19:41:00,1,260.61,555,2,2,2,222,Lost Customers,Mainstream,Email
CUST106965,2025-03-07 11:18:00,3,618.01,299,3,4,4,344,Loyal Customers,Budget,Social Media
CUST106966,2025-08-28 19:37:00,3,315.66197,125,4,4,3,443,Loyal Customers,Mainstream,Paid Search
CUST106968,2024-04-15 04:55:00,2,346.4,625,1,3,3,133,Others,Mainstream,Affiliate
CUST106969,2024-03-24 21:33:00,2,117.72999999999999,647,1,3,1,131,Others,Budget,Organic Search
CUST106970,2024-01-11 08:44:00,2,425.03,720,1,3,3,133,Others,Premium,Direct
CUST106971,2023-01-20 08:25:00,1,324.5,1076,1,2,3,123,Lost Customers,Budget,Email
CUST106972,2025-04-10 13:23:00,5,792.94127,265,3,5,4,354,Loyal Customers,Mainstream,Paid Search
CUST106973,2025-02-25 04:22:00,2,341.08,309,3,3,3,333,At Risk,Budget,Referral
CUST106974,2025-12-05 12:11:00,4,1021.12569,26,5,4,4,544,Champions,Mainstream,Social Media
CUST106975,2023-01-23 02:20:00,1,266.3,1073,1,2,2,122,Lost Customers,Budget,Referral
CUST106976,2023-02-25 20:03:00,2,275.0715,1040,1,3,2,132,Others,Budget,Email
CUST106977,2025-04-18 03:21:00,1,199.05226000000002,257,3,2,2,322,Others,Mainstream,Paid Search
CUST106978,2025-05-23 00:16:00,1,189.0264,222,3,2,2,322,Others,Budget,Paid Search
CUST106980,2025-09-27 18:46:00,9,1745.74756,95,4,5,5,455,Champions,Mainstream,Social Media
CUST106981,2025-09-29 02:18:00,3,304.81872,93,4,4,2,442,Loyal Customers,Mainstream,Affiliate
CUST106983,2025-09-12 18:18:00,2,531.3537,110,4,3,3,433,Potential Loyalists,Premium,Direct
CUST106984,2025-11-28 19:39:00,4,433.38716999999997,33,5,4,3,543,Loyal Customers,Budget,Social Media
CUST106985,2024-08-09 03:30:00,2,322.74897,509,2,3,3,233,At Risk,Mainstream,Paid Search
CUST106986,2024-06-14 09:17:00,1,151.88067,565,2,2,2,222,Lost Customers,Budget,Referral
CUST106987,2024-12-02 07:26:00,3,1040.69029,394,2,4,5,245,Loyal Customers,Premium,Paid Search
CUST106989,2025-11-03 13:14:00,9,1920.80414,58,4,5,5,455,Champions,Budget,Organic Search
CUST106990,2023-08-27 12:01:00,1,556.6500000000001,857,1,2,4,124,Lost Customers,Budget,Affiliate
CUST106991,2025-02-21 17:40:00,3,714.71,313,3,4,4,344,Loyal Customers,Mainstream,Referral
CUST106992,2023-11-13 16:07:00,1,260.10465,779,1,2,2,122,Lost Customers,Budget,Paid Search
CUST106994,2025-11-26 00:16:00,3,753.47538,35,5,4,4,544,Champions,Budget,Referral
CUST106995,2025-09-10 12:25:00,4,709.5,112,4,4,4,444,Champions,Budget,Email
CUST106996,2025-12-14 23:40:00,9,829.58295,16,5,5,4,554,Champions,Mainstream,Paid Search
CUST106997,2024-05-31 16:27:00,4,596.7854,579,2,4,4,244,Loyal Customers,Mainstream,Organic Search
CUST106998,2025-03-26 23:20:00,1,468.23130000000003,279,3,2,3,323,Others,Budget,Organic Search
CUST106999,2025-08-08 08:50:00,1,172.2,145,4,2,2,422,Potential Loyalists,Mainstream,Email
